ISO-10303-21;
HEADER;
FILE_DESCRIPTION (( 'STEP AP203' ),
    '1' );
FILE_NAME ('prnt_63744.step',
    '2013-05-09T15:50:47',
    ( 'EO' ),
    ( 'EO' ),
    'SwSTEP 2.0',
    'SolidWorks 2011',
    '' );
FILE_SCHEMA (( 'CONFIG_CONTROL_DESIGN' ));
ENDSEC;

DATA;
#1 = CIRCLE ( 'NONE', #13, 9.000000000000001800 ) ;
#2 = VECTOR ( 'NONE', #109, 1000.000000000000000 ) ;
#3 = VECTOR ( 'NONE', #98, 1000.000000000000000 ) ;
#4 = VECTOR ( 'NONE', #1418, 999.9999999999998900 ) ;
#5 = VECTOR ( 'NONE', #1404, 1000.000000000000100 ) ;
#6 = AXIS2_PLACEMENT_3D ( 'NONE', #165, #164, #163 ) ;
#7 = CIRCLE ( 'NONE', #23, 7.476579299099265400 ) ;
#8 = AXIS2_PLACEMENT_3D ( 'NONE', #1451, #1444, #1443 ) ;
#9 = AXIS2_PLACEMENT_3D ( 'NONE', #156, #155, #154 ) ;
#10 = VECTOR ( 'NONE', #1413, 1000.000000000000000 ) ;
#11 = CONICAL_SURFACE ( 'NONE', #355, 5.000000000000000000, 0.7853981633974569400 ) ;
#12 = VECTOR ( 'NONE', #146, 1000.000000000000000 ) ;
#13 = AXIS2_PLACEMENT_3D ( 'NONE', #121, #120, #119 ) ;
#14 = VECTOR ( 'NONE', #113, 1000.000000000000000 ) ;
#15 = CIRCLE ( 'NONE', #9, 3.302905619136107700 ) ;
#16 = VECTOR ( 'NONE', #90, 1000.000000000000000 ) ;
#17 = CIRCLE ( 'NONE', #54, 7.750000000000001800 ) ;
#18 = VECTOR ( 'NONE', #1410, 1000.000000000000100 ) ;
#19 = AXIS2_PLACEMENT_3D ( 'NONE', #107, #106, #105 ) ;
#20 = AXIS2_PLACEMENT_3D ( 'NONE', #1452, #1457, #1449 ) ;
#21 = VECTOR ( 'NONE', #1365, 999.9999999999998900 ) ;
#22 = VECTOR ( 'NONE', #1421, 1000.000000000000100 ) ;
#23 = AXIS2_PLACEMENT_3D ( 'NONE', #161, #160, #159 ) ;
#24 = AXIS2_PLACEMENT_3D ( 'NONE', #101, #100, #99 ) ;
#25 = AXIS2_PLACEMENT_3D ( 'NONE', #169, #168, #167 ) ;
#26 = VECTOR ( 'NONE', #208, 1000.000000000000000 ) ;
#27 = AXIS2_PLACEMENT_3D ( 'NONE', #1435, #1429, #1428 ) ;
#28 = AXIS2_PLACEMENT_3D ( 'NONE', #215, #214, #213 ) ;
#29 = VECTOR ( 'NONE', #212, 1000.000000000000000 ) ;
#30 = VECTOR ( 'NONE', #1351, 1000.000000000000200 ) ;
#31 = VECTOR ( 'NONE', #1367, 1000.000000000000000 ) ;
#32 = CIRCLE ( 'NONE', #354, 7.750000000000001800 ) ;
#33 = CIRCLE ( 'NONE', #43, 1.219500000000000300 ) ;
#34 = CIRCLE ( 'NONE', #48, 4.800000000000032700 ) ;
#35 = CIRCLE ( 'NONE', #55, 7.750000000000001800 ) ;
#36 = AXIS2_PLACEMENT_3D ( 'NONE', #195, #193, #192 ) ;
#37 = AXIS2_PLACEMENT_3D ( 'NONE', #83, #82, #81 ) ;
#38 = VECTOR ( 'NONE', #1362, 1000.000000000000000 ) ;
#39 = VECTOR ( 'NONE', #1407, 1000.000000000000100 ) ;
#40 = VECTOR ( 'NONE', #1359, 1000.000000000000000 ) ;
#41 = CIRCLE ( 'NONE', #36, 9.000000000000001800 ) ;
#42 = VECTOR ( 'NONE', #149, 1000.000000000000000 ) ;
#43 = AXIS2_PLACEMENT_3D ( 'NONE', #1395, #1394, #1393 ) ;
#44 = VECTOR ( 'NONE', #1355, 1000.000000000000100 ) ;
#45 = CIRCLE ( 'NONE', #57, 9.699999999999999300 ) ;
#46 = CIRCLE ( 'NONE', #325, 6.500000000000002700 ) ;
#47 = CIRCLE ( 'NONE', #25, 8.050000000000011400 ) ;
#48 = AXIS2_PLACEMENT_3D ( 'NONE', #139, #138, #137 ) ;
#49 = AXIS2_PLACEMENT_3D ( 'NONE', #1458, #1455, #1454 ) ;
#50 = VECTOR ( 'NONE', #135, 1000.000000000000000 ) ;
#51 = AXIS2_PLACEMENT_3D ( 'NONE', #228, #227, #226 ) ;
#52 = AXIS2_PLACEMENT_3D ( 'NONE', #76, #68, #67 ) ;
#53 = CONICAL_SURFACE ( 'NONE', #352, 1.975000000000000100, 0.5235987755982866000 ) ;
#54 = AXIS2_PLACEMENT_3D ( 'NONE', #175, #174, #173 ) ;
#55 = AXIS2_PLACEMENT_3D ( 'NONE', #172, #171, #170 ) ;
#56 = VECTOR ( 'NONE', #104, 1000.000000000000000 ) ;
#57 = AXIS2_PLACEMENT_3D ( 'NONE', #220, #219, #218 ) ;
#58 = AXIS2_PLACEMENT_3D ( 'NONE', #1445, #1434, #1433 ) ;
#59 = CIRCLE ( 'NONE', #24, 1.974999999999999900 ) ;
#60 = VECTOR ( 'NONE', #182, 1000.000000000000000 ) ;
#61 = DIRECTION ( 'NONE',  ( 0.0000000000000000000, 0.0000000000000000000, -1.000000000000000000 ) ) ;
#62 = DIRECTION ( 'NONE',  ( 0.0000000000000000000, -1.000000000000000000, -0.0000000000000000000 ) ) ;
#63 = CARTESIAN_POINT ( 'NONE',  ( 94.16663237708343100, -7.048164903227592100, 13.24262941424606600 ) ) ;
#64 = PLANE ( 'NONE',  #314 ) ;
#65 = FACE_OUTER_BOUND ( 'NONE', #1612, .T. ) ;
#66 = CIRCLE ( 'NONE', #19, 3.014230484541319000 ) ;
#67 = DIRECTION ( 'NONE',  ( 0.0000000000000000000, 0.0000000000000000000, -1.000000000000000000 ) ) ;
#68 = DIRECTION ( 'NONE',  ( 1.000000000000000000, 0.0000000000000000000, 0.0000000000000000000 ) ) ;
#69 = CARTESIAN_POINT ( 'NONE',  ( 27.60589579493226300, 1.102182119232617900E-015, -9.000000000000001800 ) ) ;
#70 = CARTESIAN_POINT ( 'NONE',  ( 88.20399305170617800, -0.5000000000000000000, 6.659504250618444300 ) ) ;
#71 = PLANE ( 'NONE',  #52 ) ;
#72 = FACE_OUTER_BOUND ( 'NONE', #1610, .T. ) ;
#73 = DIRECTION ( 'NONE',  ( 0.0000000000000000000, 0.0000000000000000000, 1.000000000000000000 ) ) ;
#74 = CYLINDRICAL_SURFACE ( 'NONE', #262, 6.500000000000002700 ) ;
#75 = ORIENTED_EDGE ( 'NONE', *, *, #4355, .T. ) ;
#76 = CARTESIAN_POINT ( 'NONE',  ( 88.20399305170617800, -0.5000000000000000000, 6.659504250618444300 ) ) ;
#77 = CARTESIAN_POINT ( 'NONE',  ( 27.60589579493226300, 0.0000000000000000000, 0.0000000000000000000 ) ) ;
#78 = ORIENTED_EDGE ( 'NONE', *, *, #5476, .F. ) ;
#79 = FACE_OUTER_BOUND ( 'NONE', #4026, .T. ) ;
#80 = VECTOR ( 'NONE', #176, 1000.000000000000000 ) ;
#81 = DIRECTION ( 'NONE',  ( 0.0000000000000000000, 0.0000000000000000000, 1.000000000000000000 ) ) ;
#82 = DIRECTION ( 'NONE',  ( -1.000000000000000000, -0.0000000000000000000, -0.0000000000000000000 ) ) ;
#83 = CARTESIAN_POINT ( 'NONE',  ( 27.60589579493226300, 0.0000000000000000000, 0.0000000000000000000 ) ) ;
#84 = CYLINDRICAL_SURFACE ( 'NONE', #37, 4.700000000000002800 ) ;
#85 = DIRECTION ( 'NONE',  ( -0.0000000000000000000, -0.0000000000000000000, 1.000000000000000000 ) ) ;
#86 = CARTESIAN_POINT ( 'NONE',  ( 88.20399305170617800, 0.5000000000000000000, 6.659504250618447000 ) ) ;
#87 = DIRECTION ( 'NONE',  ( -1.000000000000000000, -0.0000000000000000000, -0.0000000000000000000 ) ) ;
#88 = LINE ( 'NONE', #86, #240 ) ;
#89 = ORIENTED_EDGE ( 'NONE', *, *, #5497, .F. ) ;
#90 = DIRECTION ( 'NONE',  ( 1.000000000000000000, 0.0000000000000000000, 0.0000000000000000000 ) ) ;
#91 = CARTESIAN_POINT ( 'NONE',  ( -10.65463392176689600, 0.5000000000000000000, -7.733854149129011400 ) ) ;
#92 = DIRECTION ( 'NONE',  ( 0.0000000000000000000, 0.0000000000000000000, -1.000000000000000000 ) ) ;
#93 = ORIENTED_EDGE ( 'NONE', *, *, #5508, .F. ) ;
#94 = CARTESIAN_POINT ( 'NONE',  ( 88.20399305170617800, -0.5000000000000000000, 6.659504250618444300 ) ) ;
#95 = FACE_OUTER_BOUND ( 'NONE', #1698, .T. ) ;
#96 = LINE ( 'NONE', #94, #190 ) ;
#97 = CIRCLE ( 'NONE', #51, 9.999999999999987600 ) ;
#98 = DIRECTION ( 'NONE',  ( 0.0000000000000000000, 0.0000000000000000000, 1.000000000000000000 ) ) ;
#99 = DIRECTION ( 'NONE',  ( 0.0000000000000000000, 0.0000000000000000000, 1.000000000000000000 ) ) ;
#100 = DIRECTION ( 'NONE',  ( -1.000000000000000000, -0.0000000000000000000, -0.0000000000000000000 ) ) ;
#101 = CARTESIAN_POINT ( 'NONE',  ( 86.36129646089580100, 0.0000000000000000000, 0.0000000000000000000 ) ) ;
#102 = LINE ( 'NONE', #108, #3 ) ;
#103 = LINE ( 'NONE', #91, #16 ) ;
#104 = DIRECTION ( 'NONE',  ( 0.0000000000000000000, 0.0000000000000000000, -1.000000000000000000 ) ) ;
#105 = DIRECTION ( 'NONE',  ( 0.0000000000000000000, 0.0000000000000000000, -1.000000000000000000 ) ) ;
#106 = DIRECTION ( 'NONE',  ( -1.000000000000000000, -0.0000000000000000000, -0.0000000000000000000 ) ) ;
#107 = CARTESIAN_POINT ( 'NONE',  ( 88.20399305170617800, 0.0000000000000000000, 0.0000000000000000000 ) ) ;
#108 = CARTESIAN_POINT ( 'NONE',  ( -0.2602784179578964700, -0.5000000000000000000, -9.613612288161103700 ) ) ;
#109 = DIRECTION ( 'NONE',  ( -0.0000000000000000000, -0.0000000000000000000, 1.000000000000000000 ) ) ;
#110 = CARTESIAN_POINT ( 'NONE',  ( 88.20399305170617800, 0.5000000000000000000, 6.659504250618447000 ) ) ;
#111 = LINE ( 'NONE', #133, #56 ) ;
#112 = LINE ( 'NONE', #110, #2 ) ;
#113 = DIRECTION ( 'NONE',  ( -0.0000000000000000000, -0.0000000000000000000, 1.000000000000000000 ) ) ;
#114 = CIRCLE ( 'NONE', #28, 4.700000000000002800 ) ;
#115 = CARTESIAN_POINT ( 'NONE',  ( 88.70399305170617800, 0.5000000000000000000, 6.659504250618447000 ) ) ;
#116 = LINE ( 'NONE', #115, #14 ) ;
#117 = CARTESIAN_POINT ( 'NONE',  ( 88.70399305170617800, -0.5000000000000000000, 4.773887304912036300 ) ) ;
#118 = CARTESIAN_POINT ( 'NONE',  ( 88.60400502585312700, -0.5000000000000000000, 4.874411005804048200 ) ) ;
#119 = DIRECTION ( 'NONE',  ( 0.0000000000000000000, 0.0000000000000000000, -1.000000000000000000 ) ) ;
#120 = DIRECTION ( 'NONE',  ( 1.000000000000000000, 0.0000000000000000000, 0.0000000000000000000 ) ) ;
#121 = CARTESIAN_POINT ( 'NONE',  ( -2.699999999999974900, 0.0000000000000000000, 0.0000000000000000000 ) ) ;
#122 = CARTESIAN_POINT ( 'NONE',  ( 88.67066558521521800, -0.5000000000000000000, 4.807397069374218300 ) ) ;
#123 = CARTESIAN_POINT ( 'NONE',  ( 88.63733620479169400, -0.5000000000000000000, 4.840904931430744200 ) ) ;
#124 = DIRECTION ( 'NONE',  ( 0.0000000000000000000, 0.0000000000000000000, -1.000000000000000000 ) ) ;
#125 = VECTOR ( 'NONE', #1353, 1000.000000000000000 ) ;
#126 = DIRECTION ( 'NONE',  ( -1.000000000000000000, -0.0000000000000000000, -0.0000000000000000000 ) ) ;
#127 = CARTESIAN_POINT ( 'NONE',  ( -0.2774828918387026200, 0.0000000000000000000, 0.0000000000000000000 ) ) ;
#128 = CIRCLE ( 'NONE', #6, 7.476579299099265400 ) ;
#129 = CARTESIAN_POINT ( 'NONE',  ( 88.60400502585304100, 0.5000000000000000000, 4.874411005804129900 ) ) ;
#130 = VECTOR ( 'NONE', #1424, 1000.000000000000100 ) ;
#131 = CARTESIAN_POINT ( 'NONE',  ( 88.63733620774871700, 0.5000000000000000000, 4.840904928458188600 ) ) ;
#132 = AXIS2_PLACEMENT_3D ( 'NONE', #180, #178, #177 ) ;
#133 = CARTESIAN_POINT ( 'NONE',  ( 88.20399305170617800, -0.5000000000000000000, 6.659504250618444300 ) ) ;
#134 = VECTOR ( 'NONE', #1415, 1000.000000000000100 ) ;
#135 = DIRECTION ( 'NONE',  ( 1.000000000000000000, 0.0000000000000000000, 0.0000000000000000000 ) ) ;
#136 = CARTESIAN_POINT ( 'NONE',  ( 88.70399305170617800, 0.5000000000000000000, 4.773887304912036300 ) ) ;
#137 = DIRECTION ( 'NONE',  ( 0.0000000000000000000, 0.0000000000000000000, 1.000000000000000000 ) ) ;
#138 = DIRECTION ( 'NONE',  ( 1.000000000000000000, 0.0000000000000000000, 0.0000000000000000000 ) ) ;
#139 = CARTESIAN_POINT ( 'NONE',  ( 88.70399305170617800, 0.0000000000000000000, 0.0000000000000000000 ) ) ;
#140 = VECTOR ( 'NONE', #1402, 1000.000000000000100 ) ;
#141 = CARTESIAN_POINT ( 'NONE',  ( 88.67066558823387400, 0.5000000000000000000, 4.807397066339043500 ) ) ;
#142 = CARTESIAN_POINT ( 'NONE',  ( 88.60400502585304100, 0.5000000000000000000, 4.874411005804129900 ) ) ;
#143 = CARTESIAN_POINT ( 'NONE',  ( 27.60589579493226300, -0.5000000000000000000, 4.673328578219171800 ) ) ;
#144 = CARTESIAN_POINT ( 'NONE',  ( 88.40401700000003900, 0.5000000000000000000, 4.673328578219171800 ) ) ;
#145 = LINE ( 'NONE', #143, #50 ) ;
#146 = DIRECTION ( 'NONE',  ( -0.0000000000000000000, -0.0000000000000000000, -1.000000000000000000 ) ) ;
#147 = CARTESIAN_POINT ( 'NONE',  ( -0.7602784179578964100, 0.5000000000000000000, -9.613612288161103700 ) ) ;
#148 = LINE ( 'NONE', #147, #12 ) ;
#149 = DIRECTION ( 'NONE',  ( -1.000000000000000000, -0.0000000000000000000, -0.0000000000000000000 ) ) ;
#150 = CARTESIAN_POINT ( 'NONE',  ( -10.65463392176689600, 0.5000000000000000000, 7.733854149129011400 ) ) ;
#151 = DIRECTION ( 'NONE',  ( -0.0000000000000000000, -0.0000000000000000000, -1.000000000000000000 ) ) ;
#152 = CARTESIAN_POINT ( 'NONE',  ( 88.47067184791455900, 0.5000000000000000000, 4.740363835842248200 ) ) ;
#153 = CLOSED_SHELL ( 'NONE', ( #4862, #4868, #4855, #4854, #4874, #4870, #4859, #4863, #4857, #4845, #4849, #4833, #4873, #4844, #4839, #4847, #4852, #4872, #4875, #4838, #4851, #4830, #4871, #4837, #4865, #4828, #4876, #4831, #4853, #4842, #4829, #4834, #4840, #4850, #4841, #4867, #4877, #4864, #4848, #4832, #4860, #4835, #4827, #4856, #4869, #4843, #4836, #4858, #4826, #4861, #4846, #4866, #5414, #4912, #5444, #5422, #5423, #5461, #5457, #5453, #5409, #5465, #5410, #5412, #5434, #5421, #5416, #5417, #5456, #5437, #5425, #5467, #5470, #5466, #5415, #5427, #5464, #5468, #5460, #5469, #5463, #5452, #5450, #5448, #5447, #5446, #5445, #5443, #5442, #5441, #5439, #5438, #5436, #5433, #5431, #5429, #5428, #5426, #5418, #5430, #5413, #5411, #5440, #5432, #4910, #5449, #5454, #4911, #5419, #5458, #5420, #5451, #3608, #3622, #3615, #3602, #2118, #4913, #4909, #4902, #3609, #2119, #3617, #3597, #3605, #2128, #2127, #2126, #2125, #2124, #2123, #2122, #2121, #2120, #3610, #4908, #4905, #4904, #4903, #4907, #4906, #3620, #3616, #3599, #3600, #3596, #2129, #3618, #3601, #3594, #1061, #2108, #2106, #1064, #1058, #1066, #2103, #1062, #2105, #1060, #1059, #1056, #1063, #2107, #2104, #1065, #1057, #2117, #2109, #2110, #2111, #2112, #2113, #2114, #2115, #2116 ) ) ;
#154 = DIRECTION ( 'NONE',  ( 0.0000000000000000000, 0.0000000000000000000, 1.000000000000000000 ) ) ;
#155 = DIRECTION ( 'NONE',  ( -1.000000000000000000, -0.0000000000000000000, -0.0000000000000000000 ) ) ;
#156 = CARTESIAN_POINT ( 'NONE',  ( 88.70399305170614900, 0.0000000000000000000, 0.0000000000000000000 ) ) ;
#157 = LINE ( 'NONE', #162, #339 ) ;
#158 = LINE ( 'NONE', #150, #42 ) ;
#159 = DIRECTION ( 'NONE',  ( 0.0000000000000000000, 0.0000000000000000000, 1.000000000000000000 ) ) ;
#160 = DIRECTION ( 'NONE',  ( -1.000000000000000000, -0.0000000000000000000, -0.0000000000000000000 ) ) ;
#161 = CARTESIAN_POINT ( 'NONE',  ( -0.2774828918387035000, 0.0000000000000000000, 0.0000000000000000000 ) ) ;
#162 = CARTESIAN_POINT ( 'NONE',  ( -0.2602784179578964700, 0.5000000000000000000, -9.613612288161103700 ) ) ;
#163 = DIRECTION ( 'NONE',  ( 0.0000000000000000000, 0.0000000000000000000, 1.000000000000000000 ) ) ;
#164 = DIRECTION ( 'NONE',  ( -1.000000000000000000, -0.0000000000000000000, -0.0000000000000000000 ) ) ;
#165 = CARTESIAN_POINT ( 'NONE',  ( -0.2774828918387035000, 0.0000000000000000000, 0.0000000000000000000 ) ) ;
#166 = CARTESIAN_POINT ( 'NONE',  ( 88.53733485005946600, 0.5000000000000000000, 4.807390998118707500 ) ) ;
#167 = DIRECTION ( 'NONE',  ( 0.0000000000000000000, 0.0000000000000000000, -1.000000000000000000 ) ) ;
#168 = DIRECTION ( 'NONE',  ( 1.000000000000000000, 0.0000000000000000000, 0.0000000000000000000 ) ) ;
#169 = CARTESIAN_POINT ( 'NONE',  ( -2.999999999999985800, 0.0000000000000000000, 0.0000000000000000000 ) ) ;
#170 = DIRECTION ( 'NONE',  ( 0.0000000000000000000, 0.0000000000000000000, -1.000000000000000000 ) ) ;
#171 = DIRECTION ( 'NONE',  ( -1.000000000000000000, 0.0000000000000000000, 0.0000000000000000000 ) ) ;
#172 = CARTESIAN_POINT ( 'NONE',  ( -2.699999999999976600, 0.0000000000000000000, 0.0000000000000000000 ) ) ;
#173 = DIRECTION ( 'NONE',  ( 0.0000000000000000000, -3.108624468950438300E-014, -1.000000000000000000 ) ) ;
#174 = DIRECTION ( 'NONE',  ( -1.000000000000000000, -0.0000000000000000000, -0.0000000000000000000 ) ) ;
#175 = CARTESIAN_POINT ( 'NONE',  ( -0.2774828918387026200, 0.0000000000000000000, 0.0000000000000000000 ) ) ;
#176 = DIRECTION ( 'NONE',  ( 0.0000000000000000000, 0.0000000000000000000, 1.000000000000000000 ) ) ;
#177 = DIRECTION ( 'NONE',  ( 0.0000000000000000000, 0.0000000000000000000, 1.000000000000000000 ) ) ;
#178 = DIRECTION ( 'NONE',  ( 1.000000000000000000, -0.0000000000000000000, -0.0000000000000000000 ) ) ;
#179 = VECTOR ( 'NONE', #1399, 1000.000000000000000 ) ;
#180 = CARTESIAN_POINT ( 'NONE',  ( -0.2602784179578964700, 0.0000000000000000000, 0.0000000000000000000 ) ) ;
#181 = LINE ( 'NONE', #200, #80 ) ;
#182 = DIRECTION ( 'NONE',  ( -0.0000000000000000000, -0.0000000000000000000, 1.000000000000000000 ) ) ;
#183 = DIRECTION ( 'NONE',  ( 0.0000000000000000000, 0.0000000000000000000, 1.000000000000000000 ) ) ;
#184 = ORIENTED_EDGE ( 'NONE', *, *, #4343, .F. ) ;
#185 = DIRECTION ( 'NONE',  ( -1.000000000000000000, -0.0000000000000000000, -0.0000000000000000000 ) ) ;
#186 = ORIENTED_EDGE ( 'NONE', *, *, #5511, .F. ) ;
#187 = ORIENTED_EDGE ( 'NONE', *, *, #5495, .F. ) ;
#188 = ORIENTED_EDGE ( 'NONE', *, *, #5502, .T. ) ;
#189 = CARTESIAN_POINT ( 'NONE',  ( 88.70401700000005000, 0.0000000000000000000, 0.0000000000000000000 ) ) ;
#191 = LINE ( 'NONE', #198, #60 ) ;
#190 = VECTOR ( 'NONE', #92, 1000.000000000000000 ) ;
#192 = DIRECTION ( 'NONE',  ( 0.0000000000000000000, 0.0000000000000000000, 1.000000000000000000 ) ) ;
#193 = DIRECTION ( 'NONE',  ( -1.000000000000000000, -0.0000000000000000000, -0.0000000000000000000 ) ) ;
#194 = ORIENTED_EDGE ( 'NONE', *, *, #5494, .F. ) ;
#195 = CARTESIAN_POINT ( 'NONE',  ( 15.87817699999999400, 0.0000000000000000000, 0.0000000000000000000 ) ) ;
#196 = VECTOR ( 'NONE', #1348, 1000.000000000000000 ) ;
#197 = ORIENTED_EDGE ( 'NONE', *, *, #5529, .F. ) ;
#198 = CARTESIAN_POINT ( 'NONE',  ( 88.70399305170617800, 0.5000000000000000000, 6.659504250618447000 ) ) ;
#199 = DIRECTION ( 'NONE',  ( 1.000000000000000000, 0.0000000000000000000, 0.0000000000000000000 ) ) ;
#200 = CARTESIAN_POINT ( 'NONE',  ( -0.2774828918387035000, 0.4999999999999995600, 0.0000000000000000000 ) ) ;
#201 = CARTESIAN_POINT ( 'NONE',  ( 27.60589579493226300, 0.5000000000000000000, -4.673328578219171800 ) ) ;
#202 = CARTESIAN_POINT ( 'NONE',  ( 88.40401700000003900, 0.5000000000000000000, -4.673328578219171800 ) ) ;
#203 = CARTESIAN_POINT ( 'NONE',  ( 88.60400502585312700, 0.5000000000000000000, -4.874411005804048200 ) ) ;
#204 = CARTESIAN_POINT ( 'NONE',  ( 88.53733484466933100, 0.5000000000000000000, -4.807390992700293400 ) ) ;
#205 = LINE ( 'NONE', #201, #353 ) ;
#206 = CARTESIAN_POINT ( 'NONE',  ( 88.60400502585304100, -0.5000000000000000000, -4.874411005804129900 ) ) ;
#207 = CARTESIAN_POINT ( 'NONE',  ( 88.70399305170617800, -0.5000000000000000000, -4.773887304912036300 ) ) ;
#208 = DIRECTION ( 'NONE',  ( -0.0000000000000000000, -0.0000000000000000000, -1.000000000000000000 ) ) ;
#209 = CARTESIAN_POINT ( 'NONE',  ( -0.2602784179578964700, 0.5000000000000000000, -9.613612288161103700 ) ) ;
#210 = CARTESIAN_POINT ( 'NONE',  ( 88.67066558823387400, -0.5000000000000000000, -4.807397066339043500 ) ) ;
#211 = LINE ( 'NONE', #209, #26 ) ;
#212 = DIRECTION ( 'NONE',  ( 1.000000000000000000, 0.0000000000000000000, 0.0000000000000000000 ) ) ;
#213 = DIRECTION ( 'NONE',  ( 0.0000000000000000000, 0.0000000000000000000, 1.000000000000000000 ) ) ;
#214 = DIRECTION ( 'NONE',  ( 1.000000000000000000, -0.0000000000000000000, -0.0000000000000000000 ) ) ;
#215 = CARTESIAN_POINT ( 'NONE',  ( 88.40401700000003900, 0.0000000000000000000, 0.0000000000000000000 ) ) ;
#216 = LINE ( 'NONE', #223, #29 ) ;
#217 = CARTESIAN_POINT ( 'NONE',  ( 88.47067183156845300, 0.5000000000000000000, -4.740363819402851700 ) ) ;
#218 = DIRECTION ( 'NONE',  ( 0.0000000000000000000, 0.0000000000000000000, 1.000000000000000000 ) ) ;
#219 = DIRECTION ( 'NONE',  ( -1.000000000000000000, -0.0000000000000000000, -0.0000000000000000000 ) ) ;
#220 = CARTESIAN_POINT ( 'NONE',  ( 92.41056700000004300, 0.0000000000000000000, 0.0000000000000000000 ) ) ;
#221 = ORIENTED_EDGE ( 'NONE', *, *, #5503, .F. ) ;
#222 = ORIENTED_EDGE ( 'NONE', *, *, #5489, .T. ) ;
#223 = CARTESIAN_POINT ( 'NONE',  ( 0.6963980372276983300, 0.5000000000000000000, -7.459841688381843000 ) ) ;
#224 = DIRECTION ( 'NONE',  ( 0.0000000000000000000, 0.0000000000000000000, 1.000000000000000000 ) ) ;
#225 = CARTESIAN_POINT ( 'NONE',  ( 88.63733620774871700, -0.5000000000000000000, -4.840904928458188600 ) ) ;
#226 = DIRECTION ( 'NONE',  ( 0.0000000000000000000, 0.0000000000000000000, 1.000000000000000000 ) ) ;
#227 = DIRECTION ( 'NONE',  ( -1.000000000000000000, -0.0000000000000000000, -0.0000000000000000000 ) ) ;
#228 = CARTESIAN_POINT ( 'NONE',  ( 101.0000720000000300, 0.0000000000000000000, 0.0000000000000000000 ) ) ;
#229 = ORIENTED_EDGE ( 'NONE', *, *, #4324, .F. ) ;
#230 = ORIENTED_EDGE ( 'NONE', *, *, #2419, .F. ) ;
#231 = ORIENTED_EDGE ( 'NONE', *, *, #4326, .F. ) ;
#232 = ORIENTED_EDGE ( 'NONE', *, *, #5481, .F. ) ;
#233 = ORIENTED_EDGE ( 'NONE', *, *, #5498, .F. ) ;
#234 = ORIENTED_EDGE ( 'NONE', *, *, #5480, .F. ) ;
#235 = ORIENTED_EDGE ( 'NONE', *, *, #4797, .F. ) ;
#236 = ORIENTED_EDGE ( 'NONE', *, *, #2418, .F. ) ;
#237 = ORIENTED_EDGE ( 'NONE', *, *, #5478, .F. ) ;
#238 = ORIENTED_EDGE ( 'NONE', *, *, #5478, .T. ) ;
#239 = ORIENTED_EDGE ( 'NONE', *, *, #5483, .T. ) ;
#240 = VECTOR ( 'NONE', #85, 1000.000000000000000 ) ;
#241 = ORIENTED_EDGE ( 'NONE', *, *, #4320, .F. ) ;
#242 = ORIENTED_EDGE ( 'NONE', *, *, #5472, .F. ) ;
#243 = ORIENTED_EDGE ( 'NONE', *, *, #4340, .F. ) ;
#244 = ORIENTED_EDGE ( 'NONE', *, *, #5473, .F. ) ;
#245 = ORIENTED_EDGE ( 'NONE', *, *, #4791, .F. ) ;
#246 = ORIENTED_EDGE ( 'NONE', *, *, #5488, .F. ) ;
#247 = ORIENTED_EDGE ( 'NONE', *, *, #5525, .F. ) ;
#248 = ORIENTED_EDGE ( 'NONE', *, *, #5475, .F. ) ;
#249 = ORIENTED_EDGE ( 'NONE', *, *, #2422, .F. ) ;
#250 = ORIENTED_EDGE ( 'NONE', *, *, #2420, .F. ) ;
#251 = ORIENTED_EDGE ( 'NONE', *, *, #2421, .F. ) ;
#252 = ORIENTED_EDGE ( 'NONE', *, *, #5482, .F. ) ;
#253 = ORIENTED_EDGE ( 'NONE', *, *, #5483, .F. ) ;
#254 = ORIENTED_EDGE ( 'NONE', *, *, #5484, .F. ) ;
#255 = ORIENTED_EDGE ( 'NONE', *, *, #5487, .F. ) ;
#256 = ORIENTED_EDGE ( 'NONE', *, *, #4342, .F. ) ;
#257 = ORIENTED_EDGE ( 'NONE', *, *, #5489, .F. ) ;
#258 = ORIENTED_EDGE ( 'NONE', *, *, #5485, .F. ) ;
#259 = ORIENTED_EDGE ( 'NONE', *, *, #5486, .F. ) ;
#260 = ORIENTED_EDGE ( 'NONE', *, *, #5486, .T. ) ;
#261 = ORIENTED_EDGE ( 'NONE', *, *, #2418, .T. ) ;
#262 = AXIS2_PLACEMENT_3D ( 'NONE', #77, #87, #73 ) ;
#263 = ORIENTED_EDGE ( 'NONE', *, *, #2432, .F. ) ;
#264 = ORIENTED_EDGE ( 'NONE', *, *, #2430, .F. ) ;
#265 = ORIENTED_EDGE ( 'NONE', *, *, #5527, .T. ) ;
#266 = ORIENTED_EDGE ( 'NONE', *, *, #5517, .T. ) ;
#267 = ORIENTED_EDGE ( 'NONE', *, *, #4790, .F. ) ;
#268 = ORIENTED_EDGE ( 'NONE', *, *, #2431, .F. ) ;
#269 = ORIENTED_EDGE ( 'NONE', *, *, #4782, .T. ) ;
#270 = ORIENTED_EDGE ( 'NONE', *, *, #5539, .T. ) ;
#271 = ORIENTED_EDGE ( 'NONE', *, *, #2424, .F. ) ;
#272 = ORIENTED_EDGE ( 'NONE', *, *, #4313, .F. ) ;
#273 = ORIENTED_EDGE ( 'NONE', *, *, #4819, .T. ) ;
#274 = ORIENTED_EDGE ( 'NONE', *, *, #5537, .T. ) ;
#275 = ORIENTED_EDGE ( 'NONE', *, *, #4345, .F. ) ;
#276 = ORIENTED_EDGE ( 'NONE', *, *, #2427, .F. ) ;
#277 = ORIENTED_EDGE ( 'NONE', *, *, #2426, .F. ) ;
#278 = ORIENTED_EDGE ( 'NONE', *, *, #4346, .T. ) ;
#279 = ORIENTED_EDGE ( 'NONE', *, *, #5501, .F. ) ;
#280 = ORIENTED_EDGE ( 'NONE', *, *, #4338, .F. ) ;
#281 = ORIENTED_EDGE ( 'NONE', *, *, #2429, .F. ) ;
#282 = ORIENTED_EDGE ( 'NONE', *, *, #2428, .T. ) ;
#283 = ORIENTED_EDGE ( 'NONE', *, *, #5522, .T. ) ;
#284 = ORIENTED_EDGE ( 'NONE', *, *, #5507, .F. ) ;
#285 = ORIENTED_EDGE ( 'NONE', *, *, #5533, .T. ) ;
#286 = ORIENTED_EDGE ( 'NONE', *, *, #4808, .T. ) ;
#287 = ORIENTED_EDGE ( 'NONE', *, *, #5497, .T. ) ;
#288 = ORIENTED_EDGE ( 'NONE', *, *, #5509, .F. ) ;
#289 = ORIENTED_EDGE ( 'NONE', *, *, #2427, .T. ) ;
#290 = ORIENTED_EDGE ( 'NONE', *, *, #4795, .T. ) ;
#291 = ORIENTED_EDGE ( 'NONE', *, *, #5492, .F. ) ;
#292 = ORIENTED_EDGE ( 'NONE', *, *, #5494, .T. ) ;
#293 = ORIENTED_EDGE ( 'NONE', *, *, #4784, .T. ) ;
#294 = ORIENTED_EDGE ( 'NONE', *, *, #5472, .T. ) ;
#295 = ORIENTED_EDGE ( 'NONE', *, *, #4350, .T. ) ;
#296 = ORIENTED_EDGE ( 'NONE', *, *, #5475, .T. ) ;
#297 = ORIENTED_EDGE ( 'NONE', *, *, #5512, .F. ) ;
#298 = ORIENTED_EDGE ( 'NONE', *, *, #5490, .F. ) ;
#299 = ORIENTED_EDGE ( 'NONE', *, *, #5481, .T. ) ;
#300 = ORIENTED_EDGE ( 'NONE', *, *, #5491, .T. ) ;
#301 = ORIENTED_EDGE ( 'NONE', *, *, #5499, .F. ) ;
#302 = ORIENTED_EDGE ( 'NONE', *, *, #5500, .T. ) ;
#303 = ORIENTED_EDGE ( 'NONE', *, *, #5502, .F. ) ;
#304 = ORIENTED_EDGE ( 'NONE', *, *, #5500, .F. ) ;
#305 = ORIENTED_EDGE ( 'NONE', *, *, #5520, .T. ) ;
#306 = ORIENTED_EDGE ( 'NONE', *, *, #4339, .F. ) ;
#307 = ORIENTED_EDGE ( 'NONE', *, *, #5522, .F. ) ;
#308 = ORIENTED_EDGE ( 'NONE', *, *, #5521, .F. ) ;
#309 = ORIENTED_EDGE ( 'NONE', *, *, #5524, .F. ) ;
#310 = ORIENTED_EDGE ( 'NONE', *, *, #5523, .F. ) ;
#311 = ORIENTED_EDGE ( 'NONE', *, *, #5477, .F. ) ;
#312 = ORIENTED_EDGE ( 'NONE', *, *, #5514, .F. ) ;
#313 = ORIENTED_EDGE ( 'NONE', *, *, #5520, .F. ) ;
#314 = AXIS2_PLACEMENT_3D ( 'NONE', #70, #62, #61 ) ;
#315 = ORIENTED_EDGE ( 'NONE', *, *, #5515, .F. ) ;
#316 = ORIENTED_EDGE ( 'NONE', *, *, #5504, .T. ) ;
#317 = ORIENTED_EDGE ( 'NONE', *, *, #4348, .T. ) ;
#318 = ORIENTED_EDGE ( 'NONE', *, *, #5512, .T. ) ;
#319 = ORIENTED_EDGE ( 'NONE', *, *, #5516, .F. ) ;
#320 = ORIENTED_EDGE ( 'NONE', *, *, #5517, .F. ) ;
#321 = ORIENTED_EDGE ( 'NONE', *, *, #5518, .F. ) ;
#322 = ORIENTED_EDGE ( 'NONE', *, *, #5524, .T. ) ;
#323 = ORIENTED_EDGE ( 'NONE', *, *, #5519, .F. ) ;
#324 = ORIENTED_EDGE ( 'NONE', *, *, #5491, .F. ) ;
#325 = AXIS2_PLACEMENT_3D ( 'NONE', #189, #185, #183 ) ;
#326 = ORIENTED_EDGE ( 'NONE', *, *, #5513, .F. ) ;
#327 = CIRCLE ( 'NONE', #132, 7.476579299099265400 ) ;
#328 = ORIENTED_EDGE ( 'NONE', *, *, #5526, .F. ) ;
#329 = ORIENTED_EDGE ( 'NONE', *, *, #5530, .F. ) ;
#330 = ORIENTED_EDGE ( 'NONE', *, *, #5535, .T. ) ;
#331 = ORIENTED_EDGE ( 'NONE', *, *, #5532, .F. ) ;
#332 = ORIENTED_EDGE ( 'NONE', *, *, #5531, .T. ) ;
#333 = ORIENTED_EDGE ( 'NONE', *, *, #5534, .F. ) ;
#334 = ORIENTED_EDGE ( 'NONE', *, *, #5533, .F. ) ;
#335 = ORIENTED_EDGE ( 'NONE', *, *, #5536, .F. ) ;
#336 = ORIENTED_EDGE ( 'NONE', *, *, #5535, .F. ) ;
#337 = ORIENTED_EDGE ( 'NONE', *, *, #5538, .F. ) ;
#338 = ORIENTED_EDGE ( 'NONE', *, *, #4334, .F. ) ;
#340 = ORIENTED_EDGE ( 'NONE', *, *, #5542, .F. ) ;
#339 = VECTOR ( 'NONE', #151, 1000.000000000000000 ) ;
#341 = ORIENTED_EDGE ( 'NONE', *, *, #5540, .F. ) ;
#342 = ORIENTED_EDGE ( 'NONE', *, *, #5539, .F. ) ;
#343 = ORIENTED_EDGE ( 'NONE', *, *, #5541, .F. ) ;
#344 = ORIENTED_EDGE ( 'NONE', *, *, #4777, .T. ) ;
#345 = ORIENTED_EDGE ( 'NONE', *, *, #5543, .F. ) ;
#346 = ORIENTED_EDGE ( 'NONE', *, *, #5542, .T. ) ;
#347 = ORIENTED_EDGE ( 'NONE', *, *, #4776, .F. ) ;
#348 = ORIENTED_EDGE ( 'NONE', *, *, #4775, .F. ) ;
#349 = ORIENTED_EDGE ( 'NONE', *, *, #4349, .F. ) ;
#350 = ORIENTED_EDGE ( 'NONE', *, *, #4779, .F. ) ;
#351 = ORIENTED_EDGE ( 'NONE', *, *, #4777, .F. ) ;
#352 = AXIS2_PLACEMENT_3D ( 'NONE', #1440, #1441, #1446 ) ;
#353 = VECTOR ( 'NONE', #199, 1000.000000000000000 ) ;
#354 = AXIS2_PLACEMENT_3D ( 'NONE', #127, #126, #124 ) ;
#355 = AXIS2_PLACEMENT_3D ( 'NONE', #1461, #1462, #1460 ) ;
#356 = VECTOR ( 'NONE', #224, 1000.000000000000000 ) ;
#357 = VECTOR ( 'NONE', #1345, 1000.000000000000000 ) ;
#358 = LINE ( 'NONE', #389, #827 ) ;
#359 = DIRECTION ( 'NONE',  ( -0.7071067811865536800, 0.0000000000000000000, 0.7071067811865414700 ) ) ;
#360 = CARTESIAN_POINT ( 'NONE',  ( 42.57817699999996800, 1.540743955509788700E-030, 9.000000000000007100 ) ) ;
#361 = DIRECTION ( 'NONE',  ( 0.0000000000000000000, -1.224646799147353200E-016, 1.000000000000000000 ) ) ;
#362 = LINE ( 'NONE', #370, #746 ) ;
#363 = CARTESIAN_POINT ( 'NONE',  ( 94.25009692945548100, -7.276991618692209200, 13.11913740458412800 ) ) ;
#364 = DIRECTION ( 'NONE',  ( -1.000000000000000000, -0.0000000000000000000, -0.0000000000000000000 ) ) ;
#365 = LINE ( 'NONE', #2318, #702 ) ;
#366 = DIRECTION ( 'NONE',  ( 0.0000000000000000000, 0.0000000000000000000, -1.000000000000000000 ) ) ;
#367 = DIRECTION ( 'NONE',  ( -0.0000000000000000000, 1.000000000000000000, 1.224646799147353200E-016 ) ) ;
#368 = DIRECTION ( 'NONE',  ( 0.0000000000000000000, 0.0000000000000000000, 1.000000000000000000 ) ) ;
#369 = CARTESIAN_POINT ( 'NONE',  ( 15.87817699999999400, 1.540743955509788700E-030, 0.0000000000000000000 ) ) ;
#370 = CARTESIAN_POINT ( 'NONE',  ( 15.87817699999999400, 1.540743955509788700E-030, -8.700000000000013500 ) ) ;
#371 = DIRECTION ( 'NONE',  ( 0.7071067811865822100, 8.659560562354507600E-017, 0.7071067811865128200 ) ) ;
#372 = LINE ( 'NONE', #378, #764 ) ;
#373 = CARTESIAN_POINT ( 'NONE',  ( -70.66685078617111100, 1.540743955509788700E-030, 9.000000000000007100 ) ) ;
#374 = DIRECTION ( 'NONE',  ( 1.000000000000000000, 0.0000000000000000000, 0.0000000000000000000 ) ) ;
#375 = DIRECTION ( 'NONE',  ( -0.7071067811865536800, 8.659560562354860100E-017, -0.7071067811865414700 ) ) ;
#376 = LINE ( 'NONE', #390, #745 ) ;
#377 = DIRECTION ( 'NONE',  ( 1.000000000000000000, 0.0000000000000000000, 0.0000000000000000000 ) ) ;
#378 = CARTESIAN_POINT ( 'NONE',  ( 42.57817699999996800, 1.102182119232620300E-015, -9.000000000000007100 ) ) ;
#379 = CARTESIAN_POINT ( 'NONE',  ( 42.57817699999996800, 1.540743955509788700E-030, 0.0000000000000000000 ) ) ;
#380 = DIRECTION ( 'NONE',  ( -1.000000000000000000, -0.0000000000000000000, -0.0000000000000000000 ) ) ;
#381 = DIRECTION ( 'NONE',  ( 0.0000000000000000000, 0.0000000000000000000, -1.000000000000000000 ) ) ;
#382 = DIRECTION ( 'NONE',  ( 0.7071067811865822100, 0.0000000000000000000, -0.7071067811865128200 ) ) ;
#383 = LINE ( 'NONE', #360, #790 ) ;
#384 = CARTESIAN_POINT ( 'NONE',  ( 31.65551498271948500, -1.380648743666006500E-018, -5.035115387763908000E-006 ) ) ;
#385 = DIRECTION ( 'NONE',  ( 0.0000000000000000000, -1.000000000000000000, 0.0000000000000000000 ) ) ;
#386 = DIRECTION ( 'NONE',  ( -1.000000000000000000, -0.0000000000000000000, -0.0000000000000000000 ) ) ;
#387 = DIRECTION ( 'NONE',  ( 0.0000000000000000000, 0.0000000000000000000, -1.000000000000000000 ) ) ;
#388 = CARTESIAN_POINT ( 'NONE',  ( 16.17817700000001600, 1.540743955509788700E-030, 0.0000000000000000000 ) ) ;
#389 = CARTESIAN_POINT ( 'NONE',  ( -70.66685078617111100, 1.102182119232620300E-015, -9.000000000000007100 ) ) ;
#390 = CARTESIAN_POINT ( 'NONE',  ( 15.87817699999999400, 1.065442715258200400E-015, 8.700000000000013500 ) ) ;
#391 = DIRECTION ( 'NONE',  ( 0.0000000000000000000, 0.0000000000000000000, 1.000000000000000000 ) ) ;
#392 = CARTESIAN_POINT ( 'NONE',  ( 42.87817699999998700, 1.540743955509788700E-030, 0.0000000000000000000 ) ) ;
#393 = DIRECTION ( 'NONE',  ( -1.000000000000000000, -0.0000000000000000000, -0.0000000000000000000 ) ) ;
#394 = EDGE_CURVE ( 'NONE', #3825, #3828, #97, .T. ) ;
#395 = EDGE_CURVE ( 'NONE', #3697, #3705, #1734, .T. ) ;
#396 = EDGE_CURVE ( 'NONE', #5205, #3821, #45, .T. ) ;
#397 = EDGE_CURVE ( 'NONE', #5245, #3682, #114, .T. ) ;
#398 = EDGE_CURVE ( 'NONE', #3705, #3696, #216, .T. ) ;
#399 = EDGE_CURVE ( 'NONE', #3704, #3696, #211, .T. ) ;
#400 = EDGE_CURVE ( 'NONE', #3702, #4988, #544, .T. ) ;
#401 = EDGE_CURVE ( 'NONE', #3683, #3682, #546, .T. ) ;
#402 = EDGE_CURVE ( 'NONE', #3701, #3682, #205, .T. ) ;
#403 = EDGE_CURVE ( 'NONE', #5128, #3820, #41, .T. ) ;
#404 = EDGE_CURVE ( 'NONE', #3822, #3818, #46, .T. ) ;
#405 = EDGE_CURVE ( 'NONE', #3685, #3684, #191, .T. ) ;
#406 = EDGE_CURVE ( 'NONE', #5226, #3692, #327, .T. ) ;
#407 = EDGE_CURVE ( 'NONE', #5125, #3698, #181, .T. ) ;
#408 = EDGE_CURVE ( 'NONE', #3697, #5198, #17, .T. ) ;
#409 = EDGE_CURVE ( 'NONE', #5127, #5184, #35, .T. ) ;
#410 = EDGE_CURVE ( 'NONE', #5186, #5138, #47, .T. ) ;
#411 = EDGE_CURVE ( 'NONE', #3705, #3703, #128, .T. ) ;
#412 = EDGE_CURVE ( 'NONE', #3700, #5182, #7, .T. ) ;
#413 = EDGE_CURVE ( 'NONE', #3688, #3684, #15, .T. ) ;
#414 = EDGE_CURVE ( 'NONE', #5129, #3707, #157, .T. ) ;
#415 = EDGE_CURVE ( 'NONE', #3698, #3694, #158, .T. ) ;
#416 = EDGE_CURVE ( 'NONE', #3694, #3708, #148, .T. ) ;
#417 = EDGE_CURVE ( 'NONE', #4989, #3687, #543, .T. ) ;
#418 = EDGE_CURVE ( 'NONE', #3685, #3686, #34, .T. ) ;
#419 = EDGE_CURVE ( 'NONE', #3695, #3817, #145, .T. ) ;
#420 = EDGE_CURVE ( 'NONE', #3686, #3687, #539, .T. ) ;
#421 = EDGE_CURVE ( 'NONE', #5126, #3698, #32, .T. ) ;
#422 = EDGE_CURVE ( 'NONE', #5137, #5204, #1, .T. ) ;
#423 = EDGE_CURVE ( 'NONE', #3824, #3689, #549, .T. ) ;
#424 = EDGE_CURVE ( 'NONE', #3688, #3686, #116, .T. ) ;
#425 = EDGE_CURVE ( 'NONE', #3693, #5196, #112, .T. ) ;
#426 = EDGE_CURVE ( 'NONE', #5132, #3693, #66, .T. ) ;
#427 = EDGE_CURVE ( 'NONE', #3695, #5193, #111, .T. ) ;
#428 = EDGE_CURVE ( 'NONE', #5131, #5136, #59, .T. ) ;
#429 = EDGE_CURVE ( 'NONE', #5140, #3692, #102, .T. ) ;
#430 = EDGE_CURVE ( 'NONE', #5232, #3691, #96, .T. ) ;
#431 = EDGE_CURVE ( 'NONE', #3699, #3697, #103, .T. ) ;
#432 = EDGE_CURVE ( 'NONE', #3701, #3690, #88, .T. ) ;
#433 = CARTESIAN_POINT ( 'NONE',  ( 89.50007200000004600, -14.01614931439249600, 5.342991521297292900 ) ) ;
#434 = CARTESIAN_POINT ( 'NONE',  ( 97.00007200000004600, -10.25304832720485700, 10.25304832720503300 ) ) ;
#435 = CARTESIAN_POINT ( 'NONE',  ( 97.00007200000004600, 10.25304832720492600, -10.25304832720495800 ) ) ;
#436 = CARTESIAN_POINT ( 'NONE',  ( 96.50007200000004600, -14.01614931439256900, -5.342991521297097500 ) ) ;
#437 = CARTESIAN_POINT ( 'NONE',  ( 97.00007200000004600, -14.00592448119152100, -3.752876153986463700 ) ) ;
#438 = CARTESIAN_POINT ( 'NONE',  ( 97.00007200000004600, 3.752876153986512100, -14.00592448119150600 ) ) ;
#439 = CARTESIAN_POINT ( 'NONE',  ( 89.00007200000004600, -14.00592448119151400, -3.752876153986462300 ) ) ;
#440 = CARTESIAN_POINT ( 'NONE',  ( 89.50007200000004600, -14.80983713014838800, -2.380908267547945800 ) ) ;
#441 = CARTESIAN_POINT ( 'NONE',  ( 96.50007200000004600, -11.63524104684454700, -9.466845608851125200 ) ) ;
#442 = CARTESIAN_POINT ( 'NONE',  ( 91.98295126624967100, -8.120460106063017500, -12.61182491417633900 ) ) ;
#443 = CARTESIAN_POINT ( 'NONE',  ( 96.50007200000004600, -9.466845608851247800, -11.63524104684444700 ) ) ;
#444 = CARTESIAN_POINT ( 'NONE',  ( 96.50007200000004600, 14.01614931439253400, -5.342991521297195200 ) ) ;
#445 = CARTESIAN_POINT ( 'NONE',  ( 89.50007200000004600, 9.466845608851167900, -11.63524104684451100 ) ) ;
#446 = CARTESIAN_POINT ( 'NONE',  ( 89.00007200000004600, 3.752876153986511600, -14.00592448119150300 ) ) ;
#447 = CARTESIAN_POINT ( 'NONE',  ( 96.50007200000004600, 9.466845608851167900, -11.63524104684451300 ) ) ;
#448 = CARTESIAN_POINT ( 'NONE',  ( 89.50007200000004600, -11.63524104684454700, -9.466845608851125200 ) ) ;
#449 = CARTESIAN_POINT ( 'NONE',  ( 96.50007200000004600, 11.63524104684448300, -9.466845608851205200 ) ) ;
#450 = CARTESIAN_POINT ( 'NONE',  ( 97.00007200000007400, 14.00592448119146200, -3.752876153986548900 ) ) ;
#451 = CARTESIAN_POINT ( 'NONE',  ( 97.00007200000007400, 14.00592448119146000, 3.752876153986555600 ) ) ;
#452 = CARTESIAN_POINT ( 'NONE',  ( 91.98295126624970000, 14.98239081678971700, 0.7266122851804475100 ) ) ;
#453 = CARTESIAN_POINT ( 'NONE',  ( 96.50007200000004600, 14.80983713014837000, -2.380908267548048000 ) ) ;
#454 = CARTESIAN_POINT ( 'NONE',  ( 92.95929148161205500, -7.811471545823072100, 11.79973618290585900 ) ) ;
#455 = CARTESIAN_POINT ( 'NONE',  ( 89.50007200000004600, 14.01614931439253400, -5.342991521297196100 ) ) ;
#456 = CARTESIAN_POINT ( 'NONE',  ( 92.23051372761408100, -7.843998617804874800, 12.79177336217608000 ) ) ;
#457 = CARTESIAN_POINT ( 'NONE',  ( 92.27129424600207100, -6.666499055411906100, 12.48241371055989100 ) ) ;
#458 = CARTESIAN_POINT ( 'NONE',  ( 89.50007200000004600, 14.80983713014837200, 2.380908267548048900 ) ) ;
#459 = CARTESIAN_POINT ( 'NONE',  ( 92.23051372761408100, -7.416747051617210000, 12.05175194192565300 ) ) ;
#460 = CARTESIAN_POINT ( 'NONE',  ( 89.50007200000004600, 14.80983713014837200, -2.380908267548047500 ) ) ;
#461 = CARTESIAN_POINT ( 'NONE',  ( 89.50007200000004600, 11.63524104684448100, -9.466845608851205200 ) ) ;
#462 = CARTESIAN_POINT ( 'NONE',  ( 89.00007200000004600, 10.25304832720492400, -10.25304832720495400 ) ) ;
#463 = CARTESIAN_POINT ( 'NONE',  ( 96.50007200000004600, 14.80983713014837000, 2.380908267548049700 ) ) ;
#464 = CARTESIAN_POINT ( 'NONE',  ( 91.98295126624970000, 14.98239081678971600, -0.7266122851804457400 ) ) ;
#465 = CARTESIAN_POINT ( 'NONE',  ( 89.00007200000004600, -10.25304832720499300, -10.25304832720488500 ) ) ;
#466 = CARTESIAN_POINT ( 'NONE',  ( 89.00007200000004600, 14.00592448119149200, -3.752876153986559600 ) ) ;
#467 = CARTESIAN_POINT ( 'NONE',  ( -0.7602784179578964100, 0.5000000000000000000, -7.282856582413222300 ) ) ;
#468 = CARTESIAN_POINT ( 'NONE',  ( 93.72884975399802000, -7.476837846185861600, 12.01456439157176000 ) ) ;
#469 = CARTESIAN_POINT ( 'NONE',  ( 93.76963027238601000, -6.728749816007215200, 12.44896733110679300 ) ) ;
#470 = CARTESIAN_POINT ( 'NONE',  ( 93.72884975399802000, 15.00000000000000000, 0.4678493189881342000 ) ) ;
#471 = CARTESIAN_POINT ( 'NONE',  ( 93.72884975399802000, -7.905169395386855600, 12.75645639727258600 ) ) ;
#472 = CARTESIAN_POINT ( 'NONE',  ( 93.72884975399802000, -6.666499055412084700, -12.48241371055979900 ) ) ;
#473 = CARTESIAN_POINT ( 'NONE',  ( 93.04085251838803600, -6.750831986807901900, 13.42291341085128500 ) ) ;
#474 = CARTESIAN_POINT ( 'NONE',  ( 93.76963027238601000, -7.156001382194879100, 13.18898875135722000 ) ) ;
#475 = CARTESIAN_POINT ( 'NONE',  ( 92.95929148161205500, -8.249168013191852100, 12.55784870268201700 ) ) ;
#476 = CARTESIAN_POINT ( 'NONE',  ( 93.04085251838803600, -6.313135519439122800, 12.66480089107513500 ) ) ;
#477 = CARTESIAN_POINT ( 'NONE',  ( 92.27129424600207100, -7.094830604612898400, 13.22430571626071400 ) ) ;
#478 = CARTESIAN_POINT ( 'NONE',  ( 92.95929148161205500, 15.00000000000000000, 0.8650647081692806100 ) ) ;
#479 = CARTESIAN_POINT ( 'NONE',  ( 93.76963027238601000, 15.00000000000000000, -0.3972153891811493500 ) ) ;
#480 = CARTESIAN_POINT ( 'NONE',  ( 92.27129424600207100, 15.00000000000000000, -0.4678493189881395800 ) ) ;
#481 = CARTESIAN_POINT ( 'NONE',  ( 93.04085251838803600, 14.12460706526242600, -0.8650647081692864900 ) ) ;
#482 = CARTESIAN_POINT ( 'NONE',  ( 93.76963027238601000, 14.14549686762466000, -0.3972153891811493500 ) ) ;
#483 = CARTESIAN_POINT ( 'NONE',  ( 92.23051372761408100, 15.00000000000000000, 0.3972153891811439600 ) ) ;
#484 = CARTESIAN_POINT ( 'NONE',  ( 93.72884975399802000, -7.094830604613088500, -13.22430571626061600 ) ) ;
#485 = CARTESIAN_POINT ( 'NONE',  ( 92.95929148161205500, 14.12460706526242800, 0.8650647081692806100 ) ) ;
#486 = CARTESIAN_POINT ( 'NONE',  ( 92.27129424600207100, 14.14333690159800100, -0.4678493189881395800 ) ) ;
#487 = CARTESIAN_POINT ( 'NONE',  ( 92.23051372761408100, 14.14549686762466000, 0.3972153891811439600 ) ) ;
#488 = CARTESIAN_POINT ( 'NONE',  ( 93.72884975399802000, 14.14333690159800300, 0.4678493189881342000 ) ) ;
#489 = CARTESIAN_POINT ( 'NONE',  ( 93.04085251838803600, -8.249168013192033300, -12.55784870268190000 ) ) ;
#490 = CARTESIAN_POINT ( 'NONE',  ( 92.95929148161205500, -6.750831986808093700, -13.42291341085118900 ) ) ;
#491 = CARTESIAN_POINT ( 'NONE',  ( 93.76963027238601000, -7.843998617805058700, -12.79177336217597000 ) ) ;
#492 = CARTESIAN_POINT ( 'NONE',  ( 92.27129424600207100, -7.905169395387039400, -12.75645639727247400 ) ) ;
#493 = CARTESIAN_POINT ( 'NONE',  ( 93.04085251838803600, -7.811471545823244400, -11.79973618290575200 ) ) ;
#494 = CARTESIAN_POINT ( 'NONE',  ( 93.76963027238601000, -7.416747051617385000, -12.05175194192555000 ) ) ;
#495 = CARTESIAN_POINT ( 'NONE',  ( 92.23051372761408100, -7.156001382195069200, -13.18898875135712100 ) ) ;
#496 = CARTESIAN_POINT ( 'NONE',  ( 92.95929148161205500, -6.313135519439304800, -12.66480089107504300 ) ) ;
#497 = CARTESIAN_POINT ( 'NONE',  ( 92.27129424600207100, -7.476837846186038300, -12.01456439157166000 ) ) ;
#498 = CARTESIAN_POINT ( 'NONE',  ( 92.23051372761408100, -6.728749816007398200, -12.44896733110670400 ) ) ;
#499 = CARTESIAN_POINT ( 'NONE',  ( 93.04085251838803600, 15.00000000000000000, -0.8650647081692864900 ) ) ;
#500 = CARTESIAN_POINT ( 'NONE',  ( -0.7602784179578964100, 0.5000000000000000000, 7.282856582413222300 ) ) ;
#501 = CARTESIAN_POINT ( 'NONE',  ( -0.2602784179578964700, 0.5000000000000000000, 7.049135748691581300 ) ) ;
#502 = CARTESIAN_POINT ( 'NONE',  ( -0.2602784179578964700, -0.5000000000000000000, -7.459841688381843000 ) ) ;
#503 = CARTESIAN_POINT ( 'NONE',  ( -0.2774828918387035000, 0.4999999999999995600, -7.459841688381843000 ) ) ;
#504 = CARTESIAN_POINT ( 'NONE',  ( -0.2602784179578964700, 0.5000000000000000000, -7.049135748691581300 ) ) ;
#505 = CARTESIAN_POINT ( 'NONE',  ( -0.2774828918387035000, -0.4999999999999995600, -7.459841688381843000 ) ) ;
#506 = CARTESIAN_POINT ( 'NONE',  ( 88.70399305170617800, -0.5000000000000000000, -4.773887304912036300 ) ) ;
#507 = CARTESIAN_POINT ( 'NONE',  ( 88.20399305170617800, 0.5000000000000000000, -4.673328578219171800 ) ) ;
#508 = CARTESIAN_POINT ( 'NONE',  ( -0.2774828918387035000, -0.4999999999999995600, 7.459841688381843000 ) ) ;
#509 = CARTESIAN_POINT ( 'NONE',  ( -0.7602784179578970800, 0.5000000000000000000, -7.733854149129011400 ) ) ;
#510 = CARTESIAN_POINT ( 'NONE',  ( -0.2774828918387026200, 0.4999999999999995600, 7.733854149129011400 ) ) ;
#511 = CARTESIAN_POINT ( 'NONE',  ( -0.2774828918387026200, 0.4999999999999995600, -7.733854149129011400 ) ) ;
#512 = CARTESIAN_POINT ( 'NONE',  ( -0.7602784179578970800, 0.5000000000000000000, 7.733854149129011400 ) ) ;
#513 = CARTESIAN_POINT ( 'NONE',  ( 88.20399305170617800, 0.5000000000000000000, 2.972471263769962000 ) ) ;
#514 = CARTESIAN_POINT ( 'NONE',  ( -0.2602784179578964700, -0.5000000000000000000, 7.459841688381843000 ) ) ;
#515 = CARTESIAN_POINT ( 'NONE',  ( 88.20399305170617800, -0.5000000000000000000, -4.673328578219171800 ) ) ;
#516 = CARTESIAN_POINT ( 'NONE',  ( 88.20399305170617800, 0.5000000000000000000, -2.972471263769962000 ) ) ;
#517 = CARTESIAN_POINT ( 'NONE',  ( 88.70399305170617800, -0.5000000000000000000, 4.773887304912036300 ) ) ;
#518 = CARTESIAN_POINT ( 'NONE',  ( 88.70399305170617800, 0.5000000000000000000, 3.264840812186848000 ) ) ;
#519 = CARTESIAN_POINT ( 'NONE',  ( 88.60400502585304100, 0.5000000000000000000, 4.874411005804129900 ) ) ;
#520 = CARTESIAN_POINT ( 'NONE',  ( 88.70399305170617800, 0.5000000000000000000, 4.773887304912036300 ) ) ;
#521 = CARTESIAN_POINT ( 'NONE',  ( 88.70399305170617800, 0.5000000000000000000, -4.773887304912036300 ) ) ;
#522 = CARTESIAN_POINT ( 'NONE',  ( 88.70399305170617800, 0.5000000000000000000, -3.264840812186848000 ) ) ;
#523 = CARTESIAN_POINT ( 'NONE',  ( 88.60400502585312700, 0.5000000000000000000, -4.874411005804048200 ) ) ;
#524 = CARTESIAN_POINT ( 'NONE',  ( 88.40401700000003900, 0.5000000000000000000, -4.673328578219171800 ) ) ;
#525 = CARTESIAN_POINT ( 'NONE',  ( 89.00007200000004600, -14.00592448119146200, 3.752876153986656400 ) ) ;
#526 = CARTESIAN_POINT ( 'NONE',  ( 91.98295126624967100, -6.861930710726823300, -13.33843719935675600 ) ) ;
#527 = CARTESIAN_POINT ( 'NONE',  ( -0.2602784179578964700, 0.5000000000000000000, -7.459841688381843000 ) ) ;
#528 = DIRECTION ( 'NONE',  ( -0.8886093514382797900, 0.0000000000000000000, 0.4586648237399939500 ) ) ;
#529 = DIRECTION ( 'NONE',  ( 0.4586648237399939500, 0.0000000000000000000, 0.8886093514382797900 ) ) ;
#530 = CARTESIAN_POINT ( 'NONE',  ( 92.27129424600207100, 13.79999999999999900, -0.4678493189881395800 ) ) ;
#531 = PLANE ( 'NONE',  #795 ) ;
#532 = DIRECTION ( 'NONE',  ( -1.000000000000000000, -0.0000000000000000000, -0.0000000000000000000 ) ) ;
#533 = CARTESIAN_POINT ( 'NONE',  ( 0.6963980372276983300, -0.5000000000000000000, -7.459841688381843000 ) ) ;
#534 = LINE ( 'NONE', #533, #759 ) ;
#535 = CARTESIAN_POINT ( 'NONE',  ( 88.20399305170617800, -0.5000000000000000000, 4.673328578219171800 ) ) ;
#536 = FACE_OUTER_BOUND ( 'NONE', #1592, .T. ) ;
#537 = DIRECTION ( 'NONE',  ( 0.0000000000000000000, 0.0000000000000000000, 1.000000000000000000 ) ) ;
#538 = B_SPLINE_CURVE_WITH_KNOTS ( 'NONE', 3,
 ( #4438, #4439, #4450, #4437, #4436, #4435, #4434, #4433 ),
 .UNSPECIFIED., .F., .F.,
 ( 4, 2, 2, 4 ),
 ( 0.001765173212390298800, 0.002347301218115339600, 0.002638365220977859900, 0.002929429223840380600 ),
 .UNSPECIFIED. ) ;
#539 = B_SPLINE_CURVE_WITH_KNOTS ( 'NONE', 3,
 ( #136, #141, #131, #129 ),
 .UNSPECIFIED., .F., .F.,
 ( 4, 4 ),
 ( 0.02177685780110927300, 0.02191991701766211200 ),
 .UNSPECIFIED. ) ;
#540 = B_SPLINE_CURVE_WITH_KNOTS ( 'NONE', 3,
 ( #4465, #4464, #4460, #4459 ),
 .UNSPECIFIED., .F., .F.,
 ( 4, 4 ),
 ( 0.008638737584807510200, 0.008780521283829220000 ),
 .UNSPECIFIED. ) ;
#541 = B_SPLINE_CURVE_WITH_KNOTS ( 'NONE', 3,
 ( #1297, #1309, #1302, #1296 ),
 .UNSPECIFIED., .F., .F.,
 ( 4, 4 ),
 ( 0.008680015058265254700, 0.009231943859462337500 ),
 .UNSPECIFIED. ) ;
#542 = B_SPLINE_CURVE_WITH_KNOTS ( 'NONE', 3,
 ( #4467, #4476, #4472, #4466 ),
 .UNSPECIFIED., .F., .F.,
 ( 4, 4 ),
 ( 0.004031440973754253300, 0.004610600221860128600 ),
 .UNSPECIFIED. ) ;
#543 = B_SPLINE_CURVE_WITH_KNOTS ( 'NONE', 3,
 ( #144, #152, #166, #142 ),
 .UNSPECIFIED., .F., .F.,
 ( 4, 4 ),
 ( 0.003572987256109672200, 0.003856586415993527300 ),
 .UNSPECIFIED. ) ;
#544 = B_SPLINE_CURVE_WITH_KNOTS ( 'NONE', 3,
 ( #207, #210, #225, #206 ),
 .UNSPECIFIED., .F., .F.,
 ( 4, 4 ),
 ( 0.02177685780110927300, 0.02191991701766211200 ),
 .UNSPECIFIED. ) ;
#545 = B_SPLINE_CURVE_WITH_KNOTS ( 'NONE', 3,
 ( #4446, #4458, #4451, #4445, #4444, #4443, #4442, #4441 ),
 .UNSPECIFIED., .F., .F.,
 ( 4, 2, 2, 4 ),
 ( 3.867444393762621400E-007, 0.0008513496402544366500, 0.001276831088161967900, 0.001702312536069499200 ),
 .UNSPECIFIED. ) ;
#546 = B_SPLINE_CURVE_WITH_KNOTS ( 'NONE', 3,
 ( #203, #204, #217, #202 ),
 .UNSPECIFIED., .F., .F.,
 ( 4, 4 ),
 ( 0.003573641994195581600, 0.003857242590161746200 ),
 .UNSPECIFIED. ) ;
#547 = B_SPLINE_CURVE_WITH_KNOTS ( 'NONE', 3,
 ( #4518, #4523, #4522, #4517 ),
 .UNSPECIFIED., .F., .F.,
 ( 4, 4 ),
 ( 0.003380012380601599200, 0.003959217690366286800 ),
 .UNSPECIFIED. ) ;
#548 = B_SPLINE_CURVE_WITH_KNOTS ( 'NONE', 3,
 ( #4397, #4410, #4402, #4396, #4395, #4394, #4393, #4392 ),
 .UNSPECIFIED., .F., .F.,
 ( 4, 2, 2, 4 ),
 ( 0.001702312536069425700, 0.002126523004785478000, 0.002550733473501530000, 0.003399154410933638800 ),
 .UNSPECIFIED. ) ;
#549 = B_SPLINE_CURVE_WITH_KNOTS ( 'NONE', 3,
 ( #118, #123, #122, #117 ),
 .UNSPECIFIED., .F., .F.,
 ( 4, 4 ),
 ( 0.008638737584807510200, 0.008780521283829220000 ),
 .UNSPECIFIED. ) ;
#550 = B_SPLINE_CURVE_WITH_KNOTS ( 'NONE', 3,
 ( #1289, #1294, #1295, #1288 ),
 .UNSPECIFIED., .F., .F.,
 ( 4, 4 ),
 ( 0.01011414063972415300, 0.01066606900685430000 ),
 .UNSPECIFIED. ) ;
#551 = B_SPLINE_CURVE_WITH_KNOTS ( 'NONE', 3,
 ( #4431, #4504, #4430, #4428, #4427, #4426 ),
 .UNSPECIFIED., .F., .F.,
 ( 4, 2, 4 ),
 ( 0.003138052961506482600, 0.003909852322677320700, 0.004681651683848159700 ),
 .UNSPECIFIED. ) ;
#552 = B_SPLINE_CURVE_WITH_KNOTS ( 'NONE', 3,
 ( #4425, #4440, #4423, #4420, #4419, #4418 ),
 .UNSPECIFIED., .F., .F.,
 ( 4, 2, 4 ),
 ( 0.006899548910624083200, 0.007541351190465299700, 0.008183153470306516300 ),
 .UNSPECIFIED. ) ;
#553 = AXIS2_PLACEMENT_3D ( 'NONE', #1488, #1490, #1493 ) ;
#554 = CONICAL_SURFACE ( 'NONE', #1006, 14.50000000000000400, 0.7853981633974482800 ) ;
#555 = AXIS2_PLACEMENT_3D ( 'NONE', #3038, #3035, #3041 ) ;
#556 = CIRCLE ( 'NONE', #719, 14.50000000000000400 ) ;
#557 = AXIS2_PLACEMENT_3D ( 'NONE', #2960, #2963, #2964 ) ;
#558 = AXIS2_PLACEMENT_3D ( 'NONE', #2232, #2230, #2229 ) ;
#559 = CIRCLE ( 'NONE', #685, 14.50000000000000400 ) ;
#560 = CONICAL_SURFACE ( 'NONE', #569, 1.975000000000000100, 0.5235987755982866000 ) ;
#561 = AXIS2_PLACEMENT_3D ( 'NONE', #4564, #4485, #4479 ) ;
#562 = AXIS2_PLACEMENT_3D ( 'NONE', #3007, #3004, #3010 ) ;
#563 = CONICAL_SURFACE ( 'NONE', #566, 15.00000000000000000, 0.7853981633974482800 ) ;
#564 = CONICAL_SURFACE ( 'NONE', #565, 8.699999999999992200, 0.7853981633974453900 ) ;
#565 = AXIS2_PLACEMENT_3D ( 'NONE', #1466, #1468, #1471 ) ;
#566 = AXIS2_PLACEMENT_3D ( 'NONE', #1470, #1472, #1475 ) ;
#567 = AXIS2_PLACEMENT_3D ( 'NONE', #3171, #3178, #3179 ) ;
#568 = AXIS2_PLACEMENT_3D ( 'NONE', #3068, #3065, #3071 ) ;
#569 = AXIS2_PLACEMENT_3D ( 'NONE', #1474, #1476, #1480 ) ;
#570 = CONICAL_SURFACE ( 'NONE', #592, 15.00000000000000000, 0.7853981633974482800 ) ;
#571 = CONICAL_SURFACE ( 'NONE', #997, 5.000000000000004400, 0.7853981633974598300 ) ;
#572 = AXIS2_PLACEMENT_3D ( 'NONE', #3368, #3365, #3371 ) ;
#573 = AXIS2_PLACEMENT_3D ( 'NONE', #2025, #2024, #2023 ) ;
#574 = CONICAL_SURFACE ( 'NONE', #576, 1.219500000000000500, 1.047197551196600700 ) ;
#575 = VECTOR ( 'NONE', #2228, 1000.000000000000000 ) ;
#576 = AXIS2_PLACEMENT_3D ( 'NONE', #3165, #3166, #3168 ) ;
#577 = AXIS2_PLACEMENT_3D ( 'NONE', #2966, #2961, #2969 ) ;
#578 = AXIS2_PLACEMENT_3D ( 'NONE', #2975, #2972, #2978 ) ;
#579 = AXIS2_PLACEMENT_3D ( 'NONE', #3190, #3196, #3197 ) ;
#580 = CIRCLE ( 'NONE', #957, 15.00000000000000000 ) ;
#581 = AXIS2_PLACEMENT_3D ( 'NONE', #2236, #2235, #2234 ) ;
#582 = AXIS2_PLACEMENT_3D ( 'NONE', #2241, #2240, #2239 ) ;
#583 = CIRCLE ( 'NONE', #581, 15.00000000000000000 ) ;
#584 = AXIS2_PLACEMENT_3D ( 'NONE', #2247, #2246, #2245 ) ;
#585 = CIRCLE ( 'NONE', #1025, 14.50000000000000400 ) ;
#586 = AXIS2_PLACEMENT_3D ( 'NONE', #3176, #3183, #3184 ) ;
#587 = AXIS2_PLACEMENT_3D ( 'NONE', #3187, #3186, #3177 ) ;
#588 = VECTOR ( 'NONE', #2261, 1000.000000000000000 ) ;
#589 = CONICAL_SURFACE ( 'NONE', #590, 8.699999999999992200, 0.7853981633974453900 ) ;
#590 = AXIS2_PLACEMENT_3D ( 'NONE', #3191, #3189, #3182 ) ;
#591 = AXIS2_PLACEMENT_3D ( 'NONE', #3194, #3202, #3203 ) ;
#592 = AXIS2_PLACEMENT_3D ( 'NONE', #3362, #3360, #3355 ) ;
#593 = CIRCLE ( 'NONE', #726, 7.750000000000001800 ) ;
#594 = AXIS2_PLACEMENT_3D ( 'NONE', #3369, #3377, #3378 ) ;
#595 = VECTOR ( 'NONE', #2268, 1000.000000000000000 ) ;
#596 = AXIS2_PLACEMENT_3D ( 'NONE', #1254, #1246, #1245 ) ;
#597 = AXIS2_PLACEMENT_3D ( 'NONE', #4537, #4541, #4535 ) ;
#598 = AXIS2_PLACEMENT_3D ( 'NONE', #4454, #4453, #4452 ) ;
#599 = AXIS2_PLACEMENT_3D ( 'NONE', #3211, #3221, #3222 ) ;
#600 = CONICAL_SURFACE ( 'NONE', #587, 7.750000000000001800, 0.7853981633974511700 ) ;
#601 = CONICAL_SURFACE ( 'NONE', #553, 12.30000000000000100, 0.7853981633974466100 ) ;
#602 = TOROIDAL_SURFACE ( 'NONE', #916, -5.035115387764525500E-006, 31.65479979514894300 ) ;
#603 = CONICAL_SURFACE ( 'NONE', #967, 6.799999999999964300, 0.4363323129985832200 ) ;
#604 = AXIS2_PLACEMENT_3D ( 'NONE', #2985, #2981, #2988 ) ;
#605 = AXIS2_PLACEMENT_3D ( 'NONE', #4400, #4399, #4398 ) ;
#606 = AXIS2_PLACEMENT_3D ( 'NONE', #4547, #4540, #4539 ) ;
#607 = AXIS2_PLACEMENT_3D ( 'NONE', #3141, #3142, #3143 ) ;
#608 = AXIS2_PLACEMENT_3D ( 'NONE', #1954, #1953, #1952 ) ;
#609 = CIRCLE ( 'NONE', #953, 12.69999999999999800 ) ;
#610 = AXIS2_PLACEMENT_3D ( 'NONE', #3128, #3129, #3130 ) ;
#611 = CIRCLE ( 'NONE', #622, 9.699999999999999300 ) ;
#612 = CIRCLE ( 'NONE', #970, 4.700000000000002800 ) ;
#613 = CIRCLE ( 'NONE', #972, 3.014230484541319000 ) ;
#614 = AXIS2_PLACEMENT_3D ( 'NONE', #2047, #2046, #2045 ) ;
#615 = VECTOR ( 'NONE', #3105, 1000.000000000000000 ) ;
#616 = VECTOR ( 'NONE', #3157, 1000.000000000000000 ) ;
#617 = CIRCLE ( 'NONE', #881, 10.10000000000000000 ) ;
#618 = CIRCLE ( 'NONE', #950, 12.69999999999999800 ) ;
#619 = AXIS2_PLACEMENT_3D ( 'NONE', #2359, #2358, #2357 ) ;
#620 = VECTOR ( 'NONE', #4690, 999.9999999999998900 ) ;
#621 = AXIS2_PLACEMENT_3D ( 'NONE', #2259, #2258, #2257 ) ;
#622 = AXIS2_PLACEMENT_3D ( 'NONE', #3136, #3137, #3138 ) ;
#623 = AXIS2_PLACEMENT_3D ( 'NONE', #3170, #3167, #3173 ) ;
#624 = VECTOR ( 'NONE', #4626, 1000.000000000000000 ) ;
#625 = VECTOR ( 'NONE', #4590, 1000.000000000000000 ) ;
#626 = VECTOR ( 'NONE', #4616, 1000.000000000000100 ) ;
#627 = AXIS2_PLACEMENT_3D ( 'NONE', #1492, #1494, #1497 ) ;
#628 = VECTOR ( 'NONE', #4689, 1000.000000000000000 ) ;
#629 = AXIS2_PLACEMENT_3D ( 'NONE', #3084, #3082, #3079 ) ;
#630 = AXIS2_PLACEMENT_3D ( 'NONE', #3102, #3103, #3104 ) ;
#631 = VECTOR ( 'NONE', #4685, 1000.000000000000100 ) ;
#632 = AXIS2_PLACEMENT_3D ( 'NONE', #1221, #1219, #1208 ) ;
#633 = AXIS2_PLACEMENT_3D ( 'NONE', #4618, #4699, #4587 ) ;
#634 = AXIS2_PLACEMENT_3D ( 'NONE', #2386, #2385, #2384 ) ;
#635 = VECTOR ( 'NONE', #4686, 1000.000000000000100 ) ;
#636 = VECTOR ( 'NONE', #4605, 1000.000000000000000 ) ;
#637 = VECTOR ( 'NONE', #1206, 1000.000000000000000 ) ;
#638 = CONICAL_SURFACE ( 'NONE', #627, 12.79999999999999700, 0.7853981633974466100 ) ;
#639 = CIRCLE ( 'NONE', #584, 14.50000000000000400 ) ;
#640 = CONICAL_SURFACE ( 'NONE', #947, 1.219500000000001100, 1.047197551196600700 ) ;
#641 = VECTOR ( 'NONE', #4638, 1000.000000000000100 ) ;
#642 = CIRCLE ( 'NONE', #888, 1.219500000000000300 ) ;
#643 = CONICAL_SURFACE ( 'NONE', #1034, 6.799999999999964300, 0.4363323129985832200 ) ;
#644 = CIRCLE ( 'NONE', #653, 7.750000000000001800 ) ;
#645 = AXIS2_PLACEMENT_3D ( 'NONE', #1496, #1498, #1501 ) ;
#646 = CIRCLE ( 'NONE', #634, 1.249999999999996700 ) ;
#647 = AXIS2_PLACEMENT_3D ( 'NONE', #1150, #1138, #1137 ) ;
#648 = CIRCLE ( 'NONE', #633, 1.219500000000000900 ) ;
#649 = VECTOR ( 'NONE', #4641, 1000.000000000000100 ) ;
#650 = AXIS2_PLACEMENT_3D ( 'NONE', #1500, #1502, #1506 ) ;
#651 = AXIS2_PLACEMENT_3D ( 'NONE', #1207, #1212, #1222 ) ;
#652 = VECTOR ( 'NONE', #1218, 1000.000000000000000 ) ;
#653 = AXIS2_PLACEMENT_3D ( 'NONE', #4672, #4591, #4586 ) ;
#654 = CONICAL_SURFACE ( 'NONE', #645, 15.00000000000000000, 0.7853981633974482800 ) ;
#655 = CIRCLE ( 'NONE', #666, 4.700000000000002800 ) ;
#656 = CIRCLE ( 'NONE', #697, 1.975000000000000100 ) ;
#657 = AXIS2_PLACEMENT_3D ( 'NONE', #2209, #2206, #2399 ) ;
#658 = AXIS2_PLACEMENT_3D ( 'NONE', #4645, #4656, #4644 ) ;
#659 = CIRCLE ( 'NONE', #701, 12.69999999999999800 ) ;
#660 = AXIS2_PLACEMENT_3D ( 'NONE', #1204, #1203, #1202 ) ;
#661 = VECTOR ( 'NONE', #2397, 1000.000000000000100 ) ;
#662 = AXIS2_PLACEMENT_3D ( 'NONE', #1509, #1511, #1514 ) ;
#663 = CIRCLE ( 'NONE', #707, 8.699999999999992200 ) ;
#664 = CIRCLE ( 'NONE', #706, 5.000000000000004400 ) ;
#665 = CIRCLE ( 'NONE', #667, 1.249999999999996700 ) ;
#666 = AXIS2_PLACEMENT_3D ( 'NONE', #1199, #1198, #1197 ) ;
#667 = AXIS2_PLACEMENT_3D ( 'NONE', #2391, #2390, #2389 ) ;
#668 = VECTOR ( 'NONE', #4610, 1000.000000000000000 ) ;
#669 = CONICAL_SURFACE ( 'NONE', #629, 1.219500000000000000, 1.047197551196600700 ) ;
#670 = VECTOR ( 'NONE', #3113, 1000.000000000000000 ) ;
#671 = CONICAL_SURFACE ( 'NONE', #662, 12.39999999999995200, 0.7853981633974627100 ) ;
#672 = AXIS2_PLACEMENT_3D ( 'NONE', #4625, #4607, #4601 ) ;
#673 = VECTOR ( 'NONE', #2375, 1000.000000000000100 ) ;
#674 = AXIS2_PLACEMENT_3D ( 'NONE', #2146, #2145, #2144 ) ;
#675 = CONICAL_SURFACE ( 'NONE', #690, 14.50000000000000400, 0.7853981633974482800 ) ;
#676 = AXIS2_PLACEMENT_3D ( 'NONE', #2308, #2224, #2231 ) ;
#677 = AXIS2_PLACEMENT_3D ( 'NONE', #4604, #4701, #4582 ) ;
#678 = VECTOR ( 'NONE', #2310, 1000.000000000000000 ) ;
#679 = CIRCLE ( 'NONE', #657, 1.219500000000000500 ) ;
#680 = AXIS2_PLACEMENT_3D ( 'NONE', #1517, #1519, #1523 ) ;
#681 = AXIS2_PLACEMENT_3D ( 'NONE', #4585, #4681, #1177 ) ;
#682 = CIRCLE ( 'NONE', #694, 3.014230484541319000 ) ;
#683 = AXIS2_PLACEMENT_3D ( 'NONE', #2216, #2320, #2328 ) ;
#684 = CONICAL_SURFACE ( 'NONE', #680, 15.00000000000000000, 0.7853981633974482800 ) ;
#685 = AXIS2_PLACEMENT_3D ( 'NONE', #2223, #2220, #2219 ) ;
#686 = AXIS2_PLACEMENT_3D ( 'NONE', #1175, #1173, #1172 ) ;
#687 = CONICAL_SURFACE ( 'NONE', #650, 7.750000000000001800, 0.7853981633974511700 ) ;
#688 = AXIS2_PLACEMENT_3D ( 'NONE', #2980, #2976, #2983 ) ;
#689 = AXIS2_PLACEMENT_3D ( 'NONE', #4642, #4594, #4599 ) ;
#690 = AXIS2_PLACEMENT_3D ( 'NONE', #1513, #1515, #1518 ) ;
#691 = VECTOR ( 'NONE', #1180, 1000.000000000000000 ) ;
#692 = CIRCLE ( 'NONE', #700, 4.899988025853086300 ) ;
#693 = VECTOR ( 'NONE', #1193, 999.9999999999998900 ) ;
#694 = AXIS2_PLACEMENT_3D ( 'NONE', #1188, #1187, #1186 ) ;
#695 = AXIS2_PLACEMENT_3D ( 'NONE', #1524, #1528, #1521 ) ;
#696 = VECTOR ( 'NONE', #2221, 1000.000000000000000 ) ;
#697 = AXIS2_PLACEMENT_3D ( 'NONE', #1192, #1191, #1190 ) ;
#698 = CIRCLE ( 'NONE', #683, 12.39999999999995200 ) ;
#699 = AXIS2_PLACEMENT_3D ( 'NONE', #1464, #1467, #2958 ) ;
#700 = AXIS2_PLACEMENT_3D ( 'NONE', #1149, #1148, #1147 ) ;
#701 = AXIS2_PLACEMENT_3D ( 'NONE', #1164, #1163, #1162 ) ;
#702 = VECTOR ( 'NONE', #2222, 1000.000000000000000 ) ;
#703 = AXIS2_PLACEMENT_3D ( 'NONE', #2317, #2225, #2349 ) ;
#704 = CIRCLE ( 'NONE', #710, 1.974999999999999900 ) ;
#705 = VECTOR ( 'NONE', #3587, 1000.000000000000000 ) ;
#706 = AXIS2_PLACEMENT_3D ( 'NONE', #1196, #1195, #1194 ) ;
#707 = AXIS2_PLACEMENT_3D ( 'NONE', #1160, #1159, #1158 ) ;
#708 = AXIS2_PLACEMENT_3D ( 'NONE', #1541, #1543, #1546 ) ;
#709 = AXIS2_PLACEMENT_3D ( 'NONE', #1153, #1152, #1151 ) ;
#710 = AXIS2_PLACEMENT_3D ( 'NONE', #1183, #1182, #1181 ) ;
#711 = CIRCLE ( 'NONE', #912, 1.249999999999997100 ) ;
#712 = AXIS2_PLACEMENT_3D ( 'NONE', #1529, #1533, #1526 ) ;
#713 = CIRCLE ( 'NONE', #703, 9.000000000000001800 ) ;
#714 = CONICAL_SURFACE ( 'NONE', #728, 8.700000000000013500, 0.7853981633973992100 ) ;
#715 = CIRCLE ( 'NONE', #850, 12.79999999999999500 ) ;
#716 = AXIS2_PLACEMENT_3D ( 'NONE', #3078, #3074, #3081 ) ;
#717 = VECTOR ( 'NONE', #3115, 1000.000000000000000 ) ;
#718 = AXIS2_PLACEMENT_3D ( 'NONE', #4667, #4602, #1055 ) ;
#719 = AXIS2_PLACEMENT_3D ( 'NONE', #2215, #2213, #2212 ) ;
#720 = CIRCLE ( 'NONE', #676, 12.50000000000001600 ) ;
#721 = AXIS2_PLACEMENT_3D ( 'NONE', #1169, #1168, #1167 ) ;
#722 = CONICAL_SURFACE ( 'NONE', #708, 8.700000000000013500, 0.7853981633973992100 ) ;
#723 = VECTOR ( 'NONE', #3589, 1000.000000000000000 ) ;
#724 = AXIS2_PLACEMENT_3D ( 'NONE', #1545, #1547, #1550 ) ;
#725 = CONICAL_SURFACE ( 'NONE', #724, 14.50000000000000400, 0.7853981633974482800 ) ;
#726 = AXIS2_PLACEMENT_3D ( 'NONE', #3146, #3147, #3148 ) ;
#727 = AXIS2_PLACEMENT_3D ( 'NONE', #1133, #1132, #1131 ) ;
#728 = AXIS2_PLACEMENT_3D ( 'NONE', #1161, #1157, #1165 ) ;
#729 = CIRCLE ( 'NONE', #718, 9.000000000000003600 ) ;
#730 = AXIS2_PLACEMENT_3D ( 'NONE', #3117, #3118, #3119 ) ;
#731 = VECTOR ( 'NONE', #3124, 1000.000000000000000 ) ;
#732 = VECTOR ( 'NONE', #2174, 1000.000000000000000 ) ;
#733 = CIRCLE ( 'NONE', #819, 6.500000000000002700 ) ;
#734 = VECTOR ( 'NONE', #1127, 1000.000000000000000 ) ;
#735 = VECTOR ( 'NONE', #2233, 1000.000000000000000 ) ;
#736 = VECTOR ( 'NONE', #3584, 1000.000000000000000 ) ;
#737 = CIRCLE ( 'NONE', #778, 7.750000000000001800 ) ;
#738 = VECTOR ( 'NONE', #3592, 1000.000000000000100 ) ;
#739 = AXIS2_PLACEMENT_3D ( 'NONE', #1155, #1145, #1144 ) ;
#740 = AXIS2_PLACEMENT_3D ( 'NONE', #369, #364, #366 ) ;
#741 = VECTOR ( 'NONE', #1130, 1000.000000000000000 ) ;
#742 = VECTOR ( 'NONE', #1225, 1000.000000000000000 ) ;
#743 = CONICAL_SURFACE ( 'NONE', #749, 1.219500000000001100, 1.047197551196600700 ) ;
#744 = CIRCLE ( 'NONE', #727, 12.39999999999999700 ) ;
#745 = VECTOR ( 'NONE', #371, 1000.000000000000100 ) ;
#746 = VECTOR ( 'NONE', #382, 1000.000000000000100 ) ;
#747 = AXIS2_PLACEMENT_3D ( 'NONE', #1534, #1538, #1531 ) ;
#748 = AXIS2_PLACEMENT_3D ( 'NONE', #1486, #1489, #1483 ) ;
#749 = AXIS2_PLACEMENT_3D ( 'NONE', #1549, #1551, #1555 ) ;
#750 = CIRCLE ( 'NONE', #740, 8.700000000000013500 ) ;
#751 = CONICAL_SURFACE ( 'NONE', #753, 12.39999999999995200, 0.7853981633974627100 ) ;
#752 = VECTOR ( 'NONE', #3139, 1000.000000000000000 ) ;
#753 = AXIS2_PLACEMENT_3D ( 'NONE', #1141, #1142, #1154 ) ;
#754 = VECTOR ( 'NONE', #3581, 1000.000000000000000 ) ;
#755 = VECTOR ( 'NONE', #3567, 1000.000000000000000 ) ;
#756 = AXIS2_PLACEMENT_3D ( 'NONE', #1563, #1572, #1561 ) ;
#757 = AXIS2_PLACEMENT_3D ( 'NONE', #3578, #3577, #3576 ) ;
#758 = VECTOR ( 'NONE', #3569, 1000.000000000000000 ) ;
#759 = VECTOR ( 'NONE', #532, 1000.000000000000000 ) ;
#760 = AXIS2_PLACEMENT_3D ( 'NONE', #392, #377, #391 ) ;
#761 = CONICAL_SURFACE ( 'NONE', #867, 14.50000000000000400, 0.7853981633974482800 ) ;
#762 = CIRCLE ( 'NONE', #757, 7.476579299099265400 ) ;
#763 = VECTOR ( 'NONE', #1097, 1000.000000000000000 ) ;
#764 = VECTOR ( 'NONE', #375, 1000.000000000000000 ) ;
#765 = CIRCLE ( 'NONE', #760, 8.699999999999988600 ) ;
#766 = CIRCLE ( 'NONE', #607, 9.999999999999987600 ) ;
#767 = AXIS2_PLACEMENT_3D ( 'NONE', #1556, #1618, #1553 ) ;
#768 = AXIS2_PLACEMENT_3D ( 'NONE', #3029, #3026, #3032 ) ;
#769 = CIRCLE ( 'NONE', #813, 7.476579299099265400 ) ;
#770 = AXIS2_PLACEMENT_3D ( 'NONE', #1481, #1485, #1478 ) ;
#771 = AXIS2_PLACEMENT_3D ( 'NONE', #388, #374, #387 ) ;
#772 = AXIS2_PLACEMENT_3D ( 'NONE', #1570, #1568, #1566 ) ;
#773 = VECTOR ( 'NONE', #4716, 999.9999999999998900 ) ;
#774 = VECTOR ( 'NONE', #1123, 1000.000000000000000 ) ;
#775 = VECTOR ( 'NONE', #386, 1000.000000000000000 ) ;
#776 = AXIS2_PLACEMENT_3D ( 'NONE', #1125, #1113, #1112 ) ;
#777 = AXIS2_PLACEMENT_3D ( 'NONE', #1597, #1595, #1593 ) ;
#778 = AXIS2_PLACEMENT_3D ( 'NONE', #3573, #3572, #3571 ) ;
#779 = AXIS2_PLACEMENT_3D ( 'NONE', #4730, #4729, #4728 ) ;
#780 = AXIS2_PLACEMENT_3D ( 'NONE', #379, #380, #368 ) ;
#781 = CIRCLE ( 'NONE', #788, 9.000000000000001800 ) ;
#782 = AXIS2_PLACEMENT_3D ( 'NONE', #2052, #2051, #2050 ) ;
#783 = AXIS2_PLACEMENT_3D ( 'NONE', #1114, #1107, #1106 ) ;
#784 = VECTOR ( 'NONE', #3563, 1000.000000000000000 ) ;
#785 = CIRCLE ( 'NONE', #771, 9.000000000000007100 ) ;
#786 = AXIS2_PLACEMENT_3D ( 'NONE', #1096, #1095, #537 ) ;
#787 = AXIS2_PLACEMENT_3D ( 'NONE', #1120, #1119, #1118 ) ;
#788 = AXIS2_PLACEMENT_3D ( 'NONE', #3566, #3565, #3564 ) ;
#789 = AXIS2_PLACEMENT_3D ( 'NONE', #1539, #1542, #1536 ) ;
#790 = VECTOR ( 'NONE', #359, 1000.000000000000000 ) ;
#791 = CIRCLE ( 'NONE', #777, 14.50000000000000400 ) ;
#792 = AXIS2_PLACEMENT_3D ( 'NONE', #1104, #1108, #1102 ) ;
#793 = CIRCLE ( 'NONE', #709, 7.476579299099265400 ) ;
#794 = CIRCLE ( 'NONE', #660, 6.500000000000002700 ) ;
#795 = AXIS2_PLACEMENT_3D ( 'NONE', #530, #529, #528 ) ;
#796 = AXIS2_PLACEMENT_3D ( 'NONE', #4723, #4722, #4721 ) ;
#797 = CIRCLE ( 'NONE', #772, 15.00000000000000000 ) ;
#798 = CIRCLE ( 'NONE', #903, 8.699999999999992200 ) ;
#799 = AXIS2_PLACEMENT_3D ( 'NONE', #1909, #2131, #2400 ) ;
#800 = CIRCLE ( 'NONE', #779, 6.799999999999993600 ) ;
#801 = AXIS2_PLACEMENT_3D ( 'NONE', #3562, #3561, #3560 ) ;
#802 = CIRCLE ( 'NONE', #801, 7.750000000000001800 ) ;
#803 = AXIS2_PLACEMENT_3D ( 'NONE', #384, #385, #381 ) ;
#804 = CIRCLE ( 'NONE', #814, 4.700000000000002800 ) ;
#805 = CIRCLE ( 'NONE', #780, 9.000000000000007100 ) ;
#806 = VECTOR ( 'NONE', #4714, 1000.000000000000000 ) ;
#807 = CIRCLE ( 'NONE', #558, 15.00000000000000000 ) ;
#808 = CIRCLE ( 'NONE', #796, 4.899988025853086300 ) ;
#809 = VECTOR ( 'NONE', #1628, 1000.000000000000100 ) ;
#810 = CIRCLE ( 'NONE', #799, 14.50000000000000400 ) ;
#811 = CIRCLE ( 'NONE', #1011, 15.00000000000000000 ) ;
#812 = CIRCLE ( 'NONE', #817, 4.700000000000002800 ) ;
#813 = AXIS2_PLACEMENT_3D ( 'NONE', #3557, #3556, #3555 ) ;
#814 = AXIS2_PLACEMENT_3D ( 'NONE', #4727, #4726, #4725 ) ;
#815 = AXIS2_PLACEMENT_3D ( 'NONE', #3623, #367, #361 ) ;
#816 = CIRCLE ( 'NONE', #803, 31.65479979514894300 ) ;
#817 = AXIS2_PLACEMENT_3D ( 'NONE', #4711, #4710, #4709 ) ;
#818 = AXIS2_PLACEMENT_3D ( 'NONE', #4706, #4705, #4704 ) ;
#819 = AXIS2_PLACEMENT_3D ( 'NONE', #4734, #4733, #4732 ) ;
#820 = VECTOR ( 'NONE', #4703, 1000.000000000000000 ) ;
#821 = AXIS2_PLACEMENT_3D ( 'NONE', #1948, #1947, #1946 ) ;
#822 = VECTOR ( 'NONE', #3549, 1000.000000000000000 ) ;
#823 = AXIS2_PLACEMENT_3D ( 'NONE', #3552, #3551, #3550 ) ;
#824 = CIRCLE ( 'NONE', #823, 9.000000000000001800 ) ;
#825 = AXIS2_PLACEMENT_3D ( 'NONE', #3628, #3627, #3626 ) ;
#826 = VECTOR ( 'NONE', #1209, 1000.000000000000000 ) ;
#827 = VECTOR ( 'NONE', #393, 1000.000000000000000 ) ;
#828 = CIRCLE ( 'NONE', #825, 6.599951633403343000 ) ;
#829 = CIRCLE ( 'NONE', #818, 7.750000000000001800 ) ;
#830 = VECTOR ( 'NONE', #1945, 1000.000000000000000 ) ;
#831 = CIRCLE ( 'NONE', #884, 8.050000000000011400 ) ;
#832 = CIRCLE ( 'NONE', #821, 15.00000000000000000 ) ;
#833 = CIRCLE ( 'NONE', #632, 3.014230484541319000 ) ;
#834 = VECTOR ( 'NONE', #1925, 1000.000000000000000 ) ;
#835 = AXIS2_PLACEMENT_3D ( 'NONE', #1205, #1211, #1216 ) ;
#836 = AXIS2_PLACEMENT_3D ( 'NONE', #1286, #1285, #1284 ) ;
#837 = CONICAL_SURFACE ( 'NONE', #946, 9.999999999999987600, 0.7853981633974627100 ) ;
#838 = CIRCLE ( 'NONE', #948, 9.699999999999999300 ) ;
#839 = CIRCLE ( 'NONE', #882, 1.249999999999997100 ) ;
#840 = CIRCLE ( 'NONE', #835, 4.700000000000002800 ) ;
#841 = CONICAL_SURFACE ( 'NONE', #1053, 15.00000000000000000, 0.7853981633974482800 ) ;
#842 = CIRCLE ( 'NONE', #573, 14.50000000000000400 ) ;
#843 = CONICAL_SURFACE ( 'NONE', #935, 12.69999999999999800, 0.7853981633974367300 ) ;
#844 = CIRCLE ( 'NONE', #890, 1.249999999999996700 ) ;
#845 = AXIS2_PLACEMENT_3D ( 'NONE', #1324, #1323, #1322 ) ;
#846 = AXIS2_PLACEMENT_3D ( 'NONE', #1300, #1299, #1298 ) ;
#847 = VECTOR ( 'NONE', #3546, 1000.000000000000000 ) ;
#848 = CONICAL_SURFACE ( 'NONE', #960, 9.000000000000007100, 0.7853981633974396200 ) ;
#849 = AXIS2_PLACEMENT_3D ( 'NONE', #1250, #1235, #1234 ) ;
#850 = AXIS2_PLACEMENT_3D ( 'NONE', #2253, #2252, #2251 ) ;
#851 = CIRCLE ( 'NONE', #855, 9.000000000000007100 ) ;
#852 = CIRCLE ( 'NONE', #857, 8.700000000000013500 ) ;
#853 = VECTOR ( 'NONE', #1342, 1000.000000000000000 ) ;
#854 = VECTOR ( 'NONE', #1214, 1000.000000000000100 ) ;
#855 = AXIS2_PLACEMENT_3D ( 'NONE', #1318, #1317, #1316 ) ;
#856 = AXIS2_PLACEMENT_3D ( 'NONE', #1333, #1332, #1331 ) ;
#857 = AXIS2_PLACEMENT_3D ( 'NONE', #1321, #1320, #1319 ) ;
#858 = VECTOR ( 'NONE', #1337, 1000.000000000000200 ) ;
#859 = AXIS2_PLACEMENT_3D ( 'NONE', #1336, #1335, #1334 ) ;
#860 = VECTOR ( 'NONE', #2346, 1000.000000000000200 ) ;
#861 = AXIS2_PLACEMENT_3D ( 'NONE', #4367, #4366, #4365 ) ;
#862 = CIRCLE ( 'NONE', #871, 9.000000000000007100 ) ;
#863 = VECTOR ( 'NONE', #2248, 1000.000000000000000 ) ;
#864 = CIRCLE ( 'NONE', #856, 12.39999999999995200 ) ;
#865 = VECTOR ( 'NONE', #2243, 1000.000000000000100 ) ;
#866 = CIRCLE ( 'NONE', #1001, 6.799999999999964300 ) ;
#867 = AXIS2_PLACEMENT_3D ( 'NONE', #2996, #2994, #2991 ) ;
#868 = CONICAL_SURFACE ( 'NONE', #951, 6.799999999999993600, 0.7853981633974426200 ) ;
#869 = CIRCLE ( 'NONE', #859, 1.219500000000000500 ) ;
#870 = CIRCLE ( 'NONE', #1005, 6.799999999999964300 ) ;
#871 = AXIS2_PLACEMENT_3D ( 'NONE', #1315, #1314, #1313 ) ;
#872 = AXIS2_PLACEMENT_3D ( 'NONE', #1330, #1329, #1328 ) ;
#873 = CIRCLE ( 'NONE', #872, 9.000000000000003600 ) ;
#874 = CIRCLE ( 'NONE', #885, 9.000000000000001800 ) ;
#875 = VECTOR ( 'NONE', #3099, 1000.000000000000000 ) ;
#876 = VECTOR ( 'NONE', #1340, 999.9999999999998900 ) ;
#877 = CIRCLE ( 'NONE', #845, 8.699999999999988600 ) ;
#878 = CIRCLE ( 'NONE', #993, 6.599951633403343000 ) ;
#879 = VECTOR ( 'NONE', #4674, 999.9999999999998900 ) ;
#880 = AXIS2_PLACEMENT_3D ( 'NONE', #1226, #1228, #1240 ) ;
#881 = AXIS2_PLACEMENT_3D ( 'NONE', #3121, #3122, #3123 ) ;
#882 = AXIS2_PLACEMENT_3D ( 'NONE', #4360, #4359, #4358 ) ;
#883 = VECTOR ( 'NONE', #3629, 1000.000000000000100 ) ;
#884 = AXIS2_PLACEMENT_3D ( 'NONE', #3544, #3543, #3542 ) ;
#885 = AXIS2_PLACEMENT_3D ( 'NONE', #1327, #1326, #1325 ) ;
#886 = VECTOR ( 'NONE', #4678, 1000.000000000000000 ) ;
#887 = VECTOR ( 'NONE', #3540, 1000.000000000000000 ) ;
#888 = AXIS2_PLACEMENT_3D ( 'NONE', #2373, #2372, #2371 ) ;
#889 = CIRCLE ( 'NONE', #815, 31.65479979514894300 ) ;
#890 = AXIS2_PLACEMENT_3D ( 'NONE', #4364, #4363, #4362 ) ;
#891 = AXIS2_PLACEMENT_3D ( 'NONE', #4463, #4462, #4461 ) ;
#892 = AXIS2_PLACEMENT_3D ( 'NONE', #3644, #3643, #3642 ) ;
#893 = CONICAL_SURFACE ( 'NONE', #1049, 12.69999999999999800, 0.7853981633974367300 ) ;
#894 = AXIS2_PLACEMENT_3D ( 'NONE', #3632, #3631, #3630 ) ;
#895 = VECTOR ( 'NONE', #3647, 1000.000000000000100 ) ;
#896 = CIRCLE ( 'NONE', #894, 7.066846170922473500 ) ;
#897 = CIRCLE ( 'NONE', #892, 7.066846170922473500 ) ;
#898 = CIRCLE ( 'NONE', #902, 6.799999999999964300 ) ;
#899 = CIRCLE ( 'NONE', #901, 6.799999999999964300 ) ;
#900 = VECTOR ( 'NONE', #4680, 1000.000000000000000 ) ;
#901 = AXIS2_PLACEMENT_3D ( 'NONE', #3528, #3658, #3657 ) ;
#902 = AXIS2_PLACEMENT_3D ( 'NONE', #3654, #3653, #3652 ) ;
#903 = AXIS2_PLACEMENT_3D ( 'NONE', #3538, #3537, #3536 ) ;
#904 = VECTOR ( 'NONE', #3532, 1000.000000000000000 ) ;
#905 = AXIS2_PLACEMENT_3D ( 'NONE', #3637, #3636, #3635 ) ;
#906 = VECTOR ( 'NONE', #3535, 1000.000000000000000 ) ;
#907 = VECTOR ( 'NONE', #4411, 1000.000000000000000 ) ;
#908 = VECTOR ( 'NONE', #3656, 1000.000000000000000 ) ;
#909 = VECTOR ( 'NONE', #3651, 1000.000000000000000 ) ;
#910 = CONICAL_SURFACE ( 'NONE', #999, 5.000000000000000000, 0.7853981633974569400 ) ;
#911 = AXIS2_PLACEMENT_3D ( 'NONE', #3198, #3212, #3213 ) ;
#912 = AXIS2_PLACEMENT_3D ( 'NONE', #2331, #2330, #2329 ) ;
#913 = AXIS2_PLACEMENT_3D ( 'NONE', #4528, #4532, #4525 ) ;
#914 = CIRCLE ( 'NONE', #917, 1.219500000000000900 ) ;
#915 = AXIS2_PLACEMENT_3D ( 'NONE', #4405, #4404, #4403 ) ;
#916 = AXIS2_PLACEMENT_3D ( 'NONE', #4548, #4555, #4545 ) ;
#917 = AXIS2_PLACEMENT_3D ( 'NONE', #2343, #2342, #2341 ) ;
#918 = AXIS2_PLACEMENT_3D ( 'NONE', #4449, #4448, #4447 ) ;
#919 = CIRCLE ( 'NONE', #905, 7.299999999999972300 ) ;
#920 = CIRCLE ( 'NONE', #949, 5.000000000000004400 ) ;
#921 = AXIS2_PLACEMENT_3D ( 'NONE', #1278, #1266, #1265 ) ;
#922 = AXIS2_PLACEMENT_3D ( 'NONE', #4483, #4486, #4570 ) ;
#923 = AXIS2_PLACEMENT_3D ( 'NONE', #1232, #1236, #1230 ) ;
#924 = AXIS2_PLACEMENT_3D ( 'NONE', #4566, #4421, #4473 ) ;
#925 = CIRCLE ( 'NONE', #995, 4.800000000000032700 ) ;
#926 = AXIS2_PLACEMENT_3D ( 'NONE', #1271, #1272, #1280 ) ;
#927 = VECTOR ( 'NONE', #2339, 1000.000000000000100 ) ;
#928 = AXIS2_PLACEMENT_3D ( 'NONE', #3216, #3215, #3206 ) ;
#929 = CIRCLE ( 'NONE', #998, 6.500000000000002700 ) ;
#930 = AXIS2_PLACEMENT_3D ( 'NONE', #4497, #4567, #4474 ) ;
#931 = CIRCLE ( 'NONE', #619, 1.249999999999996700 ) ;
#932 = CIRCLE ( 'NONE', #978, 15.00000000000000000 ) ;
#933 = CONICAL_SURFACE ( 'NONE', #1020, 14.50000000000000400, 0.7853981633974482800 ) ;
#934 = VECTOR ( 'NONE', #2149, 1000.000000000000000 ) ;
#935 = AXIS2_PLACEMENT_3D ( 'NONE', #1227, #4503, #4422 ) ;
#936 = CIRCLE ( 'NONE', #846, 7.066846170922473500 ) ;
#937 = AXIS2_PLACEMENT_3D ( 'NONE', #1262, #1252, #1251 ) ;
#938 = AXIS2_PLACEMENT_3D ( 'NONE', #3395, #3401, #3402 ) ;
#939 = AXIS2_PLACEMENT_3D ( 'NONE', #4409, #4408, #4407 ) ;
#940 = CIRCLE ( 'NONE', #1031, 15.00000000000000000 ) ;
#941 = CONICAL_SURFACE ( 'NONE', #1009, 15.00000000000000000, 0.7853981633974482800 ) ;
#942 = VECTOR ( 'NONE', #2369, 1000.000000000000200 ) ;
#943 = VECTOR ( 'NONE', #1951, 1000.000000000000000 ) ;
#944 = CIRCLE ( 'NONE', #939, 14.50000000000000400 ) ;
#945 = CIRCLE ( 'NONE', #1015, 10.10000000000000000 ) ;
#946 = AXIS2_PLACEMENT_3D ( 'NONE', #2992, #2990, #2986 ) ;
#947 = AXIS2_PLACEMENT_3D ( 'NONE', #3410, #3409, #3400 ) ;
#948 = AXIS2_PLACEMENT_3D ( 'NONE', #4514, #4513, #4512 ) ;
#949 = AXIS2_PLACEMENT_3D ( 'NONE', #4510, #4509, #4508 ) ;
#950 = AXIS2_PLACEMENT_3D ( 'NONE', #3108, #3109, #3110 ) ;
#951 = AXIS2_PLACEMENT_3D ( 'NONE', #3057, #3055, #3052 ) ;
#952 = AXIS2_PLACEMENT_3D ( 'NONE', #3201, #3207, #3208 ) ;
#953 = AXIS2_PLACEMENT_3D ( 'NONE', #3133, #3134, #3135 ) ;
#954 = VECTOR ( 'NONE', #2302, 1000.000000000000000 ) ;
#955 = VECTOR ( 'NONE', #2285, 1000.000000000000000 ) ;
#956 = CIRCLE ( 'NONE', #674, 15.00000000000000000 ) ;
#957 = AXIS2_PLACEMENT_3D ( 'NONE', #2200, #2199, #2198 ) ;
#958 = AXIS2_PLACEMENT_3D ( 'NONE', #2160, #2158, #2157 ) ;
#959 = VECTOR ( 'NONE', #1993, 1000.000000000000000 ) ;
#960 = AXIS2_PLACEMENT_3D ( 'NONE', #2973, #2971, #2967 ) ;
#961 = VECTOR ( 'NONE', #2313, 1000.000000000000100 ) ;
#962 = CIRCLE ( 'NONE', #582, 15.00000000000000000 ) ;
#963 = AXIS2_PLACEMENT_3D ( 'NONE', #1977, #1976, #1975 ) ;
#964 = CIRCLE ( 'NONE', #651, 3.302905619136107700 ) ;
#965 = VECTOR ( 'NONE', #3094, 1000.000000000000000 ) ;
#966 = AXIS2_PLACEMENT_3D ( 'NONE', #4531, #4533, #4544 ) ;
#967 = AXIS2_PLACEMENT_3D ( 'NONE', #4550, #4551, #4560 ) ;
#968 = CIRCLE ( 'NONE', #963, 14.50000000000000400 ) ;
#969 = CONICAL_SURFACE ( 'NONE', #985, 1.219500000000000500, 1.047197551196600700 ) ;
#970 = AXIS2_PLACEMENT_3D ( 'NONE', #4521, #4520, #4519 ) ;
#971 = CIRCLE ( 'NONE', #605, 12.79999999999999500 ) ;
#972 = AXIS2_PLACEMENT_3D ( 'NONE', #4471, #4469, #4468 ) ;
#973 = CONICAL_SURFACE ( 'NONE', #926, 5.000000000000004400, 0.7853981633974598300 ) ;
#974 = AXIS2_PLACEMENT_3D ( 'NONE', #4457, #4456, #4455 ) ;
#975 = CONICAL_SURFACE ( 'NONE', #561, 6.799999999999993600, 0.7853981633974426200 ) ;
#976 = CONICAL_SURFACE ( 'NONE', #966, 9.000000000000007100, 0.7853981633974396200 ) ;
#977 = AXIS2_PLACEMENT_3D ( 'NONE', #4527, #4482, #4511 ) ;
#978 = AXIS2_PLACEMENT_3D ( 'NONE', #2139, #2138, #2137 ) ;
#979 = CIRCLE ( 'NONE', #598, 4.700000000000002800 ) ;
#980 = CIRCLE ( 'NONE', #918, 14.50000000000000400 ) ;
#981 = AXIS2_PLACEMENT_3D ( 'NONE', #4576, #4559, #4558 ) ;
#982 = CIRCLE ( 'NONE', #836, 7.066846170922473500 ) ;
#983 = VECTOR ( 'NONE', #4416, 1000.000000000000000 ) ;
#984 = AXIS2_PLACEMENT_3D ( 'NONE', #1292, #1291, #1290 ) ;
#985 = AXIS2_PLACEMENT_3D ( 'NONE', #3036, #3034, #3030 ) ;
#986 = CONICAL_SURFACE ( 'NONE', #880, 9.999999999999987600, 0.7853981633974627100 ) ;
#987 = CIRCLE ( 'NONE', #861, 1.249999999999996700 ) ;
#988 = CIRCLE ( 'NONE', #984, 7.299999999999972300 ) ;
#989 = AXIS2_PLACEMENT_3D ( 'NONE', #4499, #4575, #4574 ) ;
#990 = AXIS2_PLACEMENT_3D ( 'NONE', #4571, #4554, #4553 ) ;
#991 = VECTOR ( 'NONE', #1282, 1000.000000000000000 ) ;
#992 = VECTOR ( 'NONE', #4488, 1000.000000000000000 ) ;
#993 = AXIS2_PLACEMENT_3D ( 'NONE', #1312, #1311, #1310 ) ;
#994 = VECTOR ( 'NONE', #4478, 1000.000000000000000 ) ;
#995 = AXIS2_PLACEMENT_3D ( 'NONE', #4491, #4490, #4489 ) ;
#996 = AXIS2_PLACEMENT_3D ( 'NONE', #4507, #4506, #4505 ) ;
#997 = AXIS2_PLACEMENT_3D ( 'NONE', #3027, #3025, #3021 ) ;
#998 = AXIS2_PLACEMENT_3D ( 'NONE', #4495, #4494, #4493 ) ;
#999 = AXIS2_PLACEMENT_3D ( 'NONE', #1257, #1258, #1267 ) ;
#1000 = AXIS2_PLACEMENT_3D ( 'NONE', #1276, #1275, #1274 ) ;
#1001 = AXIS2_PLACEMENT_3D ( 'NONE', #1308, #1307, #1306 ) ;
#1002 = CIRCLE ( 'NONE', #996, 10.10000000000000000 ) ;
#1003 = AXIS2_PLACEMENT_3D ( 'NONE', #3059, #3056, #3062 ) ;
#1004 = VECTOR ( 'NONE', #2142, 1000.000000000000000 ) ;
#1005 = AXIS2_PLACEMENT_3D ( 'NONE', #1305, #1304, #1303 ) ;
#1006 = AXIS2_PLACEMENT_3D ( 'NONE', #3018, #3016, #3013 ) ;
#1007 = VECTOR ( 'NONE', #2001, 1000.000000000000000 ) ;
#1008 = VECTOR ( 'NONE', #3111, 1000.000000000000000 ) ;
#1009 = AXIS2_PLACEMENT_3D ( 'NONE', #3053, #3051, #3048 ) ;
#1010 = AXIS2_PLACEMENT_3D ( 'NONE', #2998, #2995, #3001 ) ;
#1011 = AXIS2_PLACEMENT_3D ( 'NONE', #2013, #2012, #2011 ) ;
#1012 = CIRCLE ( 'NONE', #1039, 15.00000000000000000 ) ;
#1013 = CIRCLE ( 'NONE', #730, 12.39999999999999700 ) ;
#1014 = VECTOR ( 'NONE', #3154, 1000.000000000000000 ) ;
#1015 = AXIS2_PLACEMENT_3D ( 'NONE', #4502, #4501, #4500 ) ;
#1016 = CIRCLE ( 'NONE', #958, 12.79999999999999700 ) ;
#1017 = VECTOR ( 'NONE', #3095, 1000.000000000000000 ) ;
#1018 = CIRCLE ( 'NONE', #915, 14.50000000000000400 ) ;
#1019 = AXIS2_PLACEMENT_3D ( 'NONE', #4577, #4569, #4565 ) ;
#1020 = AXIS2_PLACEMENT_3D ( 'NONE', #3014, #3012, #3008 ) ;
#1021 = VECTOR ( 'NONE', #1279, 1000.000000000000000 ) ;
#1022 = VECTOR ( 'NONE', #4671, 1000.000000000000000 ) ;
#1023 = CONICAL_SURFACE ( 'NONE', #928, 15.00000000000000000, 0.7853981633974482800 ) ;
#1024 = AXIS2_PLACEMENT_3D ( 'NONE', #3020, #3017, #3023 ) ;
#1025 = AXIS2_PLACEMENT_3D ( 'NONE', #2171, #2170, #2169 ) ;
#1026 = AXIS2_PLACEMENT_3D ( 'NONE', #3086, #3083, #3089 ) ;
#1027 = CIRCLE ( 'NONE', #974, 6.799999999999993600 ) ;
#1028 = AXIS2_PLACEMENT_3D ( 'NONE', #4414, #4413, #4412 ) ;
#1029 = VECTOR ( 'NONE', #2155, 1000.000000000000000 ) ;
#1030 = CIRCLE ( 'NONE', #891, 1.975000000000000100 ) ;
#1031 = AXIS2_PLACEMENT_3D ( 'NONE', #1997, #1996, #1995 ) ;
#1032 = VECTOR ( 'NONE', #2255, 1000.000000000000000 ) ;
#1033 = CIRCLE ( 'NONE', #614, 12.69999999999999800 ) ;
#1034 = AXIS2_PLACEMENT_3D ( 'NONE', #3066, #3064, #3060 ) ;
#1035 = CIRCLE ( 'NONE', #782, 12.79999999999999700 ) ;
#1036 = AXIS2_PLACEMENT_3D ( 'NONE', #1268, #1261, #1260 ) ;
#1037 = CIRCLE ( 'NONE', #608, 14.50000000000000400 ) ;
#1038 = CONICAL_SURFACE ( 'NONE', #1048, 12.79999999999999700, 0.7853981633974466100 ) ;
#1039 = AXIS2_PLACEMENT_3D ( 'NONE', #1965, #1964, #1963 ) ;
#1040 = AXIS2_PLACEMENT_3D ( 'NONE', #1507, #1510, #1504 ) ;
#1041 = VECTOR ( 'NONE', #2152, 1000.000000000000000 ) ;
#1042 = AXIS2_PLACEMENT_3D ( 'NONE', #1243, #1247, #1241 ) ;
#1043 = CIRCLE ( 'NONE', #1028, 15.00000000000000000 ) ;
#1044 = AXIS2_PLACEMENT_3D ( 'NONE', #3073, #3069, #3076 ) ;
#1045 = CIRCLE ( 'NONE', #610, 9.699999999999999300 ) ;
#1046 = VECTOR ( 'NONE', #3127, 1000.000000000000000 ) ;
#1047 = TOROIDAL_SURFACE ( 'NONE', #716, -5.035115387764525500E-006, 31.65479979514894300 ) ;
#1048 = AXIS2_PLACEMENT_3D ( 'NONE', #3045, #3043, #3039 ) ;
#1049 = AXIS2_PLACEMENT_3D ( 'NONE', #3049, #3047, #3044 ) ;
#1050 = CIRCLE ( 'NONE', #630, 10.10000000000000000 ) ;
#1051 = CIRCLE ( 'NONE', #621, 12.50000000000001600 ) ;
#1052 = VECTOR ( 'NONE', #4515, 1000.000000000000000 ) ;
#1053 = AXIS2_PLACEMENT_3D ( 'NONE', #3005, #3003, #2999 ) ;
#1054 = LINE ( 'NONE', #69, #742 ) ;
#1055 = DIRECTION ( 'NONE',  ( 0.0000000000000000000, 0.0000000000000000000, 1.000000000000000000 ) ) ;
#1056 = ADVANCED_FACE ( 'NONE', ( #95 ), #84, .F. ) ;
#1057 = ADVANCED_FACE ( 'NONE', ( #79 ), #74, .F. ) ;
#1058 = ADVANCED_FACE ( 'NONE', ( #72 ), #71, .T. ) ;
#1059 = ADVANCED_FACE ( 'NONE', ( #65 ), #64, .F. ) ;
#1060 = ADVANCED_FACE ( 'NONE', ( #1463 ), #11, .T. ) ;
#1061 = ADVANCED_FACE ( 'NONE', ( #1459 ), #1456, .F. ) ;
#1062 = ADVANCED_FACE ( 'NONE', ( #1453 ), #1450, .F. ) ;
#1063 = ADVANCED_FACE ( 'NONE', ( #1448 ), #1447, .F. ) ;
#1064 = ADVANCED_FACE ( 'NONE', ( #1442 ), #53, .F. ) ;
#1065 = ADVANCED_FACE ( 'NONE', ( #1438, #1437 ), #1436, .F. ) ;
#1066 = ADVANCED_FACE ( 'NONE', ( #1432 ), #1431, .F. ) ;
#1067 = B_SPLINE_CURVE_WITH_KNOTS ( 'NONE', 3,
 ( #2159, #2388, #2382, #2381, #2380, #2379, #2378, #2377 ),
 .UNSPECIFIED., .F., .F.,
 ( 4, 2, 2, 4 ),
 ( 0.005734655646219493700, 0.006025878962320632200, 0.006317102278421770700, 0.006899548910624083200 ),
 .UNSPECIFIED. ) ;
#1068 = B_SPLINE_CURVE_WITH_KNOTS ( 'NONE', 3,
 ( #2173, #2172, #2168, #2167, #2166, #2165, #2164, #2163 ),
 .UNSPECIFIED., .F., .F.,
 ( 4, 2, 2, 4 ),
 ( 0.001702312536069420500, 0.002126523004785476200, 0.002550733473501532200, 0.003399154410933643600 ),
 .UNSPECIFIED. ) ;
#1069 = B_SPLINE_CURVE_WITH_KNOTS ( 'NONE', 3,
 ( #3641, #3646, #3645, #3640 ),
 .UNSPECIFIED., .F., .F.,
 ( 4, 4 ),
 ( 0.008680015058265254700, 0.009231943859462337500 ),
 .UNSPECIFIED. ) ;
#1070 = B_SPLINE_CURVE_WITH_KNOTS ( 'NONE', 3,
 ( #2368, #2370, #2374, #2367, #2366, #2365, #2364, #2363 ),
 .UNSPECIFIED., .F., .F.,
 ( 4, 2, 2, 4 ),
 ( 0.001969177248129965700, 0.002290404153528373400, 0.002611631058926781500, 0.003254084869723562200 ),
 .UNSPECIFIED. ) ;
#1071 = B_SPLINE_CURVE_WITH_KNOTS ( 'NONE', 3,
 ( #2266, #2269, #2283, #2264 ),
 .UNSPECIFIED., .F., .F.,
 ( 4, 4 ),
 ( 0.002497473072301270100, 0.003399154410933641400 ),
 .UNSPECIFIED. ) ;
#1072 = B_SPLINE_CURVE_WITH_KNOTS ( 'NONE', 3,
 ( #2140, #2141, #2135, #2134, #2133, #2132 ),
 .UNSPECIFIED., .F., .F.,
 ( 4, 2, 4 ),
 ( 0.001183424957158833700, 0.001955210692901659400, 0.002726996428644485600 ),
 .UNSPECIFIED. ) ;
#1073 = B_SPLINE_CURVE_WITH_KNOTS ( 'NONE', 3,
 ( #2356, #2361, #2362, #2355, #2354, #2353, #2352, #2351 ),
 .UNSPECIFIED., .F., .F.,
 ( 4, 2, 2, 4 ),
 ( 0.004772956608241958600, 0.005063836159471871000, 0.005354715710701783400, 0.005936474813161573400 ),
 .UNSPECIFIED. ) ;
#1074 = B_SPLINE_CURVE_WITH_KNOTS ( 'NONE', 3,
 ( #2300, #2303, #2344, #2298, #2297, #2296 ),
 .UNSPECIFIED., .F., .F.,
 ( 4, 2, 4 ),
 ( 0.0009050147816423816700, 0.001303663658855939000, 0.001702312536069496600 ),
 .UNSPECIFIED. ) ;
#1075 = B_SPLINE_CURVE_WITH_KNOTS ( 'NONE', 3,
 ( #2398, #2153, #2396, #2395, #2394, #2393 ),
 .UNSPECIFIED., .F., .F.,
 ( 4, 2, 4 ),
 ( 0.002929429223840380600, 0.003572243548656793700, 0.004215057873473206400 ),
 .UNSPECIFIED. ) ;
#1076 = B_SPLINE_CURVE_WITH_KNOTS ( 'NONE', 3,
 ( #2203, #2202, #2196, #2195, #2194, #2193, #2192, #2191 ),
 .UNSPECIFIED., .F., .F.,
 ( 4, 2, 2, 4 ),
 ( 0.001702312536069501600, 0.002126523004785557300, 0.002550733473501612400, 0.003399154410933722100 ),
 .UNSPECIFIED. ) ;
#1077 = B_SPLINE_CURVE_WITH_KNOTS ( 'NONE', 3,
 ( #2049, #2048, #2044, #2043, #2042, #2041 ),
 .UNSPECIFIED., .F., .F.,
 ( 4, 2, 4 ),
 ( 2.291885370308452900E-018, 0.0003861564508089730700, 0.0007723129016179438700 ),
 .UNSPECIFIED. ) ;
#1078 = B_SPLINE_CURVE_WITH_KNOTS ( 'NONE', 3,
 ( #2275, #2284, #2282, #2273, #2272, #2271 ),
 .UNSPECIFIED., .F., .F.,
 ( 4, 2, 4 ),
 ( 3.867444393778076000E-007, 0.0004527007630408893200, 0.0009050147816424007500 ),
 .UNSPECIFIED. ) ;
#1079 = B_SPLINE_CURVE_WITH_KNOTS ( 'NONE', 3,
 ( #3634, #3639, #3638, #3633 ),
 .UNSPECIFIED., .F., .F.,
 ( 4, 4 ),
 ( 0.01011414063972415300, 0.01066606900685430000 ),
 .UNSPECIFIED. ) ;
#1080 = B_SPLINE_CURVE_WITH_KNOTS ( 'NONE', 3,
 ( #4375, #4383, #4382, #4373, #4372, #4371, #4370, #4369 ),
 .UNSPECIFIED., .F., .F.,
 ( 4, 2, 2, 4 ),
 ( 3.867444392988379800E-007, 0.0008513496402543602100, 0.001276831088161891600, 0.001702312536069423100 ),
 .UNSPECIFIED. ) ;
#1081 = B_SPLINE_CURVE_WITH_KNOTS ( 'NONE', 3,
 ( #3625, #1982, #2054, #1927, #2007, #1933 ),
 .UNSPECIFIED., .F., .F.,
 ( 4, 2, 4 ),
 ( 0.004907437045713941000, 0.005550123153328161500, 0.006192809260942381100 ),
 .UNSPECIFIED. ) ;
#1082 = B_SPLINE_CURVE_WITH_KNOTS ( 'NONE', 3,
 ( #2055, #2053, #2038, #2037, #2036, #2035, #2034, #2033 ),
 .UNSPECIFIED., .F., .F.,
 ( 4, 2, 2, 4 ),
 ( 0.005092758350870658200, 0.005478922990213759700, 0.005865087629556861200, 0.006637416908243065100 ),
 .UNSPECIFIED. ) ;
#1083 = B_SPLINE_CURVE_WITH_KNOTS ( 'NONE', 3,
 ( #2309, #2316, #2332, #2307, #2306, #2305 ),
 .UNSPECIFIED., .F., .F.,
 ( 4, 2, 4 ),
 ( 0.001702312536069419200, 0.002099892804185353200, 0.002497473072301287000 ),
 .UNSPECIFIED. ) ;
#1084 = B_SPLINE_CURVE_WITH_KNOTS ( 'NONE', 3,
 ( #2338, #2340, #2345, #2337, #2336, #2335 ),
 .UNSPECIFIED., .F., .F.,
 ( 4, 2, 4 ),
 ( 0.0009353157643286904400, 0.001578546663365077800, 0.002221777562401465100 ),
 .UNSPECIFIED. ) ;
#1085 = B_SPLINE_CURVE_WITH_KNOTS ( 'NONE', 3,
 ( #2327, #2333, #2334, #2326, #2324, #2323, #2322, #2321 ),
 .UNSPECIFIED., .F., .F.,
 ( 4, 2, 2, 4 ),
 ( 0.003743087316886011800, 0.004325262181299959300, 0.004616349613506949700, 0.004907437045713941000 ),
 .UNSPECIFIED. ) ;
#1086 = B_SPLINE_CURVE_WITH_KNOTS ( 'NONE', 3,
 ( #4406, #4391, #4381, #4380, #4379, #4378, #4377, #4376 ),
 .UNSPECIFIED., .F., .F.,
 ( 4, 2, 2, 4 ),
 ( 0.001702312536069499200, 0.002126523004785553900, 0.002550733473501608900, 0.003399154410933718200 ),
 .UNSPECIFIED. ) ;
#1087 = B_SPLINE_CURVE_WITH_KNOTS ( 'NONE', 3,
 ( #4389, #4390, #4401, #4388, #4387, #4386, #4385, #4384 ),
 .UNSPECIFIED., .F., .F.,
 ( 4, 2, 2, 4 ),
 ( 3.867444393762620800E-007, 0.0008513496402544301400, 0.001276831088161957100, 0.001702312536069484000 ),
 .UNSPECIFIED. ) ;
#1088 = B_SPLINE_CURVE_WITH_KNOTS ( 'NONE', 3,
 ( #2218, #2217, #2211, #2210, #2208, #2207, #2205, #2204 ),
 .UNSPECIFIED., .F., .F.,
 ( 4, 2, 2, 4 ),
 ( 0.001702312536069423800, 0.002126523004785477100, 0.002550733473501530000, 0.003399154410933636700 ),
 .UNSPECIFIED. ) ;
#1089 = B_SPLINE_CURVE_WITH_KNOTS ( 'NONE', 3,
 ( #2148, #2136, #2156, #363, #63, #1999 ),
 .UNSPECIFIED., .F., .F.,
 ( 4, 2, 4 ),
 ( 0.001183424957158769100, 0.001955210692901579200, 0.002726996428644389300 ),
 .UNSPECIFIED. ) ;
#1090 = B_SPLINE_CURVE_WITH_KNOTS ( 'NONE', 3,
 ( #2295, #2293, #2281, #2280, #2279, #2278, #2277, #2276 ),
 .UNSPECIFIED., .F., .F.,
 ( 4, 2, 2, 4 ),
 ( 3.867444393104494200E-007, 0.0008513496402543658500, 0.001276831088161892700, 0.001702312536069419200 ),
 .UNSPECIFIED. ) ;
#1091 = B_SPLINE_CURVE_WITH_KNOTS ( 'NONE', 3,
 ( #2197, #2190, #2182, #2181, #2180, #2179, #2178, #2177 ),
 .UNSPECIFIED., .F., .F.,
 ( 4, 2, 2, 4 ),
 ( 3.867444392995345000E-007, 0.0008513496402543606500, 0.001276831088161891200, 0.001702312536069421800 ),
 .UNSPECIFIED. ) ;
#1092 = B_SPLINE_CURVE_WITH_KNOTS ( 'NONE', 3,
 ( #2301, #2299, #2292, #2291, #2290, #2289, #2288, #2287 ),
 .UNSPECIFIED., .F., .F.,
 ( 4, 2, 2, 4 ),
 ( 0.001702312536069496600, 0.002126523004785551300, 0.002550733473501605900, 0.003399154410933713900 ),
 .UNSPECIFIED. ) ;
#1093 = B_SPLINE_CURVE_WITH_KNOTS ( 'NONE', 3,
 ( #2201, #2226, #2189, #2188, #2187, #2186, #2185, #2184 ),
 .UNSPECIFIED., .F., .F.,
 ( 4, 2, 2, 4 ),
 ( 3.867444393119308800E-007, 0.0008513496402543679100, 0.001276831088161896800, 0.001702312536069425900 ),
 .UNSPECIFIED. ) ;
#1094 = B_SPLINE_CURVE_WITH_KNOTS ( 'NONE', 3,
 ( #4731, #4724, #4719, #4718 ),
 .UNSPECIFIED., .F., .F.,
 ( 4, 4 ),
 ( 0.003572987256109672200, 0.003856586415993527300 ),
 .UNSPECIFIED. ) ;
#1095 = DIRECTION ( 'NONE',  ( -1.000000000000000000, -0.0000000000000000000, -0.0000000000000000000 ) ) ;
#1096 = CARTESIAN_POINT ( 'NONE',  ( -10.65463392176689600, 0.0000000000000000000, 0.0000000000000000000 ) ) ;
#1097 = DIRECTION ( 'NONE',  ( -1.000000000000000000, -0.0000000000000000000, -0.0000000000000000000 ) ) ;
#1098 = CARTESIAN_POINT ( 'NONE',  ( 27.60589579493226300, -0.5000000000000000000, -4.673328578219171800 ) ) ;
#1099 = LINE ( 'NONE', #1098, #763 ) ;
#1100 = CARTESIAN_POINT ( 'NONE',  ( 89.50007200000004600, 2.380908267547999100, -14.80983713014837900 ) ) ;
#1101 = FACE_OUTER_BOUND ( 'NONE', #1715, .T. ) ;
#1102 = DIRECTION ( 'NONE',  ( 0.0000000000000000000, 0.0000000000000000000, 1.000000000000000000 ) ) ;
#1103 = CYLINDRICAL_SURFACE ( 'NONE', #792, 7.476579299099265400 ) ;
#1104 = CARTESIAN_POINT ( 'NONE',  ( 0.6963980372276983300, 0.0000000000000000000, 0.0000000000000000000 ) ) ;
#1105 = FACE_OUTER_BOUND ( 'NONE', #1668, .T. ) ;
#1106 = DIRECTION ( 'NONE',  ( 0.0000000000000000000, 0.0000000000000000000, -1.000000000000000000 ) ) ;
#1107 = DIRECTION ( 'NONE',  ( 1.000000000000000000, 0.0000000000000000000, 0.0000000000000000000 ) ) ;
#1108 = DIRECTION ( 'NONE',  ( -1.000000000000000000, -0.0000000000000000000, -0.0000000000000000000 ) ) ;
#1109 = PLANE ( 'NONE',  #783 ) ;
#1110 = FACE_OUTER_BOUND ( 'NONE', #1559, .T. ) ;
#1111 = CYLINDRICAL_SURFACE ( 'NONE', #786, 9.000000000000001800 ) ;
#1112 = DIRECTION ( 'NONE',  ( 0.0000000000000000000, 0.0000000000000000000, -1.000000000000000000 ) ) ;
#1113 = DIRECTION ( 'NONE',  ( 1.000000000000000000, 0.0000000000000000000, 0.0000000000000000000 ) ) ;
#1114 = CARTESIAN_POINT ( 'NONE',  ( 89.20007199999996300, 9.000000000000003600, 0.0000000000000000000 ) ) ;
#1115 = PLANE ( 'NONE',  #776 ) ;
#1116 = FACE_BOUND ( 'NONE', #1635, .T. ) ;
#1117 = FACE_BOUND ( 'NONE', #4220, .T. ) ;
#1118 = DIRECTION ( 'NONE',  ( -0.04708928653799347000, 0.0000000000000000000, 0.9988906842559612800 ) ) ;
#1119 = DIRECTION ( 'NONE',  ( 0.9988906842559613900, 0.0000000000000000000, 0.04708928653799347700 ) ) ;
#1120 = CARTESIAN_POINT ( 'NONE',  ( 92.23051372761408100, 13.79999999999999900, 0.3972153891811439600 ) ) ;
#1121 = PLANE ( 'NONE',  #787 ) ;
#1122 = FACE_OUTER_BOUND ( 'NONE', #1692, .T. ) ;
#1123 = DIRECTION ( 'NONE',  ( 0.0000000000000000000, 0.0000000000000000000, -1.000000000000000000 ) ) ;
#1124 = CARTESIAN_POINT ( 'NONE',  ( -0.2774828918387035000, -0.4999999999999995600, 0.0000000000000000000 ) ) ;
#1125 = CARTESIAN_POINT ( 'NONE',  ( -2.999999999999985800, 7.750000000000001800, 0.0000000000000000000 ) ) ;
#1126 = LINE ( 'NONE', #1124, #774 ) ;
#1127 = DIRECTION ( 'NONE',  ( 1.000000000000000000, 0.0000000000000000000, 0.0000000000000000000 ) ) ;
#1128 = CARTESIAN_POINT ( 'NONE',  ( 0.6963980372276983300, -0.5000000000000000000, 7.459841688381843000 ) ) ;
#1129 = LINE ( 'NONE', #1128, #734 ) ;
#1130 = DIRECTION ( 'NONE',  ( 0.0000000000000000000, 0.0000000000000000000, 1.000000000000000000 ) ) ;
#1131 = DIRECTION ( 'NONE',  ( 0.0000000000000000000, 0.0000000000000000000, 1.000000000000000000 ) ) ;
#1132 = DIRECTION ( 'NONE',  ( 1.000000000000000000, 0.0000000000000000000, 0.0000000000000000000 ) ) ;
#1133 = CARTESIAN_POINT ( 'NONE',  ( 101.0000720000000300, 0.0000000000000000000, 0.0000000000000000000 ) ) ;
#1134 = LINE ( 'NONE', #1136, #741 ) ;
#1135 = FACE_OUTER_BOUND ( 'NONE', #1627, .T. ) ;
#1136 = CARTESIAN_POINT ( 'NONE',  ( -0.2602784179578964700, -0.5000000000000000000, -9.613612288161103700 ) ) ;
#1137 = DIRECTION ( 'NONE',  ( 0.0000000000000000000, 0.0000000000000000000, 1.000000000000000000 ) ) ;
#1138 = DIRECTION ( 'NONE',  ( -1.000000000000000000, 0.0000000000000000000, 0.0000000000000000000 ) ) ;
#1139 = PLANE ( 'NONE',  #647 ) ;
#1140 = FACE_OUTER_BOUND ( 'NONE', #1766, .T. ) ;
#1141 = CARTESIAN_POINT ( 'NONE',  ( 89.20007199999996300, 0.0000000000000000000, 0.0000000000000000000 ) ) ;
#1142 = DIRECTION ( 'NONE',  ( 1.000000000000000000, 0.0000000000000000000, 0.0000000000000000000 ) ) ;
#1143 = FACE_OUTER_BOUND ( 'NONE', #1594, .T. ) ;
#1144 = DIRECTION ( 'NONE',  ( 0.8415200649002864100, 0.0000000000000000000, 0.5402258605159675500 ) ) ;
#1145 = DIRECTION ( 'NONE',  ( 0.5402258605159676600, 0.0000000000000000000, -0.8415200649002865200 ) ) ;
#1146 = PLANE ( 'NONE',  #739 ) ;
#1147 = DIRECTION ( 'NONE',  ( 0.0000000000000000000, 0.0000000000000000000, 1.000000000000000000 ) ) ;
#1148 = DIRECTION ( 'NONE',  ( 1.000000000000000000, 0.0000000000000000000, 0.0000000000000000000 ) ) ;
#1149 = CARTESIAN_POINT ( 'NONE',  ( 88.60400502585311200, 0.0000000000000000000, 0.0000000000000000000 ) ) ;
#1150 = CARTESIAN_POINT ( 'NONE',  ( -0.2602784179578964700, -0.5000000000000000000, -9.613612288161103700 ) ) ;
#1151 = DIRECTION ( 'NONE',  ( 0.0000000000000000000, 1.065814103640150400E-014, 1.000000000000000000 ) ) ;
#1152 = DIRECTION ( 'NONE',  ( 1.000000000000000000, -0.0000000000000000000, -0.0000000000000000000 ) ) ;
#1153 = CARTESIAN_POINT ( 'NONE',  ( -0.2602784179578964700, 0.0000000000000000000, 0.0000000000000000000 ) ) ;
#1154 = DIRECTION ( 'NONE',  ( 0.0000000000000000000, 0.0000000000000000000, -1.000000000000000000 ) ) ;
#1155 = CARTESIAN_POINT ( 'NONE',  ( 93.76963027238601000, 13.79999999999999900, -0.3972153891811493500 ) ) ;
#1156 = FACE_OUTER_BOUND ( 'NONE', #4024, .T. ) ;
#1157 = DIRECTION ( 'NONE',  ( 1.000000000000000000, 0.0000000000000000000, 0.0000000000000000000 ) ) ;
#1158 = DIRECTION ( 'NONE',  ( 0.0000000000000000000, 0.0000000000000000000, -1.000000000000000000 ) ) ;
#1159 = DIRECTION ( 'NONE',  ( -1.000000000000000000, -0.0000000000000000000, -0.0000000000000000000 ) ) ;
#1160 = CARTESIAN_POINT ( 'NONE',  ( -2.999999999999985800, 0.0000000000000000000, 0.0000000000000000000 ) ) ;
#1161 = CARTESIAN_POINT ( 'NONE',  ( 15.87817699999999400, 1.540743955509788700E-030, 0.0000000000000000000 ) ) ;
#1162 = DIRECTION ( 'NONE',  ( 0.0000000000000000000, 0.0000000000000000000, 1.000000000000000000 ) ) ;
#1163 = DIRECTION ( 'NONE',  ( -1.000000000000000000, -0.0000000000000000000, -0.0000000000000000000 ) ) ;
#1164 = CARTESIAN_POINT ( 'NONE',  ( 100.7000720000000300, 0.0000000000000000000, 0.0000000000000000000 ) ) ;
#1165 = DIRECTION ( 'NONE',  ( 0.0000000000000000000, 0.0000000000000000000, -1.000000000000000000 ) ) ;
#1166 = FACE_OUTER_BOUND ( 'NONE', #1759, .T. ) ;
#1167 = DIRECTION ( 'NONE',  ( -0.8415200649002866400, -0.0000000000000000000, -0.5402258605159672200 ) ) ;
#1168 = DIRECTION ( 'NONE',  ( -0.5402258605159673300, 0.0000000000000000000, 0.8415200649002867500 ) ) ;
#1169 = CARTESIAN_POINT ( 'NONE',  ( 92.23051372761408100, 13.79999999999999900, 0.3972153891811439600 ) ) ;
#1170 = PLANE ( 'NONE',  #721 ) ;
#1171 = FACE_OUTER_BOUND ( 'NONE', #4056, .T. ) ;
#1172 = DIRECTION ( 'NONE',  ( 0.0000000000000000000, 0.0000000000000000000, 1.000000000000000000 ) ) ;
#1173 = DIRECTION ( 'NONE',  ( -1.000000000000000000, -0.0000000000000000000, -0.0000000000000000000 ) ) ;
#1174 = CYLINDRICAL_SURFACE ( 'NONE', #686, 7.750000000000001800 ) ;
#1175 = CARTESIAN_POINT ( 'NONE',  ( -10.65463392176689600, 0.0000000000000000000, 0.0000000000000000000 ) ) ;
#1176 = FACE_OUTER_BOUND ( 'NONE', #1670, .T. ) ;
#1177 = DIRECTION ( 'NONE',  ( 0.0000000000000000000, 0.0000000000000000000, -1.000000000000000000 ) ) ;
#1178 = DIRECTION ( 'NONE',  ( 0.0000000000000000000, 0.0000000000000000000, 1.000000000000000000 ) ) ;
#1179 = LINE ( 'NONE', #3593, #738 ) ;
#1180 = DIRECTION ( 'NONE',  ( -1.000000000000000000, -0.0000000000000000000, -0.0000000000000000000 ) ) ;
#1181 = DIRECTION ( 'NONE',  ( 0.0000000000000000000, 0.0000000000000000000, 1.000000000000000000 ) ) ;
#1182 = DIRECTION ( 'NONE',  ( -1.000000000000000000, -0.0000000000000000000, -0.0000000000000000000 ) ) ;
#1183 = CARTESIAN_POINT ( 'NONE',  ( 86.36129646089580100, 0.0000000000000000000, 0.0000000000000000000 ) ) ;
#1184 = LINE ( 'NONE', #1189, #691 ) ;
#1185 = LINE ( 'NONE', #3588, #705 ) ;
#1186 = DIRECTION ( 'NONE',  ( 0.0000000000000000000, 0.0000000000000000000, -1.000000000000000000 ) ) ;
#1187 = DIRECTION ( 'NONE',  ( -1.000000000000000000, -0.0000000000000000000, -0.0000000000000000000 ) ) ;
#1188 = CARTESIAN_POINT ( 'NONE',  ( 88.20399305170617800, 0.0000000000000000000, 0.0000000000000000000 ) ) ;
#1189 = CARTESIAN_POINT ( 'NONE',  ( 82.99611515979302100, 0.0000000000000000000, 1.974999999999999900 ) ) ;
#1190 = DIRECTION ( 'NONE',  ( 0.0000000000000000000, 0.0000000000000000000, 1.000000000000000000 ) ) ;
#1191 = DIRECTION ( 'NONE',  ( -1.000000000000000000, -0.0000000000000000000, -0.0000000000000000000 ) ) ;
#1192 = CARTESIAN_POINT ( 'NONE',  ( 86.40399305170613800, 0.0000000000000000000, 0.0000000000000000000 ) ) ;
#1193 = DIRECTION ( 'NONE',  ( 0.7071067811865515700, 0.0000000000000000000, -0.7071067811865435800 ) ) ;
#1194 = DIRECTION ( 'NONE',  ( 0.0000000000000000000, 0.0000000000000000000, 1.000000000000000000 ) ) ;
#1195 = DIRECTION ( 'NONE',  ( -1.000000000000000000, -0.0000000000000000000, -0.0000000000000000000 ) ) ;
#1196 = CARTESIAN_POINT ( 'NONE',  ( 88.70401700000003600, 0.0000000000000000000, 0.0000000000000000000 ) ) ;
#1197 = DIRECTION ( 'NONE',  ( 0.0000000000000000000, 8.881784197001252300E-016, 1.000000000000000000 ) ) ;
#1198 = DIRECTION ( 'NONE',  ( 1.000000000000000000, -0.0000000000000000000, -0.0000000000000000000 ) ) ;
#1199 = CARTESIAN_POINT ( 'NONE',  ( 88.40401700000003900, 0.0000000000000000000, 0.0000000000000000000 ) ) ;
#1200 = CARTESIAN_POINT ( 'NONE',  ( 91.41056700000004300, 0.0000000000000000000, -6.799999999999993600 ) ) ;
#1201 = LINE ( 'NONE', #1200, #693 ) ;
#1202 = DIRECTION ( 'NONE',  ( 0.0000000000000000000, 0.0000000000000000000, 1.000000000000000000 ) ) ;
#1203 = DIRECTION ( 'NONE',  ( -1.000000000000000000, -0.0000000000000000000, -0.0000000000000000000 ) ) ;
#1204 = CARTESIAN_POINT ( 'NONE',  ( 88.70401700000005000, 0.0000000000000000000, 0.0000000000000000000 ) ) ;
#1205 = CARTESIAN_POINT ( 'NONE',  ( 88.40401700000003900, 0.0000000000000000000, 0.0000000000000000000 ) ) ;
#1206 = DIRECTION ( 'NONE',  ( -1.000000000000000000, -0.0000000000000000000, -0.0000000000000000000 ) ) ;
#1207 = CARTESIAN_POINT ( 'NONE',  ( 88.70399305170614900, 0.0000000000000000000, 0.0000000000000000000 ) ) ;
#1208 = DIRECTION ( 'NONE',  ( 0.0000000000000000000, 8.881784197001252300E-015, -1.000000000000000000 ) ) ;
#1209 = DIRECTION ( 'NONE',  ( 1.000000000000000000, 0.0000000000000000000, 0.0000000000000000000 ) ) ;
#1210 = CARTESIAN_POINT ( 'NONE',  ( -10.65463392176689600, 9.491012693391989800E-016, -7.750000000000001800 ) ) ;
#1211 = DIRECTION ( 'NONE',  ( 1.000000000000000000, -0.0000000000000000000, -0.0000000000000000000 ) ) ;
#1212 = DIRECTION ( 'NONE',  ( -1.000000000000000000, -0.0000000000000000000, -0.0000000000000000000 ) ) ;
#1213 = CARTESIAN_POINT ( 'NONE',  ( 86.40399305170613800, 0.0000000000000000000, -1.975000000000000100 ) ) ;
#1214 = DIRECTION ( 'NONE',  ( 0.8660254037844447000, 0.0000000000000000000, -0.4999999999999892900 ) ) ;
#1215 = LINE ( 'NONE', #1213, #854 ) ;
#1216 = DIRECTION ( 'NONE',  ( 0.0000000000000000000, 0.0000000000000000000, 1.000000000000000000 ) ) ;
#1217 = LINE ( 'NONE', #1220, #637 ) ;
#1218 = DIRECTION ( 'NONE',  ( -1.000000000000000000, -0.0000000000000000000, -0.0000000000000000000 ) ) ;
#1219 = DIRECTION ( 'NONE',  ( -1.000000000000000000, -0.0000000000000000000, -0.0000000000000000000 ) ) ;
#1220 = CARTESIAN_POINT ( 'NONE',  ( -10.65463392176689600, 0.0000000000000000000, 7.750000000000001800 ) ) ;
#1221 = CARTESIAN_POINT ( 'NONE',  ( 88.20399305170617800, 0.0000000000000000000, 0.0000000000000000000 ) ) ;
#1222 = DIRECTION ( 'NONE',  ( 0.0000000000000000000, 0.0000000000000000000, 1.000000000000000000 ) ) ;
#1223 = LINE ( 'NONE', #1210, #652 ) ;
#1224 = FACE_BOUND ( 'NONE', #1747, .T. ) ;
#1225 = DIRECTION ( 'NONE',  ( -1.000000000000000000, -0.0000000000000000000, -0.0000000000000000000 ) ) ;
#1226 = CARTESIAN_POINT ( 'NONE',  ( 101.0000720000000300, 0.0000000000000000000, 0.0000000000000000000 ) ) ;
#1227 = CARTESIAN_POINT ( 'NONE',  ( 100.7000720000000300, 0.0000000000000000000, 0.0000000000000000000 ) ) ;
#1228 = DIRECTION ( 'NONE',  ( 1.000000000000000000, -0.0000000000000000000, -0.0000000000000000000 ) ) ;
#1229 = FACE_OUTER_BOUND ( 'NONE', #1565, .T. ) ;
#1230 = DIRECTION ( 'NONE',  ( 0.0000000000000000000, 0.0000000000000000000, 1.000000000000000000 ) ) ;
#1231 = CYLINDRICAL_SURFACE ( 'NONE', #923, 9.699999999999999300 ) ;
#1232 = CARTESIAN_POINT ( 'NONE',  ( 27.60589579493226300, 0.0000000000000000000, 0.0000000000000000000 ) ) ;
#1233 = FACE_OUTER_BOUND ( 'NONE', #1578, .T. ) ;
#1234 = DIRECTION ( 'NONE',  ( 0.0000000000000000000, 0.0000000000000000000, -1.000000000000000000 ) ) ;
#1235 = DIRECTION ( 'NONE',  ( 1.000000000000000000, 0.0000000000000000000, 0.0000000000000000000 ) ) ;
#1236 = DIRECTION ( 'NONE',  ( -1.000000000000000000, -0.0000000000000000000, -0.0000000000000000000 ) ) ;
#1237 = PLANE ( 'NONE',  #849 ) ;
#1238 = FACE_OUTER_BOUND ( 'NONE', #1762, .T. ) ;
#1239 = FACE_BOUND ( 'NONE', #1764, .T. ) ;
#1240 = DIRECTION ( 'NONE',  ( 0.0000000000000000000, 0.0000000000000000000, -1.000000000000000000 ) ) ;
#1241 = DIRECTION ( 'NONE',  ( 0.0000000000000000000, 0.0000000000000000000, 1.000000000000000000 ) ) ;
#1242 = CYLINDRICAL_SURFACE ( 'NONE', #1042, 10.10000000000000000 ) ;
#1243 = CARTESIAN_POINT ( 'NONE',  ( 27.60589579493226300, 0.0000000000000000000, 0.0000000000000000000 ) ) ;
#1244 = FACE_OUTER_BOUND ( 'NONE', #1714, .T. ) ;
#1245 = DIRECTION ( 'NONE',  ( -0.0000000000000000000, 0.0000000000000000000, 1.000000000000000000 ) ) ;
#1246 = DIRECTION ( 'NONE',  ( -1.000000000000000000, 0.0000000000000000000, -0.0000000000000000000 ) ) ;
#1247 = DIRECTION ( 'NONE',  ( -1.000000000000000000, -0.0000000000000000000, -0.0000000000000000000 ) ) ;
#1248 = PLANE ( 'NONE',  #596 ) ;
#1249 = FACE_BOUND ( 'NONE', #1765, .T. ) ;
#1250 = CARTESIAN_POINT ( 'NONE',  ( 92.41056700000004300, 9.699999999999999300, 0.0000000000000000000 ) ) ;
#1251 = DIRECTION ( 'NONE',  ( 0.0000000000000000000, 0.0000000000000000000, -1.000000000000000000 ) ) ;
#1252 = DIRECTION ( 'NONE',  ( 1.000000000000000000, 0.0000000000000000000, 0.0000000000000000000 ) ) ;
#1253 = FACE_OUTER_BOUND ( 'NONE', #1763, .T. ) ;
#1254 = CARTESIAN_POINT ( 'NONE',  ( 91.41056700000004300, 6.500000000000003600, 0.0000000000000000000 ) ) ;
#1255 = PLANE ( 'NONE',  #937 ) ;
#1256 = FACE_OUTER_BOUND ( 'NONE', #1590, .T. ) ;
#1257 = CARTESIAN_POINT ( 'NONE',  ( 88.50399305170621700, 0.0000000000000000000, 0.0000000000000000000 ) ) ;
#1258 = DIRECTION ( 'NONE',  ( -1.000000000000000000, -0.0000000000000000000, -0.0000000000000000000 ) ) ;
#1259 = FACE_OUTER_BOUND ( 'NONE', #1584, .T. ) ;
#1260 = DIRECTION ( 'NONE',  ( -0.0000000000000000000, 0.0000000000000000000, 1.000000000000000000 ) ) ;
#1261 = DIRECTION ( 'NONE',  ( -1.000000000000000000, 0.0000000000000000000, -0.0000000000000000000 ) ) ;
#1262 = CARTESIAN_POINT ( 'NONE',  ( 88.20399305170617800, -0.5000000000000000000, 6.659504250618444300 ) ) ;
#1263 = PLANE ( 'NONE',  #1036 ) ;
#1264 = FACE_OUTER_BOUND ( 'NONE', #1693, .T. ) ;
#1265 = DIRECTION ( 'NONE',  ( 0.0000000000000000000, 0.0000000000000000000, -1.000000000000000000 ) ) ;
#1266 = DIRECTION ( 'NONE',  ( 0.0000000000000000000, -1.000000000000000000, -0.0000000000000000000 ) ) ;
#1267 = DIRECTION ( 'NONE',  ( 0.0000000000000000000, 0.0000000000000000000, 1.000000000000000000 ) ) ;
#1268 = CARTESIAN_POINT ( 'NONE',  ( 88.70399305170617800, 3.302905619136107700, 0.0000000000000000000 ) ) ;
#1269 = PLANE ( 'NONE',  #921 ) ;
#1270 = FACE_OUTER_BOUND ( 'NONE', #1746, .T. ) ;
#1271 = CARTESIAN_POINT ( 'NONE',  ( 88.70401700000003600, 0.0000000000000000000, 0.0000000000000000000 ) ) ;
#1272 = DIRECTION ( 'NONE',  ( 1.000000000000000000, -0.0000000000000000000, -0.0000000000000000000 ) ) ;
#1273 = FACE_OUTER_BOUND ( 'NONE', #1601, .T. ) ;
#1274 = DIRECTION ( 'NONE',  ( 0.0000000000000000000, -0.0000000000000000000, 1.000000000000000000 ) ) ;
#1275 = DIRECTION ( 'NONE',  ( 0.0000000000000000000, 1.000000000000000000, 0.0000000000000000000 ) ) ;
#1276 = CARTESIAN_POINT ( 'NONE',  ( 88.20399305170617800, 0.5000000000000000000, 6.659504250618447000 ) ) ;
#1277 = PLANE ( 'NONE',  #1000 ) ;
#1278 = CARTESIAN_POINT ( 'NONE',  ( 88.20399305170617800, -0.5000000000000000000, 6.659504250618444300 ) ) ;
#1279 = DIRECTION ( 'NONE',  ( 0.0000000000000000000, 0.0000000000000000000, 1.000000000000000000 ) ) ;
#1280 = DIRECTION ( 'NONE',  ( 0.0000000000000000000, 0.0000000000000000000, -1.000000000000000000 ) ) ;
#1281 = CARTESIAN_POINT ( 'NONE',  ( -0.7602784179578964100, -0.5000000000000000000, -9.613612288161103700 ) ) ;
#1282 = DIRECTION ( 'NONE',  ( 0.0000000000000000000, 0.0000000000000000000, -1.000000000000000000 ) ) ;
#1283 = FACE_OUTER_BOUND ( 'NONE', #1731, .T. ) ;
#1284 = DIRECTION ( 'NONE',  ( 0.0000000000000000000, 0.0000000000000000000, 1.000000000000000000 ) ) ;
#1285 = DIRECTION ( 'NONE',  ( -1.000000000000000000, 0.0000000000000000000, 0.0000000000000000000 ) ) ;
#1286 = CARTESIAN_POINT ( 'NONE',  ( -0.2602784179578964700, -5.245791185050430900E-027, 0.0000000000000000000 ) ) ;
#1287 = LINE ( 'NONE', #1281, #1021 ) ;
#1288 = CARTESIAN_POINT ( 'NONE',  ( -0.7602784179578964100, 0.5000000000000000000, -7.282856582413222300 ) ) ;
#1289 = CARTESIAN_POINT ( 'NONE',  ( -0.2602784179578964700, 0.5000000000000000000, -7.049135748691581300 ) ) ;
#1290 = DIRECTION ( 'NONE',  ( 0.0000000000000000000, 0.0000000000000000000, -1.000000000000000000 ) ) ;
#1291 = DIRECTION ( 'NONE',  ( 1.000000000000000000, 0.0000000000000000000, 0.0000000000000000000 ) ) ;
#1292 = CARTESIAN_POINT ( 'NONE',  ( -0.7602784179578964100, -5.245791185050430900E-027, 0.0000000000000000000 ) ) ;
#1293 = LINE ( 'NONE', #1301, #991 ) ;
#1294 = CARTESIAN_POINT ( 'NONE',  ( -0.4269426835307123000, 0.5000000000000000000, -7.127047829729693100 ) ) ;
#1295 = CARTESIAN_POINT ( 'NONE',  ( -0.5936094273379664000, 0.5000000000000000000, -7.204954609676012600 ) ) ;
#1296 = CARTESIAN_POINT ( 'NONE',  ( -0.2602784179578964700, 0.5000000000000000000, 7.049135748691581300 ) ) ;
#1297 = CARTESIAN_POINT ( 'NONE',  ( -0.7602784179578964100, 0.5000000000000000000, 7.282856582413222300 ) ) ;
#1298 = DIRECTION ( 'NONE',  ( 0.0000000000000000000, 0.0000000000000000000, 1.000000000000000000 ) ) ;
#1299 = DIRECTION ( 'NONE',  ( -1.000000000000000000, 0.0000000000000000000, 0.0000000000000000000 ) ) ;
#1300 = CARTESIAN_POINT ( 'NONE',  ( -0.2602784179578964700, -5.245791185050430900E-027, 0.0000000000000000000 ) ) ;
#1301 = CARTESIAN_POINT ( 'NONE',  ( -0.2774828918387035000, -0.4999999999999995600, 0.0000000000000000000 ) ) ;
#1302 = CARTESIAN_POINT ( 'NONE',  ( -0.4269426851255287400, 0.5000000000000000000, 7.127047830475237200 ) ) ;
#1303 = DIRECTION ( 'NONE',  ( 0.0000000000000000000, 0.0000000000000000000, -1.000000000000000000 ) ) ;
#1304 = DIRECTION ( 'NONE',  ( -1.000000000000000000, 0.0000000000000000000, 0.0000000000000000000 ) ) ;
#1305 = CARTESIAN_POINT ( 'NONE',  ( 0.3119750422968985400, -5.245791185050430900E-027, 0.0000000000000000000 ) ) ;
#1306 = DIRECTION ( 'NONE',  ( 0.0000000000000000000, 0.0000000000000000000, -1.000000000000000000 ) ) ;
#1307 = DIRECTION ( 'NONE',  ( 1.000000000000000000, 0.0000000000000000000, 0.0000000000000000000 ) ) ;
#1308 = CARTESIAN_POINT ( 'NONE',  ( 0.6963980372276983300, -5.245791185050430900E-027, 0.0000000000000000000 ) ) ;
#1309 = CARTESIAN_POINT ( 'NONE',  ( -0.5936094287309181500, 0.5000000000000000000, 7.204954610327084700 ) ) ;
#1310 = DIRECTION ( 'NONE',  ( 0.0000000000000000000, 0.0000000000000000000, -1.000000000000000000 ) ) ;
#1311 = DIRECTION ( 'NONE',  ( -1.000000000000000000, -0.0000000000000000000, -0.0000000000000000000 ) ) ;
#1312 = CARTESIAN_POINT ( 'NONE',  ( 0.6963980372276974400, -1.380648743666006500E-018, 6.172809005006423900E-019 ) ) ;
#1313 = DIRECTION ( 'NONE',  ( 0.0000000000000000000, 0.0000000000000000000, 1.000000000000000000 ) ) ;
#1314 = DIRECTION ( 'NONE',  ( -1.000000000000000000, -0.0000000000000000000, -0.0000000000000000000 ) ) ;
#1315 = CARTESIAN_POINT ( 'NONE',  ( 42.57817699999996800, 1.540743955509788700E-030, 0.0000000000000000000 ) ) ;
#1316 = DIRECTION ( 'NONE',  ( 0.0000000000000000000, 0.0000000000000000000, -1.000000000000000000 ) ) ;
#1317 = DIRECTION ( 'NONE',  ( 1.000000000000000000, 0.0000000000000000000, 0.0000000000000000000 ) ) ;
#1318 = CARTESIAN_POINT ( 'NONE',  ( 16.17817700000001600, 1.540743955509788700E-030, 0.0000000000000000000 ) ) ;
#1319 = DIRECTION ( 'NONE',  ( 0.0000000000000000000, 0.0000000000000000000, -1.000000000000000000 ) ) ;
#1320 = DIRECTION ( 'NONE',  ( -1.000000000000000000, -0.0000000000000000000, -0.0000000000000000000 ) ) ;
#1321 = CARTESIAN_POINT ( 'NONE',  ( 15.87817699999999400, 1.540743955509788700E-030, 0.0000000000000000000 ) ) ;
#1322 = DIRECTION ( 'NONE',  ( 0.0000000000000000000, 0.0000000000000000000, 1.000000000000000000 ) ) ;
#1323 = DIRECTION ( 'NONE',  ( 1.000000000000000000, 0.0000000000000000000, 0.0000000000000000000 ) ) ;
#1324 = CARTESIAN_POINT ( 'NONE',  ( 42.87817699999998700, 1.540743955509788700E-030, 0.0000000000000000000 ) ) ;
#1325 = DIRECTION ( 'NONE',  ( 0.0000000000000000000, 0.0000000000000000000, 1.000000000000000000 ) ) ;
#1326 = DIRECTION ( 'NONE',  ( -1.000000000000000000, -0.0000000000000000000, -0.0000000000000000000 ) ) ;
#1327 = CARTESIAN_POINT ( 'NONE',  ( 42.87817699999998000, 0.0000000000000000000, 0.0000000000000000000 ) ) ;
#1328 = DIRECTION ( 'NONE',  ( 0.0000000000000000000, 0.0000000000000000000, 1.000000000000000000 ) ) ;
#1329 = DIRECTION ( 'NONE',  ( -1.000000000000000000, -0.0000000000000000000, -0.0000000000000000000 ) ) ;
#1330 = CARTESIAN_POINT ( 'NONE',  ( 89.20007199999994900, 0.0000000000000000000, 0.0000000000000000000 ) ) ;
#1331 = DIRECTION ( 'NONE',  ( 0.0000000000000000000, 0.0000000000000000000, -1.000000000000000000 ) ) ;
#1332 = DIRECTION ( 'NONE',  ( -1.000000000000000000, -0.0000000000000000000, -0.0000000000000000000 ) ) ;
#1333 = CARTESIAN_POINT ( 'NONE',  ( 89.20007199999996300, 0.0000000000000000000, 0.0000000000000000000 ) ) ;
#1334 = DIRECTION ( 'NONE',  ( -0.04708928653799526000, 0.0000000000000000000, 0.9988906842559612800 ) ) ;
#1335 = DIRECTION ( 'NONE',  ( 0.0000000000000000000, 1.000000000000000000, -0.0000000000000000000 ) ) ;
#1336 = CARTESIAN_POINT ( 'NONE',  ( 93.00007200000004600, 15.00000000000000000, 0.0000000000000000000 ) ) ;
#1337 = DIRECTION ( 'NONE',  ( 0.04708928653799347000, 0.0000000000000000000, -0.9988906842559612800 ) ) ;
#1338 = CARTESIAN_POINT ( 'NONE',  ( 93.72884975399802000, 15.00000000000000000, 0.4678493189881342000 ) ) ;
#1339 = LINE ( 'NONE', #1338, #858 ) ;
#1340 = DIRECTION ( 'NONE',  ( -0.8886093514382801300, 0.0000000000000000000, 0.4586648237399935700 ) ) ;
#1341 = CARTESIAN_POINT ( 'NONE',  ( 93.72884975399802000, 15.00000000000000000, 0.4678493189881342000 ) ) ;
#1342 = DIRECTION ( 'NONE',  ( 0.0000000000000000000, 1.000000000000000000, -0.0000000000000000000 ) ) ;
#1343 = CARTESIAN_POINT ( 'NONE',  ( 93.72884975399802000, 13.79999999999999900, 0.4678493189881342000 ) ) ;
#1344 = LINE ( 'NONE', #1343, #853 ) ;
#1345 = DIRECTION ( 'NONE',  ( 0.0000000000000000000, 1.000000000000000000, -0.0000000000000000000 ) ) ;
#1346 = CARTESIAN_POINT ( 'NONE',  ( 92.95929148161205500, 13.79999999999999900, 0.8650647081692806100 ) ) ;
#1347 = LINE ( 'NONE', #1346, #357 ) ;
#1348 = DIRECTION ( 'NONE',  ( 0.8415200649002865200, 0.0000000000000000000, 0.5402258605159674400 ) ) ;
#1349 = CARTESIAN_POINT ( 'NONE',  ( 92.23051372761408100, 15.00000000000000000, 0.3972153891811439600 ) ) ;
#1350 = LINE ( 'NONE', #1349, #196 ) ;
#1351 = DIRECTION ( 'NONE',  ( 0.04708928653799347000, 0.0000000000000000000, -0.9988906842559612800 ) ) ;
#1352 = CARTESIAN_POINT ( 'NONE',  ( 92.23051372761408100, 15.00000000000000000, 0.3972153891811439600 ) ) ;
#1353 = DIRECTION ( 'NONE',  ( 0.0000000000000000000, 1.000000000000000000, -0.0000000000000000000 ) ) ;
#1354 = CARTESIAN_POINT ( 'NONE',  ( 92.23051372761408100, 13.79999999999999900, 0.3972153891811439600 ) ) ;
#1355 = DIRECTION ( 'NONE',  ( 0.8886093514382797900, 0.0000000000000000000, -0.4586648237399940100 ) ) ;
#1356 = CARTESIAN_POINT ( 'NONE',  ( 92.27129424600207100, 15.00000000000000000, -0.4678493189881395800 ) ) ;
#1357 = LINE ( 'NONE', #1341, #876 ) ;
#1358 = LINE ( 'NONE', #1356, #44 ) ;
#1359 = DIRECTION ( 'NONE',  ( 0.0000000000000000000, 1.000000000000000000, -0.0000000000000000000 ) ) ;
#1360 = CARTESIAN_POINT ( 'NONE',  ( 92.27129424600207100, 13.79999999999999900, -0.4678493189881395800 ) ) ;
#1361 = LINE ( 'NONE', #1360, #40 ) ;
#1362 = DIRECTION ( 'NONE',  ( 0.0000000000000000000, 1.000000000000000000, -0.0000000000000000000 ) ) ;
#1363 = CARTESIAN_POINT ( 'NONE',  ( 93.04085251838803600, 13.79999999999999900, -0.8650647081692864900 ) ) ;
#1364 = LINE ( 'NONE', #1363, #38 ) ;
#1365 = DIRECTION ( 'NONE',  ( -0.8415200649002864100, -0.0000000000000000000, -0.5402258605159676600 ) ) ;
#1366 = CARTESIAN_POINT ( 'NONE',  ( 93.76963027238601000, 15.00000000000000000, -0.3972153891811493500 ) ) ;
#1367 = DIRECTION ( 'NONE',  ( 0.0000000000000000000, 1.000000000000000000, -0.0000000000000000000 ) ) ;
#1368 = CARTESIAN_POINT ( 'NONE',  ( 93.76963027238601000, 13.79999999999999900, -0.3972153891811493500 ) ) ;
#1369 = LINE ( 'NONE', #1352, #30 ) ;
#1370 = LINE ( 'NONE', #1368, #31 ) ;
#1371 = CARTESIAN_POINT ( 'NONE',  ( 92.95929148161205500, 14.12460706526242800, 0.8650647081692806100 ) ) ;
#1372 = CARTESIAN_POINT ( 'NONE',  ( 92.71655614958099500, 14.13415075055587500, 0.7092372845657223300 ) ) ;
#1373 = CARTESIAN_POINT ( 'NONE',  ( 92.47360805675489800, 14.14111465363273700, 0.5532732761219717500 ) ) ;
#1374 = LINE ( 'NONE', #1366, #21 ) ;
#1375 = CARTESIAN_POINT ( 'NONE',  ( 92.27129424600207100, 14.14333690159800100, -0.4678493189881395800 ) ) ;
#1376 = CARTESIAN_POINT ( 'NONE',  ( 92.25770389539683000, 14.15287321748262200, -0.1795613534357032300 ) ) ;
#1377 = CARTESIAN_POINT ( 'NONE',  ( 92.24410615373348300, 14.15359343049592100, 0.1088833963799824800 ) ) ;
#1378 = LINE ( 'NONE', #1354, #125 ) ;
#1379 = CARTESIAN_POINT ( 'NONE',  ( 93.04085251838803600, 14.12460706526242600, -0.8650647081692864900 ) ) ;
#1380 = CARTESIAN_POINT ( 'NONE',  ( 92.78451149492893500, 14.13271060728212600, -0.7327516617761777900 ) ) ;
#1381 = CARTESIAN_POINT ( 'NONE',  ( 92.52797518868109700, 14.13895429694484200, -0.6003378181702968600 ) ) ;
#1382 = CARTESIAN_POINT ( 'NONE',  ( 92.23051372761408100, 14.14549686762466000, 0.3972153891811439600 ) ) ;
#1383 = CARTESIAN_POINT ( 'NONE',  ( 93.04085251838803600, 14.12460706526242600, -0.8650647081692864900 ) ) ;
#1384 = CARTESIAN_POINT ( 'NONE',  ( 93.28358785041911000, 14.13415075055587900, -0.7092372845657164400 ) ) ;
#1385 = CARTESIAN_POINT ( 'NONE',  ( 93.52653594324519300, 14.14111465363274100, -0.5532732761219679700 ) ) ;
#1386 = CARTESIAN_POINT ( 'NONE',  ( 92.23051372761408100, 14.14549686762466000, 0.3972153891811439600 ) ) ;
#1387 = CARTESIAN_POINT ( 'NONE',  ( 93.76963027238601000, 14.14549686762466000, -0.3972153891811493500 ) ) ;
#1388 = CARTESIAN_POINT ( 'NONE',  ( 93.75603784626660800, 14.15359343049592100, -0.1088833963799912300 ) ) ;
#1389 = CARTESIAN_POINT ( 'NONE',  ( 93.74244010460327600, 14.15287321748262200, 0.1795613534356902700 ) ) ;
#1390 = CARTESIAN_POINT ( 'NONE',  ( 92.27129424600207100, 14.14333690159800100, -0.4678493189881395800 ) ) ;
#1391 = CARTESIAN_POINT ( 'NONE',  ( 92.95929148161205500, 14.12460706526242800, 0.8650647081692806100 ) ) ;
#1392 = CARTESIAN_POINT ( 'NONE',  ( 93.21563250507115600, 14.13271060728212800, 0.7327516617761801200 ) ) ;
#1393 = DIRECTION ( 'NONE',  ( -0.04708928653799526700, 0.8650647081692806100, -0.4994453421279852500 ) ) ;
#1394 = DIRECTION ( 'NONE',  ( 0.0000000000000000000, -0.5000000000000041100, -0.8660254037844364900 ) ) ;
#1395 = CARTESIAN_POINT ( 'NONE',  ( 93.00007200000004600, -7.500000000000061300, -12.99038105676654600 ) ) ;
#1396 = CARTESIAN_POINT ( 'NONE',  ( 93.72884975399802000, 14.14333690159800300, 0.4678493189881342000 ) ) ;
#1397 = CARTESIAN_POINT ( 'NONE',  ( 93.72884975399802000, 14.14333690159800300, 0.4678493189881342000 ) ) ;
#1398 = CARTESIAN_POINT ( 'NONE',  ( 93.47216881131900800, 14.13895429694484600, 0.6003378181702939700 ) ) ;
#1399 = DIRECTION ( 'NONE',  ( 0.04708928653799347700, -0.8650647081692808300, 0.4994453421279846900 ) ) ;
#1400 = CARTESIAN_POINT ( 'NONE',  ( 93.72884975399802000, -7.094830604613088500, -13.22430571626061600 ) ) ;
#1401 = LINE ( 'NONE', #1400, #179 ) ;
#1402 = DIRECTION ( 'NONE',  ( -0.8886093514382800200, 0.3972153891811451800, -0.2293324118699986100 ) ) ;
#1403 = CARTESIAN_POINT ( 'NONE',  ( 93.72884975399802000, -7.094830604613088500, -13.22430571626061600 ) ) ;
#1404 = DIRECTION ( 'NONE',  ( 0.0000000000000000000, -0.5000000000000040000, -0.8660254037844363800 ) ) ;
#1405 = CARTESIAN_POINT ( 'NONE',  ( 93.76963027238601000, 14.14549686762466000, -0.3972153891811493500 ) ) ;
#1406 = CARTESIAN_POINT ( 'NONE',  ( 93.72884975399802000, -6.494830604613083500, -12.18507523171929400 ) ) ;
#1407 = DIRECTION ( 'NONE',  ( 0.0000000000000000000, -0.5000000000000040000, -0.8660254037844363800 ) ) ;
#1408 = CARTESIAN_POINT ( 'NONE',  ( 92.95929148161205500, -6.150831986808089600, -12.38368292630986800 ) ) ;
#1409 = LINE ( 'NONE', #1408, #39 ) ;
#1410 = DIRECTION ( 'NONE',  ( 0.8415200649002866400, 0.4678493189881352500, -0.2701129302579858800 ) ) ;
#1411 = CARTESIAN_POINT ( 'NONE',  ( 92.23051372761408100, -7.156001382195069200, -13.18898875135712100 ) ) ;
#1412 = LINE ( 'NONE', #1411, #18 ) ;
#1413 = DIRECTION ( 'NONE',  ( 0.04708928653799347700, -0.8650647081692808300, 0.4994453421279846900 ) ) ;
#1414 = CARTESIAN_POINT ( 'NONE',  ( 92.23051372761408100, -7.156001382195069200, -13.18898875135712100 ) ) ;
#1415 = DIRECTION ( 'NONE',  ( 0.0000000000000000000, -0.5000000000000040000, -0.8660254037844363800 ) ) ;
#1416 = LINE ( 'NONE', #1403, #140 ) ;
#1417 = CARTESIAN_POINT ( 'NONE',  ( 92.23051372761408100, -6.556001382195064200, -12.14975826681579600 ) ) ;
#1418 = DIRECTION ( 'NONE',  ( 0.8886093514382799000, -0.3972153891811455700, 0.2293324118699988600 ) ) ;
#1419 = LINE ( 'NONE', #1406, #5 ) ;
#1420 = CARTESIAN_POINT ( 'NONE',  ( 92.27129424600207100, -7.905169395387039400, -12.75645639727247400 ) ) ;
#1421 = DIRECTION ( 'NONE',  ( 0.0000000000000000000, -0.5000000000000040000, -0.8660254037844363800 ) ) ;
#1422 = LINE ( 'NONE', #1414, #10 ) ;
#1423 = CARTESIAN_POINT ( 'NONE',  ( 92.27129424600207100, -7.305169395387034500, -11.71722591273115200 ) ) ;
#1424 = DIRECTION ( 'NONE',  ( 0.0000000000000000000, -0.5000000000000040000, -0.8660254037844363800 ) ) ;
#1425 = CARTESIAN_POINT ( 'NONE',  ( 93.04085251838803600, -7.649168013192028300, -11.51861821814057600 ) ) ;
#1426 = LINE ( 'NONE', #1423, #22 ) ;
#1427 = LINE ( 'NONE', #1425, #130 ) ;
#1428 = DIRECTION ( 'NONE',  ( -0.0000000000000000000, 0.0000000000000000000, 1.000000000000000000 ) ) ;
#1429 = DIRECTION ( 'NONE',  ( -1.000000000000000000, 0.0000000000000000000, -0.0000000000000000000 ) ) ;
#1430 = LINE ( 'NONE', #1420, #4 ) ;
#1431 = PLANE ( 'NONE',  #27 ) ;
#1432 = FACE_OUTER_BOUND ( 'NONE', #1770, .T. ) ;
#1433 = DIRECTION ( 'NONE',  ( -0.0000000000000000000, 0.0000000000000000000, 1.000000000000000000 ) ) ;
#1434 = DIRECTION ( 'NONE',  ( -1.000000000000000000, 0.0000000000000000000, -0.0000000000000000000 ) ) ;
#1435 = CARTESIAN_POINT ( 'NONE',  ( 88.70399305170617800, 3.302905619136107700, 0.0000000000000000000 ) ) ;
#1436 = PLANE ( 'NONE',  #58 ) ;
#1437 = FACE_OUTER_BOUND ( 'NONE', #1625, .T. ) ;
#1438 = FACE_BOUND ( 'NONE', #1748, .T. ) ;
#1439 = LINE ( 'NONE', #1417, #134 ) ;
#1440 = CARTESIAN_POINT ( 'NONE',  ( 86.40399305170613800, 0.0000000000000000000, 0.0000000000000000000 ) ) ;
#1441 = DIRECTION ( 'NONE',  ( 1.000000000000000000, 0.0000000000000000000, 0.0000000000000000000 ) ) ;
#1442 = FACE_OUTER_BOUND ( 'NONE', #1600, .T. ) ;
#1443 = DIRECTION ( 'NONE',  ( 0.0000000000000000000, -0.0000000000000000000, 1.000000000000000000 ) ) ;
#1444 = DIRECTION ( 'NONE',  ( 0.0000000000000000000, 1.000000000000000000, 0.0000000000000000000 ) ) ;
#1445 = CARTESIAN_POINT ( 'NONE',  ( 88.70401700000003600, 4.700000000000002800, 0.0000000000000000000 ) ) ;
#1446 = DIRECTION ( 'NONE',  ( 0.0000000000000000000, 0.0000000000000000000, -1.000000000000000000 ) ) ;
#1447 = PLANE ( 'NONE',  #8 ) ;
#1448 = FACE_OUTER_BOUND ( 'NONE', #1614, .T. ) ;
#1449 = DIRECTION ( 'NONE',  ( 0.0000000000000000000, 0.0000000000000000000, 1.000000000000000000 ) ) ;
#1450 = CYLINDRICAL_SURFACE ( 'NONE', #20, 4.700000000000002800 ) ;
#1451 = CARTESIAN_POINT ( 'NONE',  ( 88.20399305170617800, 0.5000000000000000000, 6.659504250618447000 ) ) ;
#1452 = CARTESIAN_POINT ( 'NONE',  ( 27.60589579493226300, 0.0000000000000000000, 0.0000000000000000000 ) ) ;
#1453 = FACE_OUTER_BOUND ( 'NONE', #1649, .T. ) ;
#1454 = DIRECTION ( 'NONE',  ( 0.0000000000000000000, 0.0000000000000000000, 1.000000000000000000 ) ) ;
#1455 = DIRECTION ( 'NONE',  ( -1.000000000000000000, -0.0000000000000000000, -0.0000000000000000000 ) ) ;
#1456 = CYLINDRICAL_SURFACE ( 'NONE', #49, 1.974999999999999900 ) ;
#1457 = DIRECTION ( 'NONE',  ( -1.000000000000000000, -0.0000000000000000000, -0.0000000000000000000 ) ) ;
#1458 = CARTESIAN_POINT ( 'NONE',  ( 82.99611515979302100, 0.0000000000000000000, 0.0000000000000000000 ) ) ;
#1459 = FACE_OUTER_BOUND ( 'NONE', #1683, .T. ) ;
#1460 = DIRECTION ( 'NONE',  ( 0.0000000000000000000, 0.0000000000000000000, 1.000000000000000000 ) ) ;
#1461 = CARTESIAN_POINT ( 'NONE',  ( 88.50399305170621700, 0.0000000000000000000, 0.0000000000000000000 ) ) ;
#1462 = DIRECTION ( 'NONE',  ( -1.000000000000000000, -0.0000000000000000000, -0.0000000000000000000 ) ) ;
#1463 = FACE_OUTER_BOUND ( 'NONE', #1616, .T. ) ;
#1464 = CARTESIAN_POINT ( 'NONE',  ( 93.00007200000004600, 0.0000000000000000000, 0.0000000000000000000 ) ) ;
#1465 = FACE_OUTER_BOUND ( 'NONE', #1749, .T. ) ;
#1466 = CARTESIAN_POINT ( 'NONE',  ( -2.999999999999985300, 0.0000000000000000000, 0.0000000000000000000 ) ) ;
#1467 = DIRECTION ( 'NONE',  ( 0.0000000000000000000, 0.4999999999999920100, -0.8660254037844433700 ) ) ;
#1468 = DIRECTION ( 'NONE',  ( 1.000000000000000000, 0.0000000000000000000, 0.0000000000000000000 ) ) ;
#1469 = FACE_OUTER_BOUND ( 'NONE', #1755, .T. ) ;
#1470 = CARTESIAN_POINT ( 'NONE',  ( 96.50007200000004600, 0.0000000000000000000, 0.0000000000000000000 ) ) ;
#1471 = DIRECTION ( 'NONE',  ( 0.0000000000000000000, 0.0000000000000000000, -1.000000000000000000 ) ) ;
#1472 = DIRECTION ( 'NONE',  ( -1.000000000000000000, 0.0000000000000000000, 0.0000000000000000000 ) ) ;
#1473 = FACE_OUTER_BOUND ( 'NONE', #1708, .T. ) ;
#1474 = CARTESIAN_POINT ( 'NONE',  ( 86.40399305170613800, 0.0000000000000000000, 0.0000000000000000000 ) ) ;
#1475 = DIRECTION ( 'NONE',  ( 0.0000000000000000000, 0.0000000000000000000, 1.000000000000000000 ) ) ;
#1476 = DIRECTION ( 'NONE',  ( 1.000000000000000000, 0.0000000000000000000, 0.0000000000000000000 ) ) ;
#1477 = FACE_OUTER_BOUND ( 'NONE', #1745, .T. ) ;
#1478 = DIRECTION ( 'NONE',  ( 0.0000000000000000000, 0.0000000000000000000, 1.000000000000000000 ) ) ;
#1479 = CYLINDRICAL_SURFACE ( 'NONE', #770, 9.000000000000001800 ) ;
#1480 = DIRECTION ( 'NONE',  ( 0.0000000000000000000, 0.0000000000000000000, -1.000000000000000000 ) ) ;
#1481 = CARTESIAN_POINT ( 'NONE',  ( -10.65463392176689600, 0.0000000000000000000, 0.0000000000000000000 ) ) ;
#1482 = FACE_OUTER_BOUND ( 'NONE', #1721, .T. ) ;
#1483 = DIRECTION ( 'NONE',  ( 0.0000000000000000000, 0.0000000000000000000, 1.000000000000000000 ) ) ;
#1484 = CYLINDRICAL_SURFACE ( 'NONE', #748, 15.00000000000000000 ) ;
#1485 = DIRECTION ( 'NONE',  ( -1.000000000000000000, -0.0000000000000000000, -0.0000000000000000000 ) ) ;
#1486 = CARTESIAN_POINT ( 'NONE',  ( 97.00007200000004600, 0.0000000000000000000, 0.0000000000000000000 ) ) ;
#1487 = FACE_OUTER_BOUND ( 'NONE', #1718, .T. ) ;
#1488 = CARTESIAN_POINT ( 'NONE',  ( 89.50007200000004600, 0.0000000000000000000, 0.0000000000000000000 ) ) ;
#1489 = DIRECTION ( 'NONE',  ( -1.000000000000000000, 0.0000000000000000000, 0.0000000000000000000 ) ) ;
#1490 = DIRECTION ( 'NONE',  ( -1.000000000000000000, 0.0000000000000000000, 0.0000000000000000000 ) ) ;
#1491 = FACE_OUTER_BOUND ( 'NONE', #1702, .T. ) ;
#1492 = CARTESIAN_POINT ( 'NONE',  ( 97.00007200000004600, 0.0000000000000000000, 0.0000000000000000000 ) ) ;
#1493 = DIRECTION ( 'NONE',  ( 0.0000000000000000000, 0.0000000000000000000, 1.000000000000000000 ) ) ;
#1494 = DIRECTION ( 'NONE',  ( 1.000000000000000000, -0.0000000000000000000, -0.0000000000000000000 ) ) ;
#1495 = FACE_OUTER_BOUND ( 'NONE', #1717, .T. ) ;
#1496 = CARTESIAN_POINT ( 'NONE',  ( 96.50007200000004600, 0.0000000000000000000, 0.0000000000000000000 ) ) ;
#1497 = DIRECTION ( 'NONE',  ( 0.0000000000000000000, 0.0000000000000000000, -1.000000000000000000 ) ) ;
#1498 = DIRECTION ( 'NONE',  ( -1.000000000000000000, 0.0000000000000000000, 0.0000000000000000000 ) ) ;
#1499 = FACE_OUTER_BOUND ( 'NONE', #1753, .T. ) ;
#1500 = CARTESIAN_POINT ( 'NONE',  ( -2.699999999999976600, 0.0000000000000000000, 0.0000000000000000000 ) ) ;
#1501 = DIRECTION ( 'NONE',  ( 0.0000000000000000000, 0.0000000000000000000, 1.000000000000000000 ) ) ;
#1502 = DIRECTION ( 'NONE',  ( -1.000000000000000000, 0.0000000000000000000, 0.0000000000000000000 ) ) ;
#1503 = FACE_OUTER_BOUND ( 'NONE', #1722, .T. ) ;
#1504 = DIRECTION ( 'NONE',  ( 0.0000000000000000000, 0.0000000000000000000, 1.000000000000000000 ) ) ;
#1505 = CYLINDRICAL_SURFACE ( 'NONE', #1040, 9.000000000000007100 ) ;
#1506 = DIRECTION ( 'NONE',  ( 0.0000000000000000000, 0.0000000000000000000, 1.000000000000000000 ) ) ;
#1507 = CARTESIAN_POINT ( 'NONE',  ( -70.66685078617111100, 1.540743955509788700E-030, 0.0000000000000000000 ) ) ;
#1508 = FACE_OUTER_BOUND ( 'NONE', #1725, .T. ) ;
#1509 = CARTESIAN_POINT ( 'NONE',  ( 89.20007199999996300, 0.0000000000000000000, 0.0000000000000000000 ) ) ;
#1510 = DIRECTION ( 'NONE',  ( -1.000000000000000000, -0.0000000000000000000, -0.0000000000000000000 ) ) ;
#1511 = DIRECTION ( 'NONE',  ( 1.000000000000000000, 0.0000000000000000000, 0.0000000000000000000 ) ) ;
#1512 = FACE_OUTER_BOUND ( 'NONE', #1704, .T. ) ;
#1513 = CARTESIAN_POINT ( 'NONE',  ( 89.00007200000004600, 0.0000000000000000000, 0.0000000000000000000 ) ) ;
#1514 = DIRECTION ( 'NONE',  ( 0.0000000000000000000, 0.0000000000000000000, -1.000000000000000000 ) ) ;
#1515 = DIRECTION ( 'NONE',  ( 1.000000000000000000, 0.0000000000000000000, 0.0000000000000000000 ) ) ;
#1516 = FACE_OUTER_BOUND ( 'NONE', #4025, .T. ) ;
#1517 = CARTESIAN_POINT ( 'NONE',  ( 96.50007200000004600, 0.0000000000000000000, 0.0000000000000000000 ) ) ;
#1518 = DIRECTION ( 'NONE',  ( 0.0000000000000000000, 0.0000000000000000000, -1.000000000000000000 ) ) ;
#1519 = DIRECTION ( 'NONE',  ( -1.000000000000000000, 0.0000000000000000000, 0.0000000000000000000 ) ) ;
#1520 = FACE_OUTER_BOUND ( 'NONE', #1751, .T. ) ;
#1521 = DIRECTION ( 'NONE',  ( 0.0000000000000000000, 0.0000000000000000000, 1.000000000000000000 ) ) ;
#1522 = CYLINDRICAL_SURFACE ( 'NONE', #695, 15.00000000000000000 ) ;
#1523 = DIRECTION ( 'NONE',  ( 0.0000000000000000000, 0.0000000000000000000, 1.000000000000000000 ) ) ;
#1524 = CARTESIAN_POINT ( 'NONE',  ( 97.00007200000004600, 0.0000000000000000000, 0.0000000000000000000 ) ) ;
#1525 = FACE_OUTER_BOUND ( 'NONE', #1706, .T. ) ;
#1526 = DIRECTION ( 'NONE',  ( 0.0000000000000000000, 0.0000000000000000000, 1.000000000000000000 ) ) ;
#1527 = CYLINDRICAL_SURFACE ( 'NONE', #712, 7.750000000000001800 ) ;
#1528 = DIRECTION ( 'NONE',  ( -1.000000000000000000, 0.0000000000000000000, 0.0000000000000000000 ) ) ;
#1529 = CARTESIAN_POINT ( 'NONE',  ( -10.65463392176689600, 0.0000000000000000000, 0.0000000000000000000 ) ) ;
#1530 = FACE_OUTER_BOUND ( 'NONE', #1690, .T. ) ;
#1531 = DIRECTION ( 'NONE',  ( 0.0000000000000000000, 0.0000000000000000000, 1.000000000000000000 ) ) ;
#1532 = CYLINDRICAL_SURFACE ( 'NONE', #747, 15.00000000000000000 ) ;
#1533 = DIRECTION ( 'NONE',  ( -1.000000000000000000, -0.0000000000000000000, -0.0000000000000000000 ) ) ;
#1534 = CARTESIAN_POINT ( 'NONE',  ( 97.00007200000004600, 0.0000000000000000000, 0.0000000000000000000 ) ) ;
#1535 = FACE_OUTER_BOUND ( 'NONE', #1742, .T. ) ;
#1536 = DIRECTION ( 'NONE',  ( 0.0000000000000000000, 0.0000000000000000000, 1.000000000000000000 ) ) ;
#1537 = CYLINDRICAL_SURFACE ( 'NONE', #789, 2.999999999999999100 ) ;
#1538 = DIRECTION ( 'NONE',  ( -1.000000000000000000, 0.0000000000000000000, 0.0000000000000000000 ) ) ;
#1539 = CARTESIAN_POINT ( 'NONE',  ( 99.00007200000003100, -4.529333289294181800, -16.90370196005868000 ) ) ;
#1540 = FACE_OUTER_BOUND ( 'NONE', #1705, .T. ) ;
#1541 = CARTESIAN_POINT ( 'NONE',  ( 15.87817699999999400, 1.540743955509788700E-030, 0.0000000000000000000 ) ) ;
#1542 = DIRECTION ( 'NONE',  ( -1.000000000000000000, 0.0000000000000000000, 0.0000000000000000000 ) ) ;
#1543 = DIRECTION ( 'NONE',  ( 1.000000000000000000, 0.0000000000000000000, 0.0000000000000000000 ) ) ;
#1544 = FACE_OUTER_BOUND ( 'NONE', #1575, .T. ) ;
#1545 = CARTESIAN_POINT ( 'NONE',  ( 89.00007200000004600, 0.0000000000000000000, 0.0000000000000000000 ) ) ;
#1546 = DIRECTION ( 'NONE',  ( 0.0000000000000000000, 0.0000000000000000000, -1.000000000000000000 ) ) ;
#1547 = DIRECTION ( 'NONE',  ( 1.000000000000000000, 0.0000000000000000000, 0.0000000000000000000 ) ) ;
#1548 = FACE_OUTER_BOUND ( 'NONE', #1707, .T. ) ;
#1549 = CARTESIAN_POINT ( 'NONE',  ( 93.00007200000004600, -7.500000000000061300, -12.99038105676654600 ) ) ;
#1550 = DIRECTION ( 'NONE',  ( 0.0000000000000000000, 0.0000000000000000000, -1.000000000000000000 ) ) ;
#1551 = DIRECTION ( 'NONE',  ( 0.0000000000000000000, 0.5000000000000041100, 0.8660254037844363800 ) ) ;
#1552 = FACE_OUTER_BOUND ( 'NONE', #1700, .T. ) ;
#1553 = DIRECTION ( 'NONE',  ( 0.0000000000000000000, 0.0000000000000000000, 1.000000000000000000 ) ) ;
#1554 = CYLINDRICAL_SURFACE ( 'NONE', #767, 15.00000000000000000 ) ;
#1555 = DIRECTION ( 'NONE',  ( 0.04708928653799523300, -0.8650647081692806100, 0.4994453421279849100 ) ) ;
#1556 = CARTESIAN_POINT ( 'NONE',  ( 97.00007200000004600, 0.0000000000000000000, 0.0000000000000000000 ) ) ;
#1557 = EDGE_LOOP ( 'NONE', ( #3844, #4053, #4009, #3913 ) ) ;
#1558 = FACE_OUTER_BOUND ( 'NONE', #1701, .T. ) ;
#1559 = EDGE_LOOP ( 'NONE', ( #3906, #3912 ) ) ;
#1560 = EDGE_LOOP ( 'NONE', ( #3839, #3858, #3841, #3935 ) ) ;
#1561 = DIRECTION ( 'NONE',  ( 0.0000000000000000000, 0.0000000000000000000, 1.000000000000000000 ) ) ;
#1562 = EDGE_LOOP ( 'NONE', ( #3903, #3885, #3882, #3879, #3876, #3873 ) ) ;
#1563 = CARTESIAN_POINT ( 'NONE',  ( 97.00007200000004600, 0.0000000000000000000, 0.0000000000000000000 ) ) ;
#1564 = EDGE_LOOP ( 'NONE', ( #3883, #3904, #4211, #3917 ) ) ;
#1565 = EDGE_LOOP ( 'NONE', ( #5047, #5060, #5055, #5061 ) ) ;
#1566 = DIRECTION ( 'NONE',  ( 0.0000000000000000000, 0.0000000000000000000, 1.000000000000000000 ) ) ;
#1567 = EDGE_LOOP ( 'NONE', ( #3836, #3893, #3998, #3988 ) ) ;
#1568 = DIRECTION ( 'NONE',  ( -1.000000000000000000, 0.0000000000000000000, 0.0000000000000000000 ) ) ;
#1569 = EDGE_LOOP ( 'NONE', ( #3832, #3835, #3834, #3831 ) ) ;
#1570 = CARTESIAN_POINT ( 'NONE',  ( 96.50007200000004600, 0.0000000000000000000, 0.0000000000000000000 ) ) ;
#1571 = EDGE_LOOP ( 'NONE', ( #3918, #3887, #3894, #3930, #4166, #4152 ) ) ;
#1572 = DIRECTION ( 'NONE',  ( -1.000000000000000000, 0.0000000000000000000, 0.0000000000000000000 ) ) ;
#1573 = EDGE_LOOP ( 'NONE', ( #3921, #3754, #3751, #3957 ) ) ;
#1574 = FACE_BOUND ( 'NONE', #1658, .T. ) ;
#1575 = EDGE_LOOP ( 'NONE', ( #1856, #1828, #1816, #1736 ) ) ;
#1576 = CYLINDRICAL_SURFACE ( 'NONE', #756, 15.00000000000000000 ) ;
#1577 = EDGE_LOOP ( 'NONE', ( #1827, #1791, #1831, #1809 ) ) ;
#1578 = EDGE_LOOP ( 'NONE', ( #5059, #5043, #5041, #5050 ) ) ;
#1579 = CARTESIAN_POINT ( 'NONE',  ( 97.00007200000004600, 3.752876153986707000, 14.00592448119145500 ) ) ;
#1580 = EDGE_LOOP ( 'NONE', ( #3974, #3994 ) ) ;
#1581 = CARTESIAN_POINT ( 'NONE',  ( 97.00007200000007400, 3.615182263041686600, 14.04281944807286200 ) ) ;
#1582 = EDGE_LOOP ( 'NONE', ( #4096, #4122, #4123, #4086, #4103, #4115 ) ) ;
#1583 = CARTESIAN_POINT ( 'NONE',  ( 96.98746126086480500, 3.479188317924439800, 14.09006454560156700 ) ) ;
#1584 = EDGE_LOOP ( 'NONE', ( #5120, #5063, #5121, #5122 ) ) ;
#1585 = CARTESIAN_POINT ( 'NONE',  ( 96.94012519471905900, 3.223263636837737000, 14.19934584004447400 ) ) ;
#1586 = EDGE_LOOP ( 'NONE', ( #4203, #4158, #4151, #4175, #4150, #4189 ) ) ;
#1587 = CARTESIAN_POINT ( 'NONE',  ( 96.90545730910999100, 3.101366620917588100, 14.26186225781468600 ) ) ;
#1588 = EDGE_LOOP ( 'NONE', ( #4081, #4082 ) ) ;
#1589 = CARTESIAN_POINT ( 'NONE',  ( 96.77150081976762400, 2.752427970458768000, 14.47137164505548600 ) ) ;
#1590 = EDGE_LOOP ( 'NONE', ( #4001, #4000, #4124, #4126, #4172, #4171 ) ) ;
#1591 = FACE_OUTER_BOUND ( 'NONE', #1645, .T. ) ;
#1592 = EDGE_LOOP ( 'NONE', ( #4043, #4049, #4033, #3895 ) ) ;
#1593 = DIRECTION ( 'NONE',  ( 0.0000000000000000000, -4.440892098500627000E-015, 1.000000000000000000 ) ) ;
#1594 = EDGE_LOOP ( 'NONE', ( #3845, #3898, #3897, #3900 ) ) ;
#1595 = DIRECTION ( 'NONE',  ( 1.000000000000000000, -0.0000000000000000000, -0.0000000000000000000 ) ) ;
#1596 = EDGE_LOOP ( 'NONE', ( #1787, #1732, #1857, #1860 ) ) ;
#1597 = CARTESIAN_POINT ( 'NONE',  ( 97.00007200000004600, 0.0000000000000000000, 0.0000000000000000000 ) ) ;
#1598 = EDGE_LOOP ( 'NONE', ( #1779, #1865, #1776, #1872 ) ) ;
#1599 = CARTESIAN_POINT ( 'NONE',  ( 96.64674952850681700, 2.552597061180643700, 14.63367461243265300 ) ) ;
#1600 = EDGE_LOOP ( 'NONE', ( #4205, #4206, #4125, #4143, #4142, #4073, #4004, #4078 ) ) ;
#1601 = EDGE_LOOP ( 'NONE', ( #5123, #5062, #5094, #5097, #5102, #5101, #5098, #5095 ) ) ;
#1602 = CARTESIAN_POINT ( 'NONE',  ( 96.50007200000004600, 2.380908267548200700, 14.80983713014834700 ) ) ;
#1603 = EDGE_LOOP ( 'NONE', ( #3923, #3928 ) ) ;
#1604 = EDGE_LOOP ( 'NONE', ( #3949, #3756, #3956, #3755 ) ) ;
#1605 = CARTESIAN_POINT ( 'NONE',  ( 89.00007200000004600, 3.752876153986704800, 14.00592448119144800 ) ) ;
#1606 = EDGE_LOOP ( 'NONE', ( #4034, #4157, #3981, #3980, #3975, #3977 ) ) ;
#1607 = CARTESIAN_POINT ( 'NONE',  ( 89.00007200000004600, 3.890570044931722600, 13.96902951431002600 ) ) ;
#1608 = EDGE_LOOP ( 'NONE', ( #4094, #4090, #4092, #4105, #4104, #4109 ) ) ;
#1609 = CARTESIAN_POINT ( 'NONE',  ( 89.01268273913528600, 4.031966804928476500, 13.94194799641553000 ) ) ;
#1610 = EDGE_LOOP ( 'NONE', ( #4076, #4075, #4068, #4003, #4002 ) ) ;
#1611 = CARTESIAN_POINT ( 'NONE',  ( 89.06001880528104700, 4.308244727426444600, 13.90862603301817700 ) ) ;
#1612 = EDGE_LOOP ( 'NONE', ( #5114, #5116, #5106, #5108, #5107, #5109 ) ) ;
#1613 = EDGE_LOOP ( 'NONE', ( #3965, #3747, #3748, #3745, #3746, #4235 ) ) ;
#1614 = EDGE_LOOP ( 'NONE', ( #5091, #5103, #5118, #5119, #5064, #5065 ) ) ;
#1615 = CARTESIAN_POINT ( 'NONE',  ( 89.09468669089010000, 4.445068848743916900, 13.90181833100070100 ) ) ;
#1616 = EDGE_LOOP ( 'NONE', ( #5111, #5105, #5104, #5115 ) ) ;
#1617 = CARTESIAN_POINT ( 'NONE',  ( 89.22864318023246700, 4.852013278023912700, 13.90878945745313000 ) ) ;
#1618 = DIRECTION ( 'NONE',  ( -1.000000000000000000, 0.0000000000000000000, 0.0000000000000000000 ) ) ;
#1619 = CARTESIAN_POINT ( 'NONE',  ( 96.50007200000004600, -2.380908267547896500, 14.80983713014839500 ) ) ;
#1620 = CARTESIAN_POINT ( 'NONE',  ( 96.64657826776769400, -2.552396597278339100, 14.63388029985668700 ) ) ;
#1621 = CARTESIAN_POINT ( 'NONE',  ( 96.77234339247429800, -2.754471963029364400, 14.47009341850553100 ) ) ;
#1622 = CARTESIAN_POINT ( 'NONE',  ( 96.90527642333951500, -3.100971040495196500, 14.26212532829993600 ) ) ;
#1623 = CARTESIAN_POINT ( 'NONE',  ( 96.94071520422912200, -3.225471242628464200, 14.19824620402163800 ) ) ;
#1624 = CARTESIAN_POINT ( 'NONE',  ( 96.98793317245856800, -3.482744299006451000, 14.08870665455324900 ) ) ;
#1625 = EDGE_LOOP ( 'NONE', ( #5066, #5067 ) ) ;
#1626 = CARTESIAN_POINT ( 'NONE',  ( 89.35339447149330300, 5.106223405608700400, 13.94943249567228900 ) ) ;
#1627 = EDGE_LOOP ( 'NONE', ( #4133, #3952, #4174, #3958 ) ) ;
#1628 = DIRECTION ( 'NONE',  ( -0.7071067811865474600, 0.0000000000000000000, 0.7071067811865474600 ) ) ;
#1629 = EDGE_LOOP ( 'NONE', ( #3899, #3902, #3901, #3915 ) ) ;
#1630 = CARTESIAN_POINT ( 'NONE',  ( 89.50007200000004600, 5.342991521297341800, 14.01614931439247500 ) ) ;
#1631 = EDGE_LOOP ( 'NONE', ( #255, #259, #258, #257, #256 ) ) ;
#1632 = EDGE_LOOP ( 'NONE', ( #331, #332, #329, #330 ) ) ;
#1633 = EDGE_LOOP ( 'NONE', ( #315, #312, #326, #338, #297 ) ) ;
#1634 = EDGE_LOOP ( 'NONE', ( #3861, #3864, #4227, #4228, #4226 ) ) ;
#1635 = EDGE_LOOP ( 'NONE', ( #4187, #4131 ) ) ;
#1636 = EDGE_LOOP ( 'NONE', ( #3744, #4223, #4231, #3750 ) ) ;
#1637 = EDGE_LOOP ( 'NONE', ( #321, #320, #319, #313 ) ) ;
#1638 = EDGE_LOOP ( 'NONE', ( #184, #222, #246, #292 ) ) ;
#1639 = EDGE_LOOP ( 'NONE', ( #186, #4922, #288, #231, #245, #229 ) ) ;
#1640 = EDGE_LOOP ( 'NONE', ( #3969, #4047 ) ) ;
#1641 = EDGE_LOOP ( 'NONE', ( #4994, #236, #230, #237 ) ) ;
#1642 = EDGE_LOOP ( 'NONE', ( #4998, #4995, #4997, #296 ) ) ;
#1643 = EDGE_LOOP ( 'NONE', ( #5088, #5058 ) ) ;
#1644 = EDGE_LOOP ( 'NONE', ( #3953, #3929 ) ) ;
#1645 = EDGE_LOOP ( 'NONE', ( #5014, #5013, #5035, #5012 ) ) ;
#1646 = EDGE_LOOP ( 'NONE', ( #254, #253, #252, #232 ) ) ;
#1647 = EDGE_LOOP ( 'NONE', ( #3848, #3871, #3872, #3847, #3830, #3829 ) ) ;
#1648 = EDGE_LOOP ( 'NONE', ( #3752, #4224, #4119, #4112, #4191, #4192 ) ) ;
#1649 = EDGE_LOOP ( 'NONE', ( #4101, #4102, #4149, #4148 ) ) ;
#1650 = EDGE_LOOP ( 'NONE', ( #4917, #4918, #4919, #221, #284 ) ) ;
#1651 = EDGE_LOOP ( 'NONE', ( #3919, #3924 ) ) ;
#1652 = EDGE_LOOP ( 'NONE', ( #4229, #4222, #3759, #4210, #4209, #4207 ) ) ;
#1653 = EDGE_LOOP ( 'NONE', ( #5034, #5011, #5033, #4923 ) ) ;
#1654 = EDGE_LOOP ( 'NONE', ( #345, #346, #343, #344 ) ) ;
#1655 = EDGE_LOOP ( 'NONE', ( #247, #309, #310, #307 ) ) ;
#1656 = EDGE_LOOP ( 'NONE', ( #280, #295, #4920, #233, #188 ) ) ;
#1657 = EDGE_LOOP ( 'NONE', ( #341, #342, #337, #340 ) ) ;
#1658 = EDGE_LOOP ( 'NONE', ( #5018, #5038, #5019, #5016, #5036, #5015 ) ) ;
#1659 = EDGE_LOOP ( 'NONE', ( #289, #261, #260, #287, #317, #316, #266, #265, #270, #269, #274, #273, #286 ) ) ;
#1660 = EDGE_LOOP ( 'NONE', ( #1798, #1817, #1811, #1823 ) ) ;
#1661 = EDGE_LOOP ( 'NONE', ( #3959, #4202 ) ) ;
#1662 = EDGE_LOOP ( 'NONE', ( #3984, #3985, #3978, #3986 ) ) ;
#1663 = EDGE_LOOP ( 'NONE', ( #3891, #4137, #4048, #4177, #4038, #4015 ) ) ;
#1664 = EDGE_LOOP ( 'NONE', ( #3993, #3992, #3996, #3997, #3991, #3972 ) ) ;
#1665 = EDGE_LOOP ( 'NONE', ( #4132, #4079, #4019, #3922, #4230, #3970 ) ) ;
#1666 = EDGE_LOOP ( 'NONE', ( #3979, #3976, #3982, #3983 ) ) ;
#1667 = EDGE_LOOP ( 'NONE', ( #4114, #3749, #3938 ) ) ;
#1668 = EDGE_LOOP ( 'NONE', ( #4006, #3758, #3757, #4232 ) ) ;
#1669 = ORIENTED_EDGE ( 'NONE', *, *, #4286, .F. ) ;
#1670 = EDGE_LOOP ( 'NONE', ( #4233, #4041, #4064, #4077, #4066, #4044, #4030, #4080 ) ) ;
#1671 = EDGE_LOOP ( 'NONE', ( #4091, #4127 ) ) ;
#1672 = EDGE_LOOP ( 'NONE', ( #3869, #3868, #3865, #3866, #3855, #3856 ) ) ;
#1673 = EDGE_LOOP ( 'NONE', ( #5031, #5032 ) ) ;
#1674 = EDGE_LOOP ( 'NONE', ( #293, #290 ) ) ;
#1675 = EDGE_LOOP ( 'NONE', ( #4087, #4108, #4088, #4085 ) ) ;
#1676 = EDGE_LOOP ( 'NONE', ( #4098, #4095, #4107, #3960 ) ) ;
#1677 = EDGE_LOOP ( 'NONE', ( #275, #272, #4921, #5039 ) ) ;
#1678 = EDGE_LOOP ( 'NONE', ( #268, #276, #263, #271 ) ) ;
#1679 = EDGE_LOOP ( 'NONE', ( #278, #282 ) ) ;
#1680 = EDGE_LOOP ( 'NONE', ( #4052, #4162, #4156, #4218 ) ) ;
#1681 = EDGE_LOOP ( 'NONE', ( #4032, #3896, #3910, #3905, #3911, #3914 ) ) ;
#1682 = EDGE_LOOP ( 'NONE', ( #3916, #3889, #3892, #3850, #3867, #3870 ) ) ;
#1683 = EDGE_LOOP ( 'NONE', ( #4083, #4084, #4029, #4005 ) ) ;
#1684 = EDGE_LOOP ( 'NONE', ( #3859, #3890, #3862, #3853, #4183, #3857 ) ) ;
#1685 = EDGE_LOOP ( 'NONE', ( #3860, #3878, #4185, #3863, #3852, #4184 ) ) ;
#1686 = EDGE_LOOP ( 'NONE', ( #4129, #4130, #4128, #4093 ) ) ;
#1687 = EDGE_LOOP ( 'NONE', ( #3990, #3973, #4170, #4168 ) ) ;
#1688 = EDGE_LOOP ( 'NONE', ( #4176, #4018, #4163, #4039, #4169, #4046 ) ) ;
#1689 = EDGE_LOOP ( 'NONE', ( #3842, #3843, #3838, #3837 ) ) ;
#1690 = EDGE_LOOP ( 'NONE', ( #1882, #1726, #1840, #1810, #1804, #1834, #1796, #1822 ) ) ;
#1691 = EDGE_LOOP ( 'NONE', ( #4208, #3908 ) ) ;
#1692 = EDGE_LOOP ( 'NONE', ( #3971, #4028 ) ) ;
#1693 = EDGE_LOOP ( 'NONE', ( #4173, #4180, #4195, #4194 ) ) ;
#1694 = EDGE_LOOP ( 'NONE', ( #4036, #4145, #4136, #4139, #4067, #4221 ) ) ;
#1695 = EDGE_LOOP ( 'NONE', ( #4100, #4117, #4116, #4099, #4097, #4089 ) ) ;
#1696 = EDGE_LOOP ( 'NONE', ( #3954, #4160 ) ) ;
#1697 = EDGE_LOOP ( 'NONE', ( #4031, #4199, #3937, #3933, #3946, #3840 ) ) ;
#1698 = EDGE_LOOP ( 'NONE', ( #5113, #5117, #5085, #5086, #5090 ) ) ;
#1699 = EDGE_LOOP ( 'NONE', ( #1842, #1858, #1855, #1838, #1824, #1826, #1738 ) ) ;
#1700 = EDGE_LOOP ( 'NONE', ( #1845, #1780, #1783, #1854, #1861, #1863 ) ) ;
#1701 = EDGE_LOOP ( 'NONE', ( #4979, #4978, #5026, #4977 ) ) ;
#1702 = EDGE_LOOP ( 'NONE', ( #4936, #4935, #4934, #4933 ) ) ;
#1703 = EDGE_LOOP ( 'NONE', ( #5004, #4992, #4954, #4955 ) ) ;
#1704 = EDGE_LOOP ( 'NONE', ( #1815, #1862, #1820, #1790 ) ) ;
#1705 = EDGE_LOOP ( 'NONE', ( #4949, #4948, #4947, #4943, #4942, #4941 ) ) ;
#1706 = EDGE_LOOP ( 'NONE', ( #4929, #5020, #4928, #4927 ) ) ;
#1707 = EDGE_LOOP ( 'NONE', ( #4932, #4931, #4930, #5021 ) ) ;
#1708 = EDGE_LOOP ( 'NONE', ( #350, #351, #347, #348 ) ) ;
#1709 = EDGE_LOOP ( 'NONE', ( #4967, #4990, #4991 ) ) ;
#1710 = EDGE_LOOP ( 'NONE', ( #4940, #4939, #4938, #4937 ) ) ;
#1711 = EDGE_LOOP ( 'NONE', ( #5023, #5022 ) ) ;
#1712 = EDGE_LOOP ( 'NONE', ( #197, #4925, #328, #4924 ) ) ;
#1713 = EDGE_LOOP ( 'NONE', ( #1873, #1729, #1728, #1879, #1833, #1880, #1793, #1848 ) ) ;
#1714 = EDGE_LOOP ( 'NONE', ( #5070, #5071, #5093, #5096 ) ) ;
#1715 = EDGE_LOOP ( 'NONE', ( #4037, #4167, #4134, #4161 ) ) ;
#1716 = EDGE_LOOP ( 'NONE', ( #4971, #4970, #4969, #4968 ) ) ;
#1717 = EDGE_LOOP ( 'NONE', ( #4959, #4958, #4972, #4973 ) ) ;
#1718 = EDGE_LOOP ( 'NONE', ( #4956, #4957, #4960, #4961 ) ) ;
#1719 = EDGE_LOOP ( 'NONE', ( #1874, #1871, #1839, #1864 ) ) ;
#1720 = EDGE_LOOP ( 'NONE', ( #1777, #1786, #1868, #1876 ) ) ;
#1721 = EDGE_LOOP ( 'NONE', ( #1818, #1807, #1814, #1851 ) ) ;
#1722 = EDGE_LOOP ( 'NONE', ( #1853, #1881, #1875, #1866 ) ) ;
#1723 = EDGE_LOOP ( 'NONE', ( #234, #238, #311, #239 ) ) ;
#1724 = EDGE_LOOP ( 'NONE', ( #1867, #1835, #1800 ) ) ;
#1725 = EDGE_LOOP ( 'NONE', ( #1806, #1737, #1877, #1832 ) ) ;
#1726 = ORIENTED_EDGE ( 'NONE', *, *, #4253, .T. ) ;
#1727 = ORIENTED_EDGE ( 'NONE', *, *, #4889, .T. ) ;
#1728 = ORIENTED_EDGE ( 'NONE', *, *, #4288, .T. ) ;
#1729 = ORIENTED_EDGE ( 'NONE', *, *, #4287, .T. ) ;
#1730 = ORIENTED_EDGE ( 'NONE', *, *, #4893, .F. ) ;
#1731 = EDGE_LOOP ( 'NONE', ( #4062, #4069, #4071, #4070, #4072, #4111 ) ) ;
#1732 = ORIENTED_EDGE ( 'NONE', *, *, #4885, .T. ) ;
#1733 = ORIENTED_EDGE ( 'NONE', *, *, #4890, .T. ) ;
#1734 = LINE ( 'NONE', #1771, #356 ) ;
#1735 = ORIENTED_EDGE ( 'NONE', *, *, #4237, .F. ) ;
#1736 = ORIENTED_EDGE ( 'NONE', *, *, #4306, .F. ) ;
#1737 = ORIENTED_EDGE ( 'NONE', *, *, #4298, .T. ) ;
#1738 = ORIENTED_EDGE ( 'NONE', *, *, #4321, .F. ) ;
#1739 = ORIENTED_EDGE ( 'NONE', *, *, #4250, .F. ) ;
#1740 = ORIENTED_EDGE ( 'NONE', *, *, #4285, .T. ) ;
#1741 = EDGE_LOOP ( 'NONE', ( #4200, #4042, #3989, #3995 ) ) ;
#1742 = EDGE_LOOP ( 'NONE', ( #5024, #4986, #4985, #4984 ) ) ;
#1743 = EDGE_LOOP ( 'NONE', ( #1802, #1869, #1812, #1852 ) ) ;
#1744 = EDGE_LOOP ( 'NONE', ( #1772, #1843, #1740, #1669 ) ) ;
#1745 = EDGE_LOOP ( 'NONE', ( #1782, #1821, #1739, #1773, #1781, #1795, #1878, #1870 ) ) ;
#1746 = EDGE_LOOP ( 'NONE', ( #4141, #4140, #4120, #4155, #5048, #5092 ) ) ;
#1747 = EDGE_LOOP ( 'NONE', ( #5051, #5089 ) ) ;
#1748 = EDGE_LOOP ( 'NONE', ( #5082, #5083 ) ) ;
#1749 = EDGE_LOOP ( 'NONE', ( #4987, #5025 ) ) ;
#1750 = EDGE_LOOP ( 'NONE', ( #1841, #1837, #4946, #4944, #4945, #4950 ) ) ;
#1751 = EDGE_LOOP ( 'NONE', ( #4981, #5030, #5029, #4980 ) ) ;
#1752 = EDGE_LOOP ( 'NONE', ( #4965, #4966, #4964 ) ) ;
#1753 = EDGE_LOOP ( 'NONE', ( #4926, #4953, #4952, #4951 ) ) ;
#1754 = EDGE_LOOP ( 'NONE', ( #1784, #1846, #1805, #1808 ) ) ;
#1755 = EDGE_LOOP ( 'NONE', ( #1819, #1801, #1803, #1794 ) ) ;
#1756 = EDGE_LOOP ( 'NONE', ( #1825, #1813, #1788, #1844 ) ) ;
#1757 = EDGE_LOOP ( 'NONE', ( #1735, #1778, #1847, #1785 ) ) ;
#1758 = EDGE_LOOP ( 'NONE', ( #4193, #4204, #3961, #4022, #4035, #4017 ) ) ;
#1759 = EDGE_LOOP ( 'NONE', ( #3927, #3932, #3931, #3888 ) ) ;
#1760 = EDGE_LOOP ( 'NONE', ( #5045, #5044, #5042, #5040 ) ) ;
#1761 = EDGE_LOOP ( 'NONE', ( #5054, #5053, #5056, #5049 ) ) ;
#1762 = EDGE_LOOP ( 'NONE', ( #5052, #5046 ) ) ;
#1763 = EDGE_LOOP ( 'NONE', ( #5072, #5073 ) ) ;
#1764 = EDGE_LOOP ( 'NONE', ( #5100, #5057 ) ) ;
#1765 = EDGE_LOOP ( 'NONE', ( #5074, #5075 ) ) ;
#1766 = EDGE_LOOP ( 'NONE', ( #3964, #4190, #4154, #4113, #4121 ) ) ;
#1767 = EDGE_LOOP ( 'NONE', ( #3948, #3967 ) ) ;
#1768 = EDGE_LOOP ( 'NONE', ( #3963, #3962, #4135, #4181, #4179, #3968 ) ) ;
#1769 = EDGE_LOOP ( 'NONE', ( #5078, #5079, #5076, #5077 ) ) ;
#1770 = EDGE_LOOP ( 'NONE', ( #4065, #4063, #4060, #4061 ) ) ;
#1771 = CARTESIAN_POINT ( 'NONE',  ( -0.2774828918387035000, 0.4999999999999995600, 0.0000000000000000000 ) ) ;
#1772 = ORIENTED_EDGE ( 'NONE', *, *, #4283, .T. ) ;
#1773 = ORIENTED_EDGE ( 'NONE', *, *, #4900, .T. ) ;
#1774 = ORIENTED_EDGE ( 'NONE', *, *, #4244, .F. ) ;
#1775 = ORIENTED_EDGE ( 'NONE', *, *, #4894, .F. ) ;
#1776 = ORIENTED_EDGE ( 'NONE', *, *, #4891, .T. ) ;
#1777 = ORIENTED_EDGE ( 'NONE', *, *, #4274, .T. ) ;
#1778 = ORIENTED_EDGE ( 'NONE', *, *, #4242, .T. ) ;
#1779 = ORIENTED_EDGE ( 'NONE', *, *, #4893, .T. ) ;
#1780 = ORIENTED_EDGE ( 'NONE', *, *, #4323, .T. ) ;
#1781 = ORIENTED_EDGE ( 'NONE', *, *, #4251, .F. ) ;
#1782 = ORIENTED_EDGE ( 'NONE', *, *, #4258, .T. ) ;
#1783 = ORIENTED_EDGE ( 'NONE', *, *, #4324, .T. ) ;
#1784 = ORIENTED_EDGE ( 'NONE', *, *, #4255, .T. ) ;
#1785 = ORIENTED_EDGE ( 'NONE', *, *, #4257, .F. ) ;
#1786 = ORIENTED_EDGE ( 'NONE', *, *, #4277, .T. ) ;
#1787 = ORIENTED_EDGE ( 'NONE', *, *, #4887, .F. ) ;
#1788 = ORIENTED_EDGE ( 'NONE', *, *, #4254, .T. ) ;
#1789 = ORIENTED_EDGE ( 'NONE', *, *, #4895, .F. ) ;
#1790 = ORIENTED_EDGE ( 'NONE', *, *, #4314, .F. ) ;
#1791 = ORIENTED_EDGE ( 'NONE', *, *, #4886, .T. ) ;
#1792 = ORIENTED_EDGE ( 'NONE', *, *, #4888, .T. ) ;
#1793 = ORIENTED_EDGE ( 'NONE', *, *, #4292, .T. ) ;
#1794 = ORIENTED_EDGE ( 'NONE', *, *, #4282, .F. ) ;
#1795 = ORIENTED_EDGE ( 'NONE', *, *, #4901, .T. ) ;
#1796 = ORIENTED_EDGE ( 'NONE', *, *, #4273, .F. ) ;
#1797 = ORIENTED_EDGE ( 'NONE', *, *, #4240, .F. ) ;
#1798 = ORIENTED_EDGE ( 'NONE', *, *, #4307, .T. ) ;
#1799 = ORIENTED_EDGE ( 'NONE', *, *, #4881, .F. ) ;
#1800 = ORIENTED_EDGE ( 'NONE', *, *, #4296, .F. ) ;
#1801 = ORIENTED_EDGE ( 'NONE', *, *, #4281, .T. ) ;
#1802 = ORIENTED_EDGE ( 'NONE', *, *, #4258, .F. ) ;
#1803 = ORIENTED_EDGE ( 'NONE', *, *, #4271, .F. ) ;
#1804 = ORIENTED_EDGE ( 'NONE', *, *, #4896, .F. ) ;
#1805 = ORIENTED_EDGE ( 'NONE', *, *, #4239, .T. ) ;
#1806 = ORIENTED_EDGE ( 'NONE', *, *, #4297, .T. ) ;
#1807 = ORIENTED_EDGE ( 'NONE', *, *, #4269, .T. ) ;
#1808 = ORIENTED_EDGE ( 'NONE', *, *, #4266, .F. ) ;
#1809 = ORIENTED_EDGE ( 'NONE', *, *, #4882, .F. ) ;
#1810 = ORIENTED_EDGE ( 'NONE', *, *, #4252, .F. ) ;
#1811 = ORIENTED_EDGE ( 'NONE', *, *, #4309, .F. ) ;
#1812 = ORIENTED_EDGE ( 'NONE', *, *, #4260, .T. ) ;
#1813 = ORIENTED_EDGE ( 'NONE', *, *, #4899, .T. ) ;
#1814 = ORIENTED_EDGE ( 'NONE', *, *, #4271, .T. ) ;
#1815 = ORIENTED_EDGE ( 'NONE', *, *, #4311, .F. ) ;
#1816 = ORIENTED_EDGE ( 'NONE', *, *, #4299, .F. ) ;
#1817 = ORIENTED_EDGE ( 'NONE', *, *, #4308, .T. ) ;
#1818 = ORIENTED_EDGE ( 'NONE', *, *, #4275, .T. ) ;
#1819 = ORIENTED_EDGE ( 'NONE', *, *, #4280, .F. ) ;
#1820 = ORIENTED_EDGE ( 'NONE', *, *, #4313, .T. ) ;
#1821 = ORIENTED_EDGE ( 'NONE', *, *, #4262, .T. ) ;
#1822 = ORIENTED_EDGE ( 'NONE', *, *, #4276, .F. ) ;
#1823 = ORIENTED_EDGE ( 'NONE', *, *, #4310, .F. ) ;
#1824 = ORIENTED_EDGE ( 'NONE', *, *, #4319, .F. ) ;
#1825 = ORIENTED_EDGE ( 'NONE', *, *, #4237, .T. ) ;
#1826 = ORIENTED_EDGE ( 'NONE', *, *, #4320, .T. ) ;
#1827 = ORIENTED_EDGE ( 'NONE', *, *, #4892, .T. ) ;
#1828 = ORIENTED_EDGE ( 'NONE', *, *, #4305, .T. ) ;
#1829 = ORIENTED_EDGE ( 'NONE', *, *, #4256, .F. ) ;
#1830 = ORIENTED_EDGE ( 'NONE', *, *, #4897, .T. ) ;
#1831 = ORIENTED_EDGE ( 'NONE', *, *, #4883, .F. ) ;
#1832 = ORIENTED_EDGE ( 'NONE', *, *, #4300, .F. ) ;
#1833 = ORIENTED_EDGE ( 'NONE', *, *, #4290, .F. ) ;
#1834 = ORIENTED_EDGE ( 'NONE', *, *, #4248, .F. ) ;
#1835 = ORIENTED_EDGE ( 'NONE', *, *, #4295, .T. ) ;
#1836 = ORIENTED_EDGE ( 'NONE', *, *, #4247, .F. ) ;
#1837 = ORIENTED_EDGE ( 'NONE', *, *, #4329, .T. ) ;
#1838 = ORIENTED_EDGE ( 'NONE', *, *, #4318, .F. ) ;
#1839 = ORIENTED_EDGE ( 'NONE', *, *, #4297, .F. ) ;
#1840 = ORIENTED_EDGE ( 'NONE', *, *, #4268, .T. ) ;
#1841 = ORIENTED_EDGE ( 'NONE', *, *, #4328, .F. ) ;
#1842 = ORIENTED_EDGE ( 'NONE', *, *, #4315, .F. ) ;
#1843 = ORIENTED_EDGE ( 'NONE', *, *, #4284, .T. ) ;
#1844 = ORIENTED_EDGE ( 'NONE', *, *, #4264, .F. ) ;
#1845 = ORIENTED_EDGE ( 'NONE', *, *, #4322, .F. ) ;
#1846 = ORIENTED_EDGE ( 'NONE', *, *, #4265, .T. ) ;
#1847 = ORIENTED_EDGE ( 'NONE', *, *, #4238, .F. ) ;
#1848 = ORIENTED_EDGE ( 'NONE', *, *, #4293, .F. ) ;
#1849 = ORIENTED_EDGE ( 'NONE', *, *, #4246, .F. ) ;
#1850 = ORIENTED_EDGE ( 'NONE', *, *, #4243, .T. ) ;
#1851 = ORIENTED_EDGE ( 'NONE', *, *, #4270, .F. ) ;
#1852 = ORIENTED_EDGE ( 'NONE', *, *, #4261, .F. ) ;
#1853 = ORIENTED_EDGE ( 'NONE', *, *, #4268, .F. ) ;
#1854 = ORIENTED_EDGE ( 'NONE', *, *, #4325, .F. ) ;
#1855 = ORIENTED_EDGE ( 'NONE', *, *, #4317, .T. ) ;
#1856 = ORIENTED_EDGE ( 'NONE', *, *, #4304, .F. ) ;
#1857 = ORIENTED_EDGE ( 'NONE', *, *, #4892, .F. ) ;
#1858 = ORIENTED_EDGE ( 'NONE', *, *, #4316, .T. ) ;
#1859 = ORIENTED_EDGE ( 'NONE', *, *, #4884, .F. ) ;
#1860 = ORIENTED_EDGE ( 'NONE', *, *, #4880, .F. ) ;
#1861 = ORIENTED_EDGE ( 'NONE', *, *, #4326, .T. ) ;
#1862 = ORIENTED_EDGE ( 'NONE', *, *, #4312, .T. ) ;
#1863 = ORIENTED_EDGE ( 'NONE', *, *, #4327, .F. ) ;
#1864 = ORIENTED_EDGE ( 'NONE', *, *, #4303, .F. ) ;
#1865 = ORIENTED_EDGE ( 'NONE', *, *, #4878, .T. ) ;
#1866 = ORIENTED_EDGE ( 'NONE', *, *, #4279, .F. ) ;
#1867 = ORIENTED_EDGE ( 'NONE', *, *, #4294, .T. ) ;
#1868 = ORIENTED_EDGE ( 'NONE', *, *, #4267, .T. ) ;
#1869 = ORIENTED_EDGE ( 'NONE', *, *, #4898, .T. ) ;
#1870 = ORIENTED_EDGE ( 'NONE', *, *, #4249, .F. ) ;
#1871 = ORIENTED_EDGE ( 'NONE', *, *, #4302, .T. ) ;
#1872 = ORIENTED_EDGE ( 'NONE', *, *, #4879, .F. ) ;
#1873 = ORIENTED_EDGE ( 'NONE', *, *, #4285, .F. ) ;
#1874 = ORIENTED_EDGE ( 'NONE', *, *, #4301, .F. ) ;
#1875 = ORIENTED_EDGE ( 'NONE', *, *, #4278, .F. ) ;
#1876 = ORIENTED_EDGE ( 'NONE', *, *, #4272, .F. ) ;
#1877 = ORIENTED_EDGE ( 'NONE', *, *, #4299, .T. ) ;
#1878 = ORIENTED_EDGE ( 'NONE', *, *, #4259, .F. ) ;
#1879 = ORIENTED_EDGE ( 'NONE', *, *, #4289, .F. ) ;
#1880 = ORIENTED_EDGE ( 'NONE', *, *, #4291, .F. ) ;
#1881 = ORIENTED_EDGE ( 'NONE', *, *, #4263, .T. ) ;
#1882 = ORIENTED_EDGE ( 'NONE', *, *, #4245, .F. ) ;
#1883 = ORIENTED_EDGE ( 'NONE', *, *, #4241, .T. ) ;
#1884 = B_SPLINE_CURVE_WITH_KNOTS ( 'NONE', 3,
 ( #3144, #3145, #3150, #3151 ),
 .UNSPECIFIED., .F., .F.,
 ( 4, 4 ),
 ( 0.003573641994195581600, 0.003857242590161746200 ),
 .UNSPECIFIED. ) ;
#1885 = B_SPLINE_CURVE_WITH_KNOTS ( 'NONE', 3,
 ( #2580, #2581, #2585, #2586, #2587, #2588, #2589, #2590 ),
 .UNSPECIFIED., .F., .F.,
 ( 4, 2, 2, 4 ),
 ( 3.867444393104494200E-007, 0.0008513496402543642300, 0.001276831088161892000, 0.001702312536069419600 ),
 .UNSPECIFIED. ) ;
#1886 = B_SPLINE_CURVE_WITH_KNOTS ( 'NONE', 3,
 ( #1602, #1599, #1589, #1587, #1585, #1583, #1581, #1579 ),
 .UNSPECIFIED., .F., .F.,
 ( 4, 2, 2, 4 ),
 ( 3.867444393101452900E-007, 0.0008513496402543687800, 0.001276831088161899400, 0.001702312536069430000 ),
 .UNSPECIFIED. ) ;
#1887 = B_SPLINE_CURVE_WITH_KNOTS ( 'NONE', 3,
 ( #1630, #1626, #1617, #1615, #1611, #1609, #1607, #1605 ),
 .UNSPECIFIED., .F., .F.,
 ( 4, 2, 2, 4 ),
 ( 3.867444393785803600E-007, 0.0008513496402544411000, 0.001276831088161971400, 0.001702312536069501600 ),
 .UNSPECIFIED. ) ;
#1888 = B_SPLINE_CURVE_WITH_KNOTS ( 'NONE', 3,
 ( #2039, #2040, #2031, #2030, #2029, #2028 ),
 .UNSPECIFIED., .F., .F.,
 ( 4, 2, 4 ),
 ( 0.007712119389405161700, 0.008293524253910894100, 0.008874929118416627300 ),
 .UNSPECIFIED. ) ;
#1889 = B_SPLINE_CURVE_WITH_KNOTS ( 'NONE', 3,
 ( #1943, #1944, #1932, #1931, #1930, #1929 ),
 .UNSPECIFIED., .F., .F.,
 ( 4, 2, 4 ),
 ( 0.007048524912837007800, 0.007433573450174712400, 0.007818621987512416900 ),
 .UNSPECIFIED. ) ;
#1890 = B_SPLINE_CURVE_WITH_KNOTS ( 'NONE', 3,
 ( #2612, #2613, #2618, #2619, #2620, #2621, #2622, #2623 ),
 .UNSPECIFIED., .F., .F.,
 ( 4, 2, 2, 4 ),
 ( 3.867444393090107900E-007, 0.0008513496402543688900, 0.001276831088161897700, 0.001702312536069426600 ),
 .UNSPECIFIED. ) ;
#1891 = B_SPLINE_CURVE_WITH_KNOTS ( 'NONE', 3,
 ( #2032, #2022, #1986, #1985, #1984, #1983, #1981, #1980 ),
 .UNSPECIFIED., .F., .F.,
 ( 4, 2, 2, 4 ),
 ( 0.001702312536069423100, 0.002126523004785479700, 0.002550733473501536100, 0.003399154410933646200 ),
 .UNSPECIFIED. ) ;
#1892 = B_SPLINE_CURVE_WITH_KNOTS ( 'NONE', 3,
 ( #2643, #2642, #2647, #2648, #2649, #2650 ),
 .UNSPECIFIED., .F., .F.,
 ( 4, 2, 4 ),
 ( 0.0009050147816424007500, 0.001303663658855945800, 0.001702312536069490800 ),
 .UNSPECIFIED. ) ;
#1893 = B_SPLINE_CURVE_WITH_KNOTS ( 'NONE', 3,
 ( #2630, #2631, #2636, #2637, #2638, #2639 ),
 .UNSPECIFIED., .F., .F.,
 ( 4, 2, 4 ),
 ( 0.001702312536069420300, 0.002099892804185345000, 0.002497473072301270100 ),
 .UNSPECIFIED. ) ;
#1894 = B_SPLINE_CURVE_WITH_KNOTS ( 'NONE', 3,
 ( #1994, #2000, #1998, #1992, #1991, #1990, #1989, #1988 ),
 .UNSPECIFIED., .F., .F.,
 ( 4, 2, 2, 4 ),
 ( 3.867444393009945800E-007, 0.0008513496402543629200, 0.001276831088161893800, 0.001702312536069424800 ),
 .UNSPECIFIED. ) ;
#1895 = B_SPLINE_CURVE_WITH_KNOTS ( 'NONE', 3,
 ( #2562, #2561, #2563, #2564, #2565, #2566, #2567, #2568 ),
 .UNSPECIFIED., .F., .F.,
 ( 4, 2, 2, 4 ),
 ( 0.001702312536069420900, 0.002126523004785474900, 0.002550733473501529100, 0.003399154410933637500 ),
 .UNSPECIFIED. ) ;
#1896 = B_SPLINE_CURVE_WITH_KNOTS ( 'NONE', 3,
 ( #3159, #3140, #3149, #3161 ),
 .UNSPECIFIED., .F., .F.,
 ( 4, 4 ),
 ( 0.004031440973754253300, 0.004610600221860128600 ),
 .UNSPECIFIED. ) ;
#1897 = B_SPLINE_CURVE_WITH_KNOTS ( 'NONE', 3,
 ( #2662, #2663, #2667, #2668, #2669, #2670, #2671, #2672 ),
 .UNSPECIFIED., .F., .F.,
 ( 4, 2, 2, 4 ),
 ( 3.867444392994464700E-007, 0.0008513496402543606500, 0.001276831088161890500, 0.001702312536069420300 ),
 .UNSPECIFIED. ) ;
#1898 = B_SPLINE_CURVE_WITH_KNOTS ( 'NONE', 3,
 ( #2600, #2601, #2606, #2607, #2608, #2609, #2610, #2611 ),
 .UNSPECIFIED., .F., .F.,
 ( 4, 2, 2, 4 ),
 ( 0.001702312536069419600, 0.002126523004785477100, 0.002550733473501534800, 0.003399154410933650100 ),
 .UNSPECIFIED. ) ;
#1899 = B_SPLINE_CURVE_WITH_KNOTS ( 'NONE', 3,
 ( #2651, #2652, #2656, #2657, #2658, #2659, #2660, #2661 ),
 .UNSPECIFIED., .F., .F.,
 ( 4, 2, 2, 4 ),
 ( 0.001702312536069426600, 0.002126523004785481000, 0.002550733473501535200, 0.003399154410933646200 ),
 .UNSPECIFIED. ) ;
#1900 = B_SPLINE_CURVE_WITH_KNOTS ( 'NONE', 3,
 ( #2605, #2617, #2624, #2625, #2626, #2627, #2628, #2629 ),
 .UNSPECIFIED., .F., .F.,
 ( 4, 2, 2, 4 ),
 ( 3.867444392975122700E-007, 0.0008513496402543581500, 0.001276831088161889400, 0.001702312536069420900 ),
 .UNSPECIFIED. ) ;
#1901 = B_SPLINE_CURVE_WITH_KNOTS ( 'NONE', 3,
 ( #1967, #1968, #1962, #1961, #1960, #1959, #1958, #1957 ),
 .UNSPECIFIED., .F., .F.,
 ( 4, 2, 2, 4 ),
 ( 0.001702312536069430000, 0.002126523004785485800, 0.002550733473501541300, 0.003399154410933652300 ),
 .UNSPECIFIED. ) ;
#1902 = B_SPLINE_CURVE_WITH_KNOTS ( 'NONE', 3,
 ( #1950, #1949, #1942, #1941, #1940, #1939, #1938, #1937 ),
 .UNSPECIFIED., .F., .F.,
 ( 4, 2, 2, 4 ),
 ( 0.001702312536069424800, 0.002126523004785478800, 0.002550733473501532600, 0.003399154410933645300 ),
 .UNSPECIFIED. ) ;
#1903 = B_SPLINE_CURVE_WITH_KNOTS ( 'NONE', 3,
 ( #1910, #1911, #1624, #1623, #1622, #1621, #1620, #1619 ),
 .UNSPECIFIED., .F., .F.,
 ( 4, 2, 2, 4 ),
 ( 0.001702312536069489900, 0.002126523004785543400, 0.002550733473501597200, 0.003399154410933705200 ),
 .UNSPECIFIED. ) ;
#1904 = B_SPLINE_CURVE_WITH_KNOTS ( 'NONE', 3,
 ( #2015, #2014, #2009, #2008, #2006, #2005, #2004, #2003 ),
 .UNSPECIFIED., .F., .F.,
 ( 4, 2, 2, 4 ),
 ( 3.867444393785804100E-007, 0.0008513496402544277600, 0.001276831088161958800, 0.001702312536069489900 ),
 .UNSPECIFIED. ) ;
#1905 = B_SPLINE_CURVE_WITH_KNOTS ( 'NONE', 3,
 ( #2027, #2026, #2021, #2020, #2019, #2018, #2017, #2016 ),
 .UNSPECIFIED., .F., .F.,
 ( 4, 2, 2, 4 ),
 ( 0.001702312536069425900, 0.002126523004785479700, 0.002550733473501533500, 0.003399154410933637100 ),
 .UNSPECIFIED. ) ;
#1906 = B_SPLINE_CURVE_WITH_KNOTS ( 'NONE', 3,
 ( #1979, #1978, #1974, #1973, #1972, #1971, #1970, #1969 ),
 .UNSPECIFIED., .F., .F.,
 ( 4, 2, 2, 4 ),
 ( 3.867444393104708600E-007, 0.0008513496402543713800, 0.001276831088161898500, 0.001702312536069425700 ),
 .UNSPECIFIED. ) ;
#1907 = B_SPLINE_CURVE_WITH_KNOTS ( 'NONE', 3,
 ( #2569, #2570, #2574, #2575, #2576, #2577, #2578, #2579 ),
 .UNSPECIFIED., .F., .F.,
 ( 4, 2, 2, 4 ),
 ( 0.001702312536069484000, 0.002126523004785540000, 0.002550733473501595900, 0.003399154410933708700 ),
 .UNSPECIFIED. ) ;
#1908 = B_SPLINE_CURVE_WITH_KNOTS ( 'NONE', 3,
 ( #3163, #3158, #3160, #3164 ),
 .UNSPECIFIED., .F., .F.,
 ( 4, 4 ),
 ( 0.003380012380601599200, 0.003959217690366286800 ),
 .UNSPECIFIED. ) ;
#1909 = CARTESIAN_POINT ( 'NONE',  ( 89.00007200000004600, 0.0000000000000000000, 0.0000000000000000000 ) ) ;
#1910 = CARTESIAN_POINT ( 'NONE',  ( 97.00007200000004600, -3.752876153986414400, 14.00592448119153300 ) ) ;
#1911 = CARTESIAN_POINT ( 'NONE',  ( 97.00007200000006000, -3.615593576086989700, 14.04270923707453600 ) ) ;
#1912 = CC_DESIGN_PERSON_AND_ORGANIZATION_ASSIGNMENT ( #2917, #2918, ( #3732 ) ) ;
#1913 = PRODUCT_DEFINITION ( 'UNKNOWN', '', #5260, #5403 ) ;
#1914 = APPROVAL ( #2921, 'UNSPECIFIED' ) ;
#1915 = CC_DESIGN_PERSON_AND_ORGANIZATION_ASSIGNMENT ( #2927, #2928, ( #1913 ) ) ;
#1916 = CC_DESIGN_DATE_AND_TIME_ASSIGNMENT ( #2931, #2932, ( #1913 ) ) ;
#1917 = APPROVAL ( #2934, 'UNSPECIFIED' ) ;
#1918 = CC_DESIGN_PERSON_AND_ORGANIZATION_ASSIGNMENT ( #2940, #2941, ( #5260 ) ) ;
#1919 = CC_DESIGN_PERSON_AND_ORGANIZATION_ASSIGNMENT ( #2942, #2943, ( #5260 ) ) ;
#1920 = CC_DESIGN_PERSON_AND_ORGANIZATION_ASSIGNMENT ( #2945, #2946, ( #5256 ) ) ;
#1921 = CC_DESIGN_DATE_AND_TIME_ASSIGNMENT ( #2949, #2950, ( #5256 ) ) ;
#1922 = APPROVAL ( #2952, 'UNSPECIFIED' ) ;
#1923 = PRODUCT_RELATED_PRODUCT_CATEGORY ( 'detail', '', ( #3732 ) ) ;
#1924 = LINE ( 'NONE', #1936, #959 ) ;
#1925 = DIRECTION ( 'NONE',  ( 0.0000000000000000000, -1.000000000000000000, -0.0000000000000000000 ) ) ;
#1926 = CARTESIAN_POINT ( 'NONE',  ( 94.25007200000004600, 0.0000000000000000000, 0.0000000000000000000 ) ) ;
#1927 = CARTESIAN_POINT ( 'NONE',  ( 92.25296163941465000, -6.557201017404347400, 13.49126763709506300 ) ) ;
#1928 = LINE ( 'NONE', #1926, #834 ) ;
#1929 = CARTESIAN_POINT ( 'NONE',  ( 94.25007200000004600, 15.00000000000000000, 8.894960955186827100E-045 ) ) ;
#1930 = CARTESIAN_POINT ( 'NONE',  ( 94.25007200000003100, 15.00000000000000200, 0.1302018466978957200 ) ) ;
#1931 = CARTESIAN_POINT ( 'NONE',  ( 94.22949026770429300, 14.99824752591886100, 0.2599768430678442400 ) ) ;
#1932 = CARTESIAN_POINT ( 'NONE',  ( 94.15074531495642400, 14.99199815399932800, 0.5049833246194479500 ) ) ;
#1933 = CARTESIAN_POINT ( 'NONE',  ( 91.98295126624970000, -6.861930710726603900, 13.33843719935687000 ) ) ;
#1934 = LINE ( 'NONE', #1935, #809 ) ;
#1935 = CARTESIAN_POINT ( 'NONE',  ( 96.50007200000004600, 0.0000000000000000000, 15.00000000000000000 ) ) ;
#1936 = CARTESIAN_POINT ( 'NONE',  ( 94.00007200000004600, -5.342991521297049600, 14.01614931439259100 ) ) ;
#1937 = CARTESIAN_POINT ( 'NONE',  ( 89.50007200000004600, 9.466845608851326000, 11.63524104684438000 ) ) ;
#1938 = CARTESIAN_POINT ( 'NONE',  ( 89.35356573223242500, 9.527380443704593900, 11.39711379697714500 ) ) ;
#1939 = CARTESIAN_POINT ( 'NONE',  ( 89.22780060752580800, 9.620489403248429400, 11.15423251404491400 ) ) ;
#1940 = CARTESIAN_POINT ( 'NONE',  ( 89.09486757666059000, 9.816582361618905800, 10.80087732601741700 ) ) ;
#1941 = CARTESIAN_POINT ( 'NONE',  ( 89.05942879577094100, 9.892463137303471000, 10.68330628055427000 ) ) ;
#1942 = CARTESIAN_POINT ( 'NONE',  ( 89.01221082754152300, 10.06049836510186600, 10.45980571980653700 ) ) ;
#1943 = CARTESIAN_POINT ( 'NONE',  ( 94.01719273374989400, 14.98239081678971700, 0.7266122851811376300 ) ) ;
#1944 = CARTESIAN_POINT ( 'NONE',  ( 94.09214945431182300, 14.98747945955369300, 0.6216869540625948900 ) ) ;
#1945 = DIRECTION ( 'NONE',  ( -1.000000000000000000, 0.0000000000000000000, 0.0000000000000000000 ) ) ;
#1946 = DIRECTION ( 'NONE',  ( 0.0000000000000000000, -1.065814103640150300E-014, 1.000000000000000000 ) ) ;
#1947 = DIRECTION ( 'NONE',  ( 1.000000000000000000, -0.0000000000000000000, -0.0000000000000000000 ) ) ;
#1948 = CARTESIAN_POINT ( 'NONE',  ( 89.50007200000004600, 0.0000000000000000000, 0.0000000000000000000 ) ) ;
#1949 = CARTESIAN_POINT ( 'NONE',  ( 89.00007200000000300, 10.15255050518865300, 10.35354614922122000 ) ) ;
#1950 = CARTESIAN_POINT ( 'NONE',  ( 89.00007200000004600, 10.25304832720506300, 10.25304832720481200 ) ) ;
#1951 = DIRECTION ( 'NONE',  ( 1.000000000000000000, -0.0000000000000000000, -0.0000000000000000000 ) ) ;
#1952 = DIRECTION ( 'NONE',  ( 0.0000000000000000000, 8.881784197001252300E-016, 1.000000000000000000 ) ) ;
#1953 = DIRECTION ( 'NONE',  ( 1.000000000000000000, -0.0000000000000000000, -0.0000000000000000000 ) ) ;
#1954 = CARTESIAN_POINT ( 'NONE',  ( 97.00007200000004600, 0.0000000000000000000, 0.0000000000000000000 ) ) ;
#1955 = CARTESIAN_POINT ( 'NONE',  ( 94.00007200000004600, 5.342991521297341800, 14.01614931439247500 ) ) ;
#1956 = LINE ( 'NONE', #1955, #830 ) ;
#1957 = CARTESIAN_POINT ( 'NONE',  ( 96.50007200000004600, 5.342991521297342700, 14.01614931439247500 ) ) ;
#1958 = CARTESIAN_POINT ( 'NONE',  ( 96.64657826776766600, 5.106499856152363600, 13.94951039425568800 ) ) ;
#1959 = CARTESIAN_POINT ( 'NONE',  ( 96.77234339247426900, 4.849604015257364500, 13.90870447707447800 ) ) ;
#1960 = CARTESIAN_POINT ( 'NONE',  ( 96.90527642333951500, 4.445542966681285800, 13.90184836651281400 ) ) ;
#1961 = CARTESIAN_POINT ( 'NONE',  ( 96.94071520422915000, 4.305783066718428900, 13.90877752318294300 ) ) ;
#1962 = CARTESIAN_POINT ( 'NONE',  ( 96.98793317245859700, 4.028208289451629100, 13.94255001881320600 ) ) ;
#1963 = DIRECTION ( 'NONE',  ( 0.0000000000000000000, 0.0000000000000000000, 1.000000000000000000 ) ) ;
#1964 = DIRECTION ( 'NONE',  ( -1.000000000000000000, 0.0000000000000000000, 0.0000000000000000000 ) ) ;
#1965 = CARTESIAN_POINT ( 'NONE',  ( 96.50007200000004600, 0.0000000000000000000, 0.0000000000000000000 ) ) ;
#1966 = LINE ( 'NONE', #1987, #943 ) ;
#1967 = CARTESIAN_POINT ( 'NONE',  ( 97.00007200000004600, 3.752876153986707000, 14.00592448119145500 ) ) ;
#1968 = CARTESIAN_POINT ( 'NONE',  ( 97.00007200000003100, 3.890158731886126400, 13.96913972530842700 ) ) ;
#1969 = CARTESIAN_POINT ( 'NONE',  ( 97.00007200000004600, 10.25304832720507000, 10.25304832720481800 ) ) ;
#1970 = CARTESIAN_POINT ( 'NONE',  ( 97.00007200000006000, 10.15224940314146300, 10.35384725126842100 ) ) ;
#1971 = CARTESIAN_POINT ( 'NONE',  ( 96.98746126086481900, 10.05809774067341100, 10.46275967849116900 ) ) ;
#1972 = CARTESIAN_POINT ( 'NONE',  ( 96.94012519471905900, 9.891101112618347500, 10.68536239618052400 ) ) ;
#1973 = CARTESIAN_POINT ( 'NONE',  ( 96.90545730910996300, 9.816793409071090400, 10.80045171008319800 ) ) ;
#1974 = CARTESIAN_POINT ( 'NONE',  ( 96.77150081976758100, 9.619358367031898300, 11.15636148699445400 ) ) ;
#1975 = DIRECTION ( 'NONE',  ( 0.0000000000000000000, 0.0000000000000000000, 1.000000000000000000 ) ) ;
#1976 = DIRECTION ( 'NONE',  ( -1.000000000000000000, 0.0000000000000000000, 0.0000000000000000000 ) ) ;
#1977 = CARTESIAN_POINT ( 'NONE',  ( 89.00007200000004600, 0.0000000000000000000, 0.0000000000000000000 ) ) ;
#1978 = CARTESIAN_POINT ( 'NONE',  ( 96.64674952850680300, 9.527451206824276000, 11.39683543449174200 ) ) ;
#1979 = CARTESIAN_POINT ( 'NONE',  ( 96.50007200000004600, 9.466845608851326000, 11.63524104684438100 ) ) ;
#1980 = CARTESIAN_POINT ( 'NONE',  ( 89.50007200000004600, 14.01614931439253400, 5.342991521297196100 ) ) ;
#1981 = CARTESIAN_POINT ( 'NONE',  ( 89.35356573223242500, 13.94951039425574500, 5.106499856152220600 ) ) ;
#1982 = CARTESIAN_POINT ( 'NONE',  ( 92.84821456141969500, -6.318166944794966400, 13.60444447445702200 ) ) ;
#1983 = CARTESIAN_POINT ( 'NONE',  ( 89.22780060752579300, 13.90870447707452900, 4.849604015257226800 ) ) ;
#1984 = CARTESIAN_POINT ( 'NONE',  ( 89.09486757666057600, 13.90184836651286400, 4.445542966681145500 ) ) ;
#1985 = CARTESIAN_POINT ( 'NONE',  ( 89.05942879577092700, 13.90877752318299100, 4.305783066718282400 ) ) ;
#1986 = CARTESIAN_POINT ( 'NONE',  ( 89.01221082754150900, 13.94255001881324900, 4.028208289451482600 ) ) ;
#1987 = CARTESIAN_POINT ( 'NONE',  ( 94.00007200000004600, 9.466845608851326000, 11.63524104684438000 ) ) ;
#1988 = CARTESIAN_POINT ( 'NONE',  ( 89.00007200000004600, 10.25304832720506300, 10.25304832720481200 ) ) ;
#1989 = CARTESIAN_POINT ( 'NONE',  ( 89.00007200000004600, 10.35384725126866300, 10.15224940314120900 ) ) ;
#1990 = CARTESIAN_POINT ( 'NONE',  ( 89.01268273913527200, 10.46275967849141800, 10.05809774067315100 ) ) ;
#1991 = CARTESIAN_POINT ( 'NONE',  ( 89.06001880528103200, 10.68536239618076800, 9.891101112618089900 ) ) ;
#1992 = CARTESIAN_POINT ( 'NONE',  ( 89.09468669089010000, 10.80045171008344300, 9.816793409070822200 ) ) ;
#1993 = DIRECTION ( 'NONE',  ( 1.000000000000000000, -0.0000000000000000000, -0.0000000000000000000 ) ) ;
#1994 = CARTESIAN_POINT ( 'NONE',  ( 89.50007200000004600, 11.63524104684461200, 9.466845608851043500 ) ) ;
#1995 = DIRECTION ( 'NONE',  ( 0.0000000000000000000, -5.329070518200751400E-015, 1.000000000000000000 ) ) ;
#1996 = DIRECTION ( 'NONE',  ( 1.000000000000000000, -0.0000000000000000000, -0.0000000000000000000 ) ) ;
#1997 = CARTESIAN_POINT ( 'NONE',  ( 89.50007200000004600, 0.0000000000000000000, 0.0000000000000000000 ) ) ;
#1998 = CARTESIAN_POINT ( 'NONE',  ( 89.22864318023246700, 11.15636148699469600, 9.619358367031617600 ) ) ;
#1999 = CARTESIAN_POINT ( 'NONE',  ( 94.01719273375046300, -6.861930710726697100, 13.33843719935682200 ) ) ;
#2000 = CARTESIAN_POINT ( 'NONE',  ( 89.35339447149327400, 11.39683543449198100, 9.527451206823997200 ) ) ;
#2001 = DIRECTION ( 'NONE',  ( 1.000000000000000000, -0.0000000000000000000, -0.0000000000000000000 ) ) ;
#2002 = CARTESIAN_POINT ( 'NONE',  ( 94.00007200000004600, 14.01614931439253400, 5.342991521297196100 ) ) ;
#2003 = CARTESIAN_POINT ( 'NONE',  ( 97.00007200000004600, -3.752876153986414400, 14.00592448119153300 ) ) ;
#2004 = CARTESIAN_POINT ( 'NONE',  ( 97.00007200000003100, -3.890570044931430000, 13.96902951431010800 ) ) ;
#2005 = CARTESIAN_POINT ( 'NONE',  ( 96.98746126086480500, -4.031966804928186900, 13.94194799641561200 ) ) ;
#2006 = CARTESIAN_POINT ( 'NONE',  ( 96.94012519471905900, -4.308244727426153300, 13.90862603301826900 ) ) ;
#2007 = CARTESIAN_POINT ( 'NONE',  ( 92.09566227609811100, -6.697741889271950000, 13.42290379011700500 ) ) ;
#2008 = CARTESIAN_POINT ( 'NONE',  ( 96.90545730910997700, -4.445068848743621200, 13.90181833100079300 ) ) ;
#2009 = CARTESIAN_POINT ( 'NONE',  ( 96.77150081976763800, -4.852013278023615200, 13.90878945745323700 ) ) ;
#2010 = LINE ( 'NONE', #2002, #1007 ) ;
#2011 = DIRECTION ( 'NONE',  ( 0.0000000000000000000, 0.0000000000000000000, 1.000000000000000000 ) ) ;
#2012 = DIRECTION ( 'NONE',  ( -1.000000000000000000, 0.0000000000000000000, 0.0000000000000000000 ) ) ;
#2013 = CARTESIAN_POINT ( 'NONE',  ( 96.50007200000004600, 0.0000000000000000000, 0.0000000000000000000 ) ) ;
#2014 = CARTESIAN_POINT ( 'NONE',  ( 96.64674952850680300, -5.106223405608403700, 13.94943249567239700 ) ) ;
#2015 = CARTESIAN_POINT ( 'NONE',  ( 96.50007200000004600, -5.342991521297045100, 14.01614931439258900 ) ) ;
#2016 = CARTESIAN_POINT ( 'NONE',  ( 96.50007200000004600, -9.466845608851086200, 11.63524104684457900 ) ) ;
#2017 = CARTESIAN_POINT ( 'NONE',  ( 96.64657826776763700, -9.527380443704350600, 11.39711379697734200 ) ) ;
#2018 = CARTESIAN_POINT ( 'NONE',  ( 96.77234339247428400, -9.620489403248196700, 11.15423251404510900 ) ) ;
#2019 = CARTESIAN_POINT ( 'NONE',  ( 96.90527642333952900, -9.816582361618687400, 10.80087732601761300 ) ) ;
#2020 = CARTESIAN_POINT ( 'NONE',  ( 96.94071520422913600, -9.892463137303245400, 10.68330628055447200 ) ) ;
#2021 = CARTESIAN_POINT ( 'NONE',  ( 96.98793317245859700, -10.06049836510165100, 10.45980571980674700 ) ) ;
#2022 = CARTESIAN_POINT ( 'NONE',  ( 89.00007200000003100, 13.96913972530847100, 3.890158731885982500 ) ) ;
#2023 = DIRECTION ( 'NONE',  ( 0.0000000000000000000, 0.0000000000000000000, 1.000000000000000000 ) ) ;
#2024 = DIRECTION ( 'NONE',  ( 1.000000000000000000, -0.0000000000000000000, -0.0000000000000000000 ) ) ;
#2025 = CARTESIAN_POINT ( 'NONE',  ( 97.00007200000004600, 0.0000000000000000000, 0.0000000000000000000 ) ) ;
#2026 = CARTESIAN_POINT ( 'NONE',  ( 97.00007200000006000, -10.15255050518844200, 10.35354614922143700 ) ) ;
#2027 = CARTESIAN_POINT ( 'NONE',  ( 97.00007200000004600, -10.25304832720485700, 10.25304832720503300 ) ) ;
#2028 = CARTESIAN_POINT ( 'NONE',  ( 92.93791030199869900, -8.612920563948788900, 12.28078170798216100 ) ) ;
#2029 = CARTESIAN_POINT ( 'NONE',  ( 92.74361094702788900, -8.604032178803487700, 12.28701542803500500 ) ) ;
#2030 = CARTESIAN_POINT ( 'NONE',  ( 92.55256191373546000, -8.552404931894567900, 12.32344390741701200 ) ) ;
#2031 = CARTESIAN_POINT ( 'NONE',  ( 92.22285800987754100, -8.380038398936660500, 12.44129640715528300 ) ) ;
#2032 = CARTESIAN_POINT ( 'NONE',  ( 89.00007200000004600, 14.00592448119149200, 3.752876153986561400 ) ) ;
#2033 = CARTESIAN_POINT ( 'NONE',  ( 91.98295126624970000, -8.120460106062873600, 12.61182491417643300 ) ) ;
#2034 = CARTESIAN_POINT ( 'NONE',  ( 91.83248743784200500, -7.943164207006428300, 12.72598161116943400 ) ) ;
#2035 = CARTESIAN_POINT ( 'NONE',  ( 91.75005505407750700, -7.725895966830247400, 12.85996159013044200 ) ) ;
#2036 = CARTESIAN_POINT ( 'NONE',  ( 91.75008047691693500, -7.386946540567538300, 13.05565168631102100 ) ) ;
#2037 = CARTESIAN_POINT ( 'NONE',  ( 91.77002517266564000, -7.275979698550809600, 13.11775415001499000 ) ) ;
#2038 = CARTESIAN_POINT ( 'NONE',  ( 91.84944112245399600, -7.058272878945076400, 13.23616781701967700 ) ) ;
#2039 = CARTESIAN_POINT ( 'NONE',  ( 91.98295126624970000, -8.120460106062873600, 12.61182491417643300 ) ) ;
#2040 = CARTESIAN_POINT ( 'NONE',  ( 92.08476491902504800, -8.260695050938924300, 12.52153090176419200 ) ) ;
#2041 = CARTESIAN_POINT ( 'NONE',  ( 94.01719273374891400, 14.98239081678971900, -0.7266122851825112000 ) ) ;
#2042 = CARTESIAN_POINT ( 'NONE',  ( 94.09246291232759100, 14.98750073951167200, -0.6212481717115699900 ) ) ;
#2043 = CARTESIAN_POINT ( 'NONE',  ( 94.15074758405113200, 14.99199753166202200, -0.5053156698520801000 ) ) ;
#2044 = CARTESIAN_POINT ( 'NONE',  ( 94.23010073170858900, 14.99829678231689900, -0.2577354168539172100 ) ) ;
#2045 = DIRECTION ( 'NONE',  ( 0.0000000000000000000, 0.0000000000000000000, -1.000000000000000000 ) ) ;
#2046 = DIRECTION ( 'NONE',  ( -1.000000000000000000, 0.0000000000000000000, 0.0000000000000000000 ) ) ;
#2047 = CARTESIAN_POINT ( 'NONE',  ( 96.90007200000005100, 0.0000000000000000000, 0.0000000000000000000 ) ) ;
#2048 = CARTESIAN_POINT ( 'NONE',  ( 94.25007200000001700, 14.99999999999999600, -0.1305764809737138800 ) ) ;
#2049 = CARTESIAN_POINT ( 'NONE',  ( 94.25007200000004600, 15.00000000000000000, 8.894960955186827100E-045 ) ) ;
#2050 = DIRECTION ( 'NONE',  ( 0.0000000000000000000, 0.0000000000000000000, 1.000000000000000000 ) ) ;
#2051 = DIRECTION ( 'NONE',  ( -1.000000000000000000, 0.0000000000000000000, 0.0000000000000000000 ) ) ;
#2052 = CARTESIAN_POINT ( 'NONE',  ( 97.00007200000004600, 0.0000000000000000000, 0.0000000000000000000 ) ) ;
#2053 = CARTESIAN_POINT ( 'NONE',  ( 91.90765229855409800, -6.955769548481962200, 13.29016200841594800 ) ) ;
#2054 = CARTESIAN_POINT ( 'NONE',  ( 92.62849085706707800, -6.366292636485201100, 13.58239690573837600 ) ) ;
#2055 = CARTESIAN_POINT ( 'NONE',  ( 91.98295126624970000, -6.861930710726603900, 13.33843719935687000 ) ) ;
#2056 = EDGE_CURVE ( 'NONE', #3715, #3719, #1427, .T. ) ;
#2057 = EDGE_CURVE ( 'NONE', #3711, #3716, #1426, .T. ) ;
#2058 = EDGE_CURVE ( 'NONE', #3716, #3719, #1430, .T. ) ;
#2059 = EDGE_CURVE ( 'NONE', #3710, #3713, #1439, .T. ) ;
#2060 = EDGE_CURVE ( 'NONE', #3713, #3716, #1422, .T. ) ;
#2061 = EDGE_CURVE ( 'NONE', #3713, #3718, #1412, .T. ) ;
#2062 = EDGE_CURVE ( 'NONE', #3712, #3718, #1409, .T. ) ;
#2063 = EDGE_CURVE ( 'NONE', #3737, #3724, #1419, .T. ) ;
#2064 = EDGE_CURVE ( 'NONE', #3724, #3718, #1416, .T. ) ;
#2065 = EDGE_CURVE ( 'NONE', #3724, #3717, #1401, .T. ) ;
#2066 = EDGE_CURVE ( 'NONE', #5162, #5175, #33, .T. ) ;
#2067 = EDGE_CURVE ( 'NONE', #3720, #3723, #5493, .T. ) ;
#2068 = EDGE_CURVE ( 'NONE', #3720, #3726, #5455, .T. ) ;
#2069 = EDGE_CURVE ( 'NONE', #3726, #3727, #5459, .T. ) ;
#2070 = EDGE_CURVE ( 'NONE', #3722, #3727, #5545, .T. ) ;
#2071 = EDGE_CURVE ( 'NONE', #3721, #3722, #5547, .T. ) ;
#2072 = EDGE_CURVE ( 'NONE', #3721, #3723, #5474, .T. ) ;
#2073 = EDGE_CURVE ( 'NONE', #3726, #3729, #1370, .T. ) ;
#2074 = EDGE_CURVE ( 'NONE', #3729, #3709, #1374, .T. ) ;
#2075 = EDGE_CURVE ( 'NONE', #3727, #3709, #1364, .T. ) ;
#2076 = EDGE_CURVE ( 'NONE', #3722, #3728, #1361, .T. ) ;
#2077 = EDGE_CURVE ( 'NONE', #3728, #3709, #1358, .T. ) ;
#2078 = EDGE_CURVE ( 'NONE', #3721, #3725, #1378, .T. ) ;
#2079 = EDGE_CURVE ( 'NONE', #3725, #3728, #1369, .T. ) ;
#2080 = EDGE_CURVE ( 'NONE', #3725, #3730, #1350, .T. ) ;
#2081 = EDGE_CURVE ( 'NONE', #3723, #3730, #1347, .T. ) ;
#2082 = EDGE_CURVE ( 'NONE', #3720, #3739, #1344, .T. ) ;
#2083 = EDGE_CURVE ( 'NONE', #3739, #3730, #1357, .T. ) ;
#2084 = EDGE_CURVE ( 'NONE', #3739, #3729, #1339, .T. ) ;
#2085 = EDGE_CURVE ( 'NONE', #5168, #5167, #869, .T. ) ;
#2086 = EDGE_CURVE ( 'NONE', #5166, #5160, #864, .T. ) ;
#2087 = EDGE_CURVE ( 'NONE', #5159, #5163, #873, .T. ) ;
#2088 = EDGE_CURVE ( 'NONE', #5165, #5164, #874, .T. ) ;
#2089 = EDGE_CURVE ( 'NONE', #5156, #5155, #877, .T. ) ;
#2090 = EDGE_CURVE ( 'NONE', #5153, #5161, #852, .T. ) ;
#2091 = EDGE_CURVE ( 'NONE', #5158, #5157, #851, .T. ) ;
#2092 = EDGE_CURVE ( 'NONE', #5150, #5148, #862, .T. ) ;
#2093 = EDGE_CURVE ( 'NONE', #5146, #5149, #878, .T. ) ;
#2094 = EDGE_CURVE ( 'NONE', #5191, #5142, #866, .T. ) ;
#2095 = EDGE_CURVE ( 'NONE', #5145, #5144, #870, .T. ) ;
#2096 = EDGE_CURVE ( 'NONE', #5151, #3707, #936, .T. ) ;
#2097 = EDGE_CURVE ( 'NONE', #3708, #3707, #541, .T. ) ;
#2098 = EDGE_CURVE ( 'NONE', #3742, #3708, #988, .T. ) ;
#2099 = EDGE_CURVE ( 'NONE', #3704, #3742, #550, .T. ) ;
#2100 = EDGE_CURVE ( 'NONE', #3704, #5143, #982, .T. ) ;
#2101 = EDGE_CURVE ( 'NONE', #3703, #5185, #1293, .T. ) ;
#2102 = EDGE_CURVE ( 'NONE', #5133, #5134, #1287, .T. ) ;
#2103 = ADVANCED_FACE ( 'NONE', ( #1283 ), #1277, .F. ) ;
#2104 = ADVANCED_FACE ( 'NONE', ( #1273 ), #973, .F. ) ;
#2105 = ADVANCED_FACE ( 'NONE', ( #1270 ), #1269, .F. ) ;
#2106 = ADVANCED_FACE ( 'NONE', ( #1264 ), #1263, .F. ) ;
#2107 = ADVANCED_FACE ( 'NONE', ( #1259 ), #910, .T. ) ;
#2108 = ADVANCED_FACE ( 'NONE', ( #1256 ), #1255, .T. ) ;
#2109 = ADVANCED_FACE ( 'NONE', ( #1249, #1253 ), #1248, .F. ) ;
#2110 = ADVANCED_FACE ( 'NONE', ( #1244 ), #1242, .F. ) ;
#2111 = ADVANCED_FACE ( 'NONE', ( #1239, #1238 ), #1237, .F. ) ;
#2112 = ADVANCED_FACE ( 'NONE', ( #1233 ), #1231, .F. ) ;
#2113 = ADVANCED_FACE ( 'NONE', ( #1229 ), #986, .F. ) ;
#2114 = ADVANCED_FACE ( 'NONE', ( #1224, #4477 ), #4568, .F. ) ;
#2115 = ADVANCED_FACE ( 'NONE', ( #4470 ), #843, .T. ) ;
#2116 = ADVANCED_FACE ( 'NONE', ( #4429 ), #4475, .T. ) ;
#2117 = ADVANCED_FACE ( 'NONE', ( #4480 ), #975, .F. ) ;
#2118 = ADVANCED_FACE ( 'NONE', ( #4563 ), #4484, .T. ) ;
#2119 = ADVANCED_FACE ( 'NONE', ( #4498 ), #4530, .T. ) ;
#2120 = ADVANCED_FACE ( 'NONE', ( #4579 ), #4578, .F. ) ;
#2121 = ADVANCED_FACE ( 'NONE', ( #4573 ), #4572, .F. ) ;
#2122 = ADVANCED_FACE ( 'NONE', ( #4562 ), #4561, .F. ) ;
#2123 = ADVANCED_FACE ( 'NONE', ( #4557 ), #4556, .F. ) ;
#2124 = ADVANCED_FACE ( 'NONE', ( #4552 ), #603, .F. ) ;
#2125 = ADVANCED_FACE ( 'NONE', ( #4549 ), #602, .T. ) ;
#2126 = ADVANCED_FACE ( 'NONE', ( #4546, #4543 ), #4542, .F. ) ;
#2127 = ADVANCED_FACE ( 'NONE', ( #4538 ), #4536, .T. ) ;
#2128 = ADVANCED_FACE ( 'NONE', ( #4534 ), #976, .T. ) ;
#2129 = ADVANCED_FACE ( 'NONE', ( #4529 ), #4526, .F. ) ;
#2130 = PERSON ( 'UNSPECIFIED', 'UNSPECIFIED', 'UNSPECIFIED', ('UNSPECIFIED'), ('UNSPECIFIED'), ('UNSPECIFIED') ) ;
#2131 = DIRECTION ( 'NONE',  ( -1.000000000000000000, 0.0000000000000000000, 0.0000000000000000000 ) ) ;
#2132 = CARTESIAN_POINT ( 'NONE',  ( 94.01719273375040600, -8.120460106063026400, -12.61182491417633300 ) ) ;
#2133 = CARTESIAN_POINT ( 'NONE',  ( 94.16663237708340300, -7.944371034026350000, -12.72520456338000900 ) ) ;
#2134 = CARTESIAN_POINT ( 'NONE',  ( 94.25009692945548100, -7.723010458762409800, -12.86162830720595500 ) ) ;
#2135 = CARTESIAN_POINT ( 'NONE',  ( 94.25004705883490900, -7.276779990180721700, -13.11925478955952500 ) ) ;
#2136 = CARTESIAN_POINT ( 'NONE',  ( 94.16751121529922800, -7.943335473432807900, 12.72587133670941400 ) ) ;
#2137 = DIRECTION ( 'NONE',  ( 0.0000000000000000000, 0.0000000000000000000, 1.000000000000000000 ) ) ;
#2138 = DIRECTION ( 'NONE',  ( -1.000000000000000000, 0.0000000000000000000, 0.0000000000000000000 ) ) ;
#2139 = CARTESIAN_POINT ( 'NONE',  ( 96.50007200000004600, 0.0000000000000000000, 0.0000000000000000000 ) ) ;
#2140 = CARTESIAN_POINT ( 'NONE',  ( 94.01719273374817500, -6.861930710724107200, -13.33843719935833100 ) ) ;
#2141 = CARTESIAN_POINT ( 'NONE',  ( 94.16751121529925700, -7.049260126166172000, -13.24206597912961300 ) ) ;
#2142 = DIRECTION ( 'NONE',  ( -1.000000000000000000, 0.0000000000000000000, 0.0000000000000000000 ) ) ;
#2143 = CARTESIAN_POINT ( 'NONE',  ( 94.00007200000004600, 11.63524104684461200, 9.466845608851043500 ) ) ;
#2144 = DIRECTION ( 'NONE',  ( 0.0000000000000000000, 0.0000000000000000000, 1.000000000000000000 ) ) ;
#2145 = DIRECTION ( 'NONE',  ( 1.000000000000000000, -0.0000000000000000000, -0.0000000000000000000 ) ) ;
#2146 = CARTESIAN_POINT ( 'NONE',  ( 89.50007200000004600, 0.0000000000000000000, 0.0000000000000000000 ) ) ;
#2147 = LINE ( 'NONE', #2143, #1004 ) ;
#2148 = CARTESIAN_POINT ( 'NONE',  ( 94.01719273374813200, -8.120460106065618100, 12.61182491417487700 ) ) ;
#2149 = DIRECTION ( 'NONE',  ( 1.000000000000000000, -0.0000000000000000000, -0.0000000000000000000 ) ) ;
#2150 = CARTESIAN_POINT ( 'NONE',  ( 94.00007200000004600, 2.380908267548203000, 14.80983713014834700 ) ) ;
#2151 = LINE ( 'NONE', #2150, #934 ) ;
#2152 = DIRECTION ( 'NONE',  ( -1.000000000000000000, 0.0000000000000000000, 0.0000000000000000000 ) ) ;
#2153 = CARTESIAN_POINT ( 'NONE',  ( 93.15192366093809500, 14.94087802003096300, 1.330528836109413600 ) ) ;
#2154 = CARTESIAN_POINT ( 'NONE',  ( 94.00007200000004600, -9.466845608851086200, 11.63524104684457900 ) ) ;
#2155 = DIRECTION ( 'NONE',  ( 0.7071067811865487900, 0.0000000000000000000, -0.7071067811865463500 ) ) ;
#2156 = CARTESIAN_POINT ( 'NONE',  ( 94.25004705883489500, -7.723217931388863800, 12.86150372402654600 ) ) ;
#2157 = DIRECTION ( 'NONE',  ( 0.0000000000000000000, 0.0000000000000000000, 1.000000000000000000 ) ) ;
#2158 = DIRECTION ( 'NONE',  ( -1.000000000000000000, 0.0000000000000000000, 0.0000000000000000000 ) ) ;
#2159 = CARTESIAN_POINT ( 'NONE',  ( 94.01719273374891400, 14.98239081678971900, -0.7266122851825112000 ) ) ;
#2160 = CARTESIAN_POINT ( 'NONE',  ( 97.00007200000004600, 0.0000000000000000000, 0.0000000000000000000 ) ) ;
#2161 = LINE ( 'NONE', #2183, #1029 ) ;
#2162 = LINE ( 'NONE', #2154, #1041 ) ;
#2163 = CARTESIAN_POINT ( 'NONE',  ( 89.50007200000004600, -5.342991521297049600, 14.01614931439259100 ) ) ;
#2164 = CARTESIAN_POINT ( 'NONE',  ( 89.35356573223242500, -5.106499856152073100, 13.94951039425579400 ) ) ;
#2165 = CARTESIAN_POINT ( 'NONE',  ( 89.22780060752582200, -4.849604015257078500, 13.90870447707458100 ) ) ;
#2166 = CARTESIAN_POINT ( 'NONE',  ( 89.09486757666057600, -4.445542966680998000, 13.90184836651290800 ) ) ;
#2167 = CARTESIAN_POINT ( 'NONE',  ( 89.05942879577092700, -4.305783066718141100, 13.90877752318303500 ) ) ;
#2168 = CARTESIAN_POINT ( 'NONE',  ( 89.01221082754155100, -4.028208289451337800, 13.94255001881328900 ) ) ;
#2169 = DIRECTION ( 'NONE',  ( 0.0000000000000000000, 0.0000000000000000000, 1.000000000000000000 ) ) ;
#2170 = DIRECTION ( 'NONE',  ( -1.000000000000000000, 0.0000000000000000000, 0.0000000000000000000 ) ) ;
#2171 = CARTESIAN_POINT ( 'NONE',  ( 89.00007200000004600, 0.0000000000000000000, 0.0000000000000000000 ) ) ;
#2172 = CARTESIAN_POINT ( 'NONE',  ( 89.00007200000001700, -3.890158731885835900, 13.96913972530850900 ) ) ;
#2173 = CARTESIAN_POINT ( 'NONE',  ( 89.00007200000004600, -3.752876153986413500, 14.00592448119153000 ) ) ;
#2174 = DIRECTION ( 'NONE',  ( 0.7071067811865487900, 8.659560562354918100E-017, 0.7071067811865463500 ) ) ;
#2175 = CARTESIAN_POINT ( 'NONE',  ( 97.00007200000004600, 1.567547902908611800E-015, 12.79999999999999700 ) ) ;
#2176 = LINE ( 'NONE', #2175, #732 ) ;
#2177 = CARTESIAN_POINT ( 'NONE',  ( 89.00007200000004600, -10.25304832720485100, 10.25304832720502700 ) ) ;
#2178 = CARTESIAN_POINT ( 'NONE',  ( 89.00007200000004600, -10.15224940314125000, 10.35384725126862700 ) ) ;
#2179 = CARTESIAN_POINT ( 'NONE',  ( 89.01268273913530000, -10.05809774067319400, 10.46275967849138100 ) ) ;
#2180 = CARTESIAN_POINT ( 'NONE',  ( 89.06001880528103200, -9.891101112618127200, 10.68536239618073000 ) ) ;
#2181 = CARTESIAN_POINT ( 'NONE',  ( 89.09468669089010000, -9.816793409070863100, 10.80045171008341000 ) ) ;
#2182 = CARTESIAN_POINT ( 'NONE',  ( 89.22864318023246700, -9.619358367031660300, 11.15636148699465800 ) ) ;
#2183 = CARTESIAN_POINT ( 'NONE',  ( 97.00007200000004600, 0.0000000000000000000, -12.79999999999999700 ) ) ;
#2184 = CARTESIAN_POINT ( 'NONE',  ( 97.00007200000004600, -10.25304832720485700, 10.25304832720503300 ) ) ;
#2185 = CARTESIAN_POINT ( 'NONE',  ( 97.00007200000006000, -10.35384725126845100, 10.15224940314142500 ) ) ;
#2186 = CARTESIAN_POINT ( 'NONE',  ( 96.98746126086483300, -10.46275967849120800, 10.05809774067337500 ) ) ;
#2187 = CARTESIAN_POINT ( 'NONE',  ( 96.94012519471905900, -10.68536239618056300, 9.891101112618315500 ) ) ;
#2188 = CARTESIAN_POINT ( 'NONE',  ( 96.90545730910999100, -10.80045171008323700, 9.816793409071049600 ) ) ;
#2189 = CARTESIAN_POINT ( 'NONE',  ( 96.77150081976758100, -11.15636148699449100, 9.619358367031857400 ) ) ;
#2190 = CARTESIAN_POINT ( 'NONE',  ( 89.35339447149327400, -9.527451206824038000, 11.39683543449195500 ) ) ;
#2191 = CARTESIAN_POINT ( 'NONE',  ( 89.50007200000004600, 2.380908267548203000, 14.80983713014834700 ) ) ;
#2192 = CARTESIAN_POINT ( 'NONE',  ( 89.35356573223242500, 2.552396597278642900, 14.63388029985662600 ) ) ;
#2193 = CARTESIAN_POINT ( 'NONE',  ( 89.22780060752582200, 2.754471963029658800, 14.47009341850547800 ) ) ;
#2194 = CARTESIAN_POINT ( 'NONE',  ( 89.09486757666056200, 3.100971040495486400, 14.26212532829987500 ) ) ;
#2195 = CARTESIAN_POINT ( 'NONE',  ( 89.05942879577091300, 3.225471242628758200, 14.19824620402157400 ) ) ;
#2196 = CARTESIAN_POINT ( 'NONE',  ( 89.01221082754150900, 3.482744299006744100, 14.08870665455317300 ) ) ;
#2197 = CARTESIAN_POINT ( 'NONE',  ( 89.50007200000004600, -9.466845608851086200, 11.63524104684457900 ) ) ;
#2198 = DIRECTION ( 'NONE',  ( 0.0000000000000000000, 0.0000000000000000000, 1.000000000000000000 ) ) ;
#2199 = DIRECTION ( 'NONE',  ( -1.000000000000000000, 0.0000000000000000000, 0.0000000000000000000 ) ) ;
#2200 = CARTESIAN_POINT ( 'NONE',  ( 96.50007200000004600, 0.0000000000000000000, 0.0000000000000000000 ) ) ;
#2201 = CARTESIAN_POINT ( 'NONE',  ( 96.50007200000004600, -11.63524104684441700, 9.466845608851286900 ) ) ;
#2202 = CARTESIAN_POINT ( 'NONE',  ( 89.00007200000004600, 3.615593576087283700, 14.04270923707446000 ) ) ;
#2203 = CARTESIAN_POINT ( 'NONE',  ( 89.00007200000004600, 3.752876153986704800, 14.00592448119144800 ) ) ;
#2204 = CARTESIAN_POINT ( 'NONE',  ( 96.50007200000004600, -14.01614931439249600, 5.342991521297290300 ) ) ;
#2205 = CARTESIAN_POINT ( 'NONE',  ( 96.64657826776766600, -13.94951039425570400, 5.106499856152312900 ) ) ;
#2206 = DIRECTION ( 'NONE',  ( 0.0000000000000000000, 1.000000000000000000, -0.0000000000000000000 ) ) ;
#2207 = CARTESIAN_POINT ( 'NONE',  ( 96.77234339247426900, -13.90870447707449400, 4.849604015257313900 ) ) ;
#2208 = CARTESIAN_POINT ( 'NONE',  ( 96.90527642333951500, -13.90184836651283400, 4.445542966681234300 ) ) ;
#2209 = CARTESIAN_POINT ( 'NONE',  ( 93.00007200000004600, 15.00000000000000000, 0.0000000000000000000 ) ) ;
#2210 = CARTESIAN_POINT ( 'NONE',  ( 96.94071520422915000, -13.90877752318295700, 4.305783066718380100 ) ) ;
#2211 = CARTESIAN_POINT ( 'NONE',  ( 96.98793317245859700, -13.94255001881322200, 4.028208289451579400 ) ) ;
#2212 = DIRECTION ( 'NONE',  ( 0.0000000000000000000, 0.0000000000000000000, 1.000000000000000000 ) ) ;
#2213 = DIRECTION ( 'NONE',  ( 1.000000000000000000, -0.0000000000000000000, -0.0000000000000000000 ) ) ;
#2214 = LINE ( 'NONE', #2249, #696 ) ;
#2215 = CARTESIAN_POINT ( 'NONE',  ( 97.00007200000004600, 0.0000000000000000000, 0.0000000000000000000 ) ) ;
#2216 = CARTESIAN_POINT ( 'NONE',  ( 89.20007199999996300, 0.0000000000000000000, 0.0000000000000000000 ) ) ;
#2217 = CARTESIAN_POINT ( 'NONE',  ( 97.00007200000003100, -13.96913972530844300, 3.890158731886079300 ) ) ;
#2218 = CARTESIAN_POINT ( 'NONE',  ( 97.00007200000004600, -14.00592448119146700, 3.752876153986658200 ) ) ;
#2219 = DIRECTION ( 'NONE',  ( 0.0000000000000000000, 0.0000000000000000000, 1.000000000000000000 ) ) ;
#2220 = DIRECTION ( 'NONE',  ( 1.000000000000000000, -0.0000000000000000000, -0.0000000000000000000 ) ) ;
#2221 = DIRECTION ( 'NONE',  ( 0.7071067811865373600, 8.659560562355058600E-017, 0.7071067811865577900 ) ) ;
#2222 = DIRECTION ( 'NONE',  ( -1.000000000000000000, -0.0000000000000000000, -0.0000000000000000000 ) ) ;
#2223 = CARTESIAN_POINT ( 'NONE',  ( 97.00007200000004600, 0.0000000000000000000, 0.0000000000000000000 ) ) ;
#2224 = DIRECTION ( 'NONE',  ( -1.000000000000000000, -0.0000000000000000000, -0.0000000000000000000 ) ) ;
#2225 = DIRECTION ( 'NONE',  ( -1.000000000000000000, -0.0000000000000000000, -0.0000000000000000000 ) ) ;
#2226 = CARTESIAN_POINT ( 'NONE',  ( 96.64674952850680300, -11.39683543449177700, 9.527451206824237000 ) ) ;
#2227 = LINE ( 'NONE', #2325, #661 ) ;
#2228 = DIRECTION ( 'NONE',  ( -1.000000000000000000, 0.0000000000000000000, 0.0000000000000000000 ) ) ;
#2229 = DIRECTION ( 'NONE',  ( 0.0000000000000000000, 0.0000000000000000000, 1.000000000000000000 ) ) ;
#2230 = DIRECTION ( 'NONE',  ( 1.000000000000000000, -0.0000000000000000000, -0.0000000000000000000 ) ) ;
#2231 = DIRECTION ( 'NONE',  ( 0.0000000000000000000, 0.0000000000000000000, -1.000000000000000000 ) ) ;
#2232 = CARTESIAN_POINT ( 'NONE',  ( 89.50007200000004600, 0.0000000000000000000, 0.0000000000000000000 ) ) ;
#2233 = DIRECTION ( 'NONE',  ( -1.000000000000000000, 0.0000000000000000000, 0.0000000000000000000 ) ) ;
#2234 = DIRECTION ( 'NONE',  ( 0.0000000000000000000, 0.0000000000000000000, 1.000000000000000000 ) ) ;
#2235 = DIRECTION ( 'NONE',  ( -1.000000000000000000, 0.0000000000000000000, 0.0000000000000000000 ) ) ;
#2236 = CARTESIAN_POINT ( 'NONE',  ( 96.50007200000004600, 0.0000000000000000000, 0.0000000000000000000 ) ) ;
#2237 = LINE ( 'NONE', #2242, #735 ) ;
#2238 = CARTESIAN_POINT ( 'NONE',  ( 94.00007200000004600, -2.380908267547895600, 14.80983713014839500 ) ) ;
#2239 = DIRECTION ( 'NONE',  ( 0.0000000000000000000, 8.881784197001252300E-015, 1.000000000000000000 ) ) ;
#2240 = DIRECTION ( 'NONE',  ( 1.000000000000000000, -0.0000000000000000000, -0.0000000000000000000 ) ) ;
#2241 = CARTESIAN_POINT ( 'NONE',  ( 89.50007200000004600, 0.0000000000000000000, 0.0000000000000000000 ) ) ;
#2242 = CARTESIAN_POINT ( 'NONE',  ( 97.00007200000004600, 0.0000000000000000000, 15.00000000000000000 ) ) ;
#2243 = DIRECTION ( 'NONE',  ( 0.7071067811865474600, 0.0000000000000000000, -0.7071067811865474600 ) ) ;
#2244 = LINE ( 'NONE', #2238, #575 ) ;
#2245 = DIRECTION ( 'NONE',  ( 0.0000000000000000000, 0.0000000000000000000, 1.000000000000000000 ) ) ;
#2246 = DIRECTION ( 'NONE',  ( -1.000000000000000000, 0.0000000000000000000, 0.0000000000000000000 ) ) ;
#2247 = CARTESIAN_POINT ( 'NONE',  ( 89.00007200000004600, 0.0000000000000000000, 0.0000000000000000000 ) ) ;
#2248 = DIRECTION ( 'NONE',  ( -0.7071067811865487900, 0.0000000000000000000, 0.7071067811865463500 ) ) ;
#2249 = CARTESIAN_POINT ( 'NONE',  ( 89.20007199999996300, 1.518562030942712100E-015, 12.39999999999995200 ) ) ;
#2250 = LINE ( 'NONE', #2254, #865 ) ;
#2251 = DIRECTION ( 'NONE',  ( 0.0000000000000000000, 0.0000000000000000000, 1.000000000000000000 ) ) ;
#2252 = DIRECTION ( 'NONE',  ( 1.000000000000000000, -0.0000000000000000000, -0.0000000000000000000 ) ) ;
#2253 = CARTESIAN_POINT ( 'NONE',  ( 89.00007200000004600, 0.0000000000000000000, 0.0000000000000000000 ) ) ;
#2254 = CARTESIAN_POINT ( 'NONE',  ( 89.00007200000004600, 0.0000000000000000000, -14.50000000000000400 ) ) ;
#2255 = DIRECTION ( 'NONE',  ( -0.7071067811865487900, 8.659560562354919300E-017, -0.7071067811865463500 ) ) ;
#2256 = LINE ( 'NONE', #2260, #863 ) ;
#2257 = DIRECTION ( 'NONE',  ( 0.0000000000000000000, 0.0000000000000000000, -1.000000000000000000 ) ) ;
#2258 = DIRECTION ( 'NONE',  ( -1.000000000000000000, -0.0000000000000000000, -0.0000000000000000000 ) ) ;
#2259 = CARTESIAN_POINT ( 'NONE',  ( 89.30007200000004300, 0.0000000000000000000, 0.0000000000000000000 ) ) ;
#2260 = CARTESIAN_POINT ( 'NONE',  ( 89.50007200000004600, 0.0000000000000000000, 12.30000000000000100 ) ) ;
#2261 = DIRECTION ( 'NONE',  ( 1.000000000000000000, -0.0000000000000000000, -0.0000000000000000000 ) ) ;
#2262 = CARTESIAN_POINT ( 'NONE',  ( 94.00007200000004600, 5.342991521297146400, -14.01614931439255200 ) ) ;
#2263 = LINE ( 'NONE', #2262, #588 ) ;
#2264 = CARTESIAN_POINT ( 'NONE',  ( 89.50007200000004600, 5.342991521297146400, -14.01614931439255200 ) ) ;
#2265 = CARTESIAN_POINT ( 'NONE',  ( 89.50007200000004600, 1.506315562951244400E-015, -12.30000000000000100 ) ) ;
#2266 = CARTESIAN_POINT ( 'NONE',  ( 89.12292357688639300, 4.529333289294064500, -13.90370196005870800 ) ) ;
#2267 = LINE ( 'NONE', #2265, #1032 ) ;
#2268 = DIRECTION ( 'NONE',  ( -1.000000000000000000, 0.0000000000000000000, 0.0000000000000000000 ) ) ;
#2269 = CARTESIAN_POINT ( 'NONE',  ( 89.21218105409531100, 4.817499065135387500, -13.90370196005870800 ) ) ;
#2270 = CARTESIAN_POINT ( 'NONE',  ( 99.00007200000003100, 4.529333289294065400, -13.90370196005871000 ) ) ;
#2271 = CARTESIAN_POINT ( 'NONE',  ( 96.87722042311384000, 4.529333289294370100, -13.90370196005849800 ) ) ;
#2272 = CARTESIAN_POINT ( 'NONE',  ( 96.83245588430662600, 4.673854605142212300, -13.90370196005871300 ) ) ;
#2273 = CARTESIAN_POINT ( 'NONE',  ( 96.77636353791956500, 4.816057327430546500, -13.91430422937913700 ) ) ;
#2274 = LINE ( 'NONE', #2270, #595 ) ;
#2275 = CARTESIAN_POINT ( 'NONE',  ( 96.50007200000004600, 5.342991521297144600, -14.01614931439255200 ) ) ;
#2276 = CARTESIAN_POINT ( 'NONE',  ( 97.00007200000004600, -3.752876153986608500, -14.00592448119148000 ) ) ;
#2277 = CARTESIAN_POINT ( 'NONE',  ( 97.00007200000006000, -3.615182263041591100, -14.04281944807288900 ) ) ;
#2278 = CARTESIAN_POINT ( 'NONE',  ( 96.98746126086481900, -3.479188317924338600, -14.09006454560159400 ) ) ;
#2279 = CARTESIAN_POINT ( 'NONE',  ( 96.94012519471907300, -3.223263636837638400, -14.19934584004449900 ) ) ;
#2280 = CARTESIAN_POINT ( 'NONE',  ( 96.90545730910996300, -3.101366620917489500, -14.26186225781470500 ) ) ;
#2281 = CARTESIAN_POINT ( 'NONE',  ( 96.77150081976758100, -2.752427970458671200, -14.47137164505550400 ) ) ;
#2282 = CARTESIAN_POINT ( 'NONE',  ( 96.64939938925186900, 5.086900488052099200, -13.95279899908107500 ) ) ;
#2283 = CARTESIAN_POINT ( 'NONE',  ( 89.34436866712549400, 5.091653875330123900, -13.94532707502653500 ) ) ;
#2284 = CARTESIAN_POINT ( 'NONE',  ( 96.57803580157551000, 5.217141688818532700, -13.98068718962536400 ) ) ;
#2285 = DIRECTION ( 'NONE',  ( 1.000000000000000000, -0.0000000000000000000, -0.0000000000000000000 ) ) ;
#2286 = CARTESIAN_POINT ( 'NONE',  ( 94.00007200000004600, -2.380908267548099900, -14.80983713014836500 ) ) ;
#2287 = CARTESIAN_POINT ( 'NONE',  ( 89.50007200000004600, -2.380908267548099900, -14.80983713014836500 ) ) ;
#2288 = CARTESIAN_POINT ( 'NONE',  ( 89.35356573223242500, -2.552396597278539000, -14.63388029985664900 ) ) ;
#2289 = CARTESIAN_POINT ( 'NONE',  ( 89.22780060752582200, -2.754471963029561100, -14.47009341850549700 ) ) ;
#2290 = CARTESIAN_POINT ( 'NONE',  ( 89.09486757666057600, -3.100971040495391400, -14.26212532829989700 ) ) ;
#2291 = CARTESIAN_POINT ( 'NONE',  ( 89.05942879577092700, -3.225471242628660000, -14.19824620402160100 ) ) ;
#2292 = CARTESIAN_POINT ( 'NONE',  ( 89.01221082754150900, -3.482744299006645100, -14.08870665455320300 ) ) ;
#2293 = CARTESIAN_POINT ( 'NONE',  ( 96.64674952850678800, -2.552597061180544200, -14.63367461243266900 ) ) ;
#2294 = LINE ( 'NONE', #2286, #955 ) ;
#2295 = CARTESIAN_POINT ( 'NONE',  ( 96.50007200000004600, -2.380908267548101700, -14.80983713014836100 ) ) ;
#2296 = CARTESIAN_POINT ( 'NONE',  ( 89.00007200000004600, -3.752876153986607100, -14.00592448119147600 ) ) ;
#2297 = CARTESIAN_POINT ( 'NONE',  ( 89.00007200000004600, -3.881886514589514300, -13.97135625925267800 ) ) ;
#2298 = CARTESIAN_POINT ( 'NONE',  ( 89.01114116308495700, -4.014371089058707700, -13.94534300366138500 ) ) ;
#2299 = CARTESIAN_POINT ( 'NONE',  ( 89.00007200000004600, -3.615593576087184200, -14.04270923707448500 ) ) ;
#2300 = CARTESIAN_POINT ( 'NONE',  ( 89.12292357688625100, -4.529333289294489100, -13.90370196005846800 ) ) ;
#2301 = CARTESIAN_POINT ( 'NONE',  ( 89.00007200000004600, -3.752876153986607100, -14.00592448119147600 ) ) ;
#2302 = DIRECTION ( 'NONE',  ( -1.000000000000000000, 0.0000000000000000000, 0.0000000000000000000 ) ) ;
#2303 = CARTESIAN_POINT ( 'NONE',  ( 89.08347016089558700, -4.401958815086679500, -13.90370196005865300 ) ) ;
#2304 = CARTESIAN_POINT ( 'NONE',  ( 99.00007200000003100, -4.529333289294181800, -13.90370196005868000 ) ) ;
#2305 = CARTESIAN_POINT ( 'NONE',  ( 96.87722042311368400, -4.529333289294181800, -13.90370196005867800 ) ) ;
#2306 = CARTESIAN_POINT ( 'NONE',  ( 96.91657691215216600, -4.402271741591969900, -13.90370196005867800 ) ) ;
#2307 = CARTESIAN_POINT ( 'NONE',  ( 96.94786406816864100, -4.270854402066902400, -13.91198446862657600 ) ) ;
#2308 = CARTESIAN_POINT ( 'NONE',  ( 89.30007200000004300, 0.0000000000000000000, 0.0000000000000000000 ) ) ;
#2309 = CARTESIAN_POINT ( 'NONE',  ( 97.00007200000004600, -3.752876153986608500, -14.00592448119148000 ) ) ;
#2310 = DIRECTION ( 'NONE',  ( 0.7071067811865373600, 0.0000000000000000000, -0.7071067811865577900 ) ) ;
#2311 = LINE ( 'NONE', #2304, #954 ) ;
#2312 = LINE ( 'NONE', #2315, #678 ) ;
#2313 = DIRECTION ( 'NONE',  ( 0.04078051838798700500, 0.9991680131919710200, -0.0004803478075839361900 ) ) ;
#2314 = CARTESIAN_POINT ( 'NONE',  ( 93.05749738493312900, -6.445053588387432700, 13.59945465149171200 ) ) ;
#2315 = CARTESIAN_POINT ( 'NONE',  ( 89.20007199999996300, 0.0000000000000000000, -12.39999999999995200 ) ) ;
#2316 = CARTESIAN_POINT ( 'NONE',  ( 97.00007200000003100, -3.881540692356200100, -13.97144892204081800 ) ) ;
#2317 = CARTESIAN_POINT ( 'NONE',  ( 42.87817699999998000, 0.0000000000000000000, 0.0000000000000000000 ) ) ;
#2318 = CARTESIAN_POINT ( 'NONE',  ( 27.60589579493226300, 0.0000000000000000000, 9.000000000000001800 ) ) ;
#2319 = LINE ( 'NONE', #2314, #961 ) ;
#2320 = DIRECTION ( 'NONE',  ( -1.000000000000000000, -0.0000000000000000000, -0.0000000000000000000 ) ) ;
#2321 = CARTESIAN_POINT ( 'NONE',  ( 93.06223369800378000, -6.329008655470791400, 13.59939886314743700 ) ) ;
#2322 = CARTESIAN_POINT ( 'NONE',  ( 93.15916792479555400, -6.333919117489450900, 13.59711358885471300 ) ) ;
#2323 = CARTESIAN_POINT ( 'NONE',  ( 93.25645591004979500, -6.350593390133774100, 13.58936658291962700 ) ) ;
#2324 = CARTESIAN_POINT ( 'NONE',  ( 93.44213131835744000, -6.405515202530456700, 13.56356500046852500 ) ) ;
#2325 = CARTESIAN_POINT ( 'NONE',  ( 92.94264661506696300, 15.00000000000000000, 1.218147189450145200 ) ) ;
#2326 = CARTESIAN_POINT ( 'NONE',  ( 93.52964764926670700, -6.443100414412144900, 13.54581786416295800 ) ) ;
#2327 = CARTESIAN_POINT ( 'NONE',  ( 94.01719273375046300, -6.861930710726697100, 13.33843719935682200 ) ) ;
#2328 = DIRECTION ( 'NONE',  ( 0.0000000000000000000, 0.0000000000000000000, -1.000000000000000000 ) ) ;
#2329 = DIRECTION ( 'NONE',  ( 0.0000000000000000000, 0.8660254037844433700, 0.4999999999999919000 ) ) ;
#2330 = DIRECTION ( 'NONE',  ( 0.0000000000000000000, 0.4999999999999919500, -0.8660254037844432600 ) ) ;
#2331 = CARTESIAN_POINT ( 'NONE',  ( 93.00007200000004600, -7.491195408394737900, 12.97513105676665100 ) ) ;
#2332 = CARTESIAN_POINT ( 'NONE',  ( 96.98940421635290900, -4.010879489286027800, -13.94593412925448900 ) ) ;
#2333 = CARTESIAN_POINT ( 'NONE',  ( 93.91521803819669900, -6.713381734866314500, 13.41485790474144800 ) ) ;
#2334 = CARTESIAN_POINT ( 'NONE',  ( 93.77707417039742700, -6.584275696972961900, 13.47806409627689700 ) ) ;
#2335 = CARTESIAN_POINT ( 'NONE',  ( 94.01719273374813200, -8.120460106065618100, 12.61182491417487700 ) ) ;
#2336 = CARTESIAN_POINT ( 'NONE',  ( 93.90524914446177700, -8.274647709051784300, 12.51254711041376100 ) ) ;
#2337 = CARTESIAN_POINT ( 'NONE',  ( 93.74797399435692600, -8.404943175358395600, 12.42450229973334800 ) ) ;
#2338 = CARTESIAN_POINT ( 'NONE',  ( 92.93791030199869900, -8.612920563948788900, 12.28078170798216100 ) ) ;
#2339 = DIRECTION ( 'NONE',  ( -0.04078051838798688700, -0.4991680131919817300, -0.8655450559768547200 ) ) ;
#2340 = CARTESIAN_POINT ( 'NONE',  ( 93.15287126364505400, -8.622754131425258700, 12.27388510013181400 ) ) ;
#2341 = DIRECTION ( 'NONE',  ( -0.04708928653799524700, -0.8650647081692879300, -0.4994453421279721500 ) ) ;
#2342 = DIRECTION ( 'NONE',  ( 0.0000000000000000000, -0.4999999999999919500, 0.8660254037844432600 ) ) ;
#2343 = CARTESIAN_POINT ( 'NONE',  ( 93.00007200000004600, -7.499999999999879200, 12.99038105676664900 ) ) ;
#2344 = CARTESIAN_POINT ( 'NONE',  ( 89.05286923347274800, -4.273539252563125500, -13.91177228285363500 ) ) ;
#2345 = CARTESIAN_POINT ( 'NONE',  ( 93.36955227361389100, -8.580398746711070500, 12.30398652976027000 ) ) ;
#2346 = DIRECTION ( 'NONE',  ( 0.04078051838798700500, -0.4991680131919696800, 0.8655450559768616000 ) ) ;
#2347 = CARTESIAN_POINT ( 'NONE',  ( 93.05749738493312900, -8.554946411612499800, -12.38130746204147000 ) ) ;
#2348 = LINE ( 'NONE', #2360, #927 ) ;
#2349 = DIRECTION ( 'NONE',  ( 0.0000000000000000000, 0.0000000000000000000, 1.000000000000000000 ) ) ;
#2350 = LINE ( 'NONE', #2347, #860 ) ;
#2351 = CARTESIAN_POINT ( 'NONE',  ( 93.06223369800378000, -8.612920563947447800, -12.28078170798305300 ) ) ;
#2352 = CARTESIAN_POINT ( 'NONE',  ( 93.25649156403622400, -8.604034076749119500, -12.28701409694262400 ) ) ;
#2353 = CARTESIAN_POINT ( 'NONE',  ( 93.44789634955328900, -8.552200185503124900, -12.32358276054559600 ) ) ;
#2354 = CARTESIAN_POINT ( 'NONE',  ( 93.69438201912683400, -8.423400110683788400, -12.41164918907098500 ) ) ;
#2355 = CARTESIAN_POINT ( 'NONE',  ( 93.77139382279990800, -8.371197019181440900, -12.44700396543632500 ) ) ;
#2356 = CARTESIAN_POINT ( 'NONE',  ( 94.01719273375040600, -8.120460106063026400, -12.61182491417633300 ) ) ;
#2357 = DIRECTION ( 'NONE',  ( 0.0000000000000000000, -0.8660254037844360400, 0.5000000000000045500 ) ) ;
#2358 = DIRECTION ( 'NONE',  ( 0.0000000000000000000, 0.5000000000000041100, 0.8660254037844364900 ) ) ;
#2359 = CARTESIAN_POINT ( 'NONE',  ( 93.00007200000004600, -7.491195408394919900, -12.97513105676654800 ) ) ;
#2360 = CARTESIAN_POINT ( 'NONE',  ( 92.94264661506696300, -8.554946411612325700, 12.38130746204158700 ) ) ;
#2361 = CARTESIAN_POINT ( 'NONE',  ( 93.96592350768705200, -8.191076736493684500, -12.56635651177311000 ) ) ;
#2362 = CARTESIAN_POINT ( 'NONE',  ( 93.90653607046977000, -8.255293803468397600, -12.52417548056382700 ) ) ;
#2363 = CARTESIAN_POINT ( 'NONE',  ( 94.01719273374817500, -6.861930710724107200, -13.33843719935833100 ) ) ;
#2364 = CARTESIAN_POINT ( 'NONE',  ( 93.90507921504762100, -6.698612268903574800, -13.42245602516274200 ) ) ;
#2365 = CARTESIAN_POINT ( 'NONE',  ( 93.74828161602035000, -6.557698919382796800, -13.49103122186444300 ) ) ;
#2366 = CARTESIAN_POINT ( 'NONE',  ( 93.46456016952738800, -6.413554460923534400, -13.55983605407590000 ) ) ;
#2367 = CARTESIAN_POINT ( 'NONE',  ( 93.36400529201306100, -6.377622573873881400, -13.57669154650207600 ) ) ;
#2368 = CARTESIAN_POINT ( 'NONE',  ( 92.93791030199631100, -6.329008655470976100, -13.59939886314735200 ) ) ;
#2369 = DIRECTION ( 'NONE',  ( -0.04078051838798689400, 0.9991680131919710200, 0.0004803478075700584600 ) ) ;
#2370 = CARTESIAN_POINT ( 'NONE',  ( 93.04508816780968100, -6.323579274572861000, -13.60192563650283900 ) ) ;
#2371 = DIRECTION ( 'NONE',  ( -0.04708928653799526700, 0.8650647081692806100, -0.4994453421279852500 ) ) ;
#2372 = DIRECTION ( 'NONE',  ( 0.0000000000000000000, -0.5000000000000041100, -0.8660254037844364900 ) ) ;
#2373 = CARTESIAN_POINT ( 'NONE',  ( 93.00007200000004600, -7.500000000000061300, -12.99038105676654600 ) ) ;
#2374 = CARTESIAN_POINT ( 'NONE',  ( 93.15399557760812900, -6.332402624602623000, -13.59784174211380200 ) ) ;
#2375 = DIRECTION ( 'NONE',  ( 0.04078051838798700500, -0.4999999999999973400, -0.8650647081692847100 ) ) ;
#2376 = CARTESIAN_POINT ( 'NONE',  ( 93.05749738493312900, 15.00000000000000000, -1.218147189450145200 ) ) ;
#2377 = CARTESIAN_POINT ( 'NONE',  ( 93.06223369800388000, 14.94192921941830400, -1.318617155164300400 ) ) ;
#2378 = CARTESIAN_POINT ( 'NONE',  ( 93.25745299364199100, 14.94288810537283000, -1.307751525207915700 ) ) ;
#2379 = CARTESIAN_POINT ( 'NONE',  ( 93.44870438982793800, 14.94867032023121200, -1.244199001423926400 ) ) ;
#2380 = CARTESIAN_POINT ( 'NONE',  ( 93.69449709152496600, 14.96051131046365000, -1.088942240899749300 ) ) ;
#2381 = CARTESIAN_POINT ( 'NONE',  ( 93.77141800982084900, 14.96502015258816000, -1.026189993153410600 ) ) ;
#2382 = CARTESIAN_POINT ( 'NONE',  ( 93.90711881521478700, 14.97394091309661900, -0.8865594173597907100 ) ) ;
#2383 = LINE ( 'NONE', #2376, #673 ) ;
#2384 = DIRECTION ( 'NONE',  ( 0.0000000000000000000, 0.0000000000000000000, -1.000000000000000000 ) ) ;
#2385 = DIRECTION ( 'NONE',  ( 0.0000000000000000000, -1.000000000000000000, 0.0000000000000000000 ) ) ;
#2386 = CARTESIAN_POINT ( 'NONE',  ( 93.00007200000004600, 14.98239081678971700, 0.0000000000000000000 ) ) ;
#2387 = LINE ( 'NONE', #2392, #942 ) ;
#2388 = CARTESIAN_POINT ( 'NONE',  ( 93.96630358053460000, 14.97835250118646600, -0.8098803826855692800 ) ) ;
#2389 = DIRECTION ( 'NONE',  ( 0.0000000000000000000, 0.0000000000000000000, -1.000000000000000000 ) ) ;
#2390 = DIRECTION ( 'NONE',  ( 0.0000000000000000000, -1.000000000000000000, 0.0000000000000000000 ) ) ;
#2391 = CARTESIAN_POINT ( 'NONE',  ( 93.00007200000004600, 14.98239081678971700, 0.0000000000000000000 ) ) ;
#2392 = CARTESIAN_POINT ( 'NONE',  ( 92.94264661506696300, -6.445053588387623700, -13.59945465149162500 ) ) ;
#2393 = CARTESIAN_POINT ( 'NONE',  ( 94.01719273374989400, 14.98239081678971700, 0.7266122851811376300 ) ) ;
#2394 = CARTESIAN_POINT ( 'NONE',  ( 93.90466588671192500, 14.97346123369633900, 0.9107359319518937300 ) ) ;
#2395 = CARTESIAN_POINT ( 'NONE',  ( 93.74744288190969100, 14.96239227392223200, 1.066788226950160300 ) ) ;
#2396 = CARTESIAN_POINT ( 'NONE',  ( 93.37136428424547300, 14.94583457302348800, 1.277986148478540400 ) ) ;
#2397 = DIRECTION ( 'NONE',  ( -0.04078051838798688700, -0.4999999999999973400, 0.8650647081692847100 ) ) ;
#2398 = CARTESIAN_POINT ( 'NONE',  ( 92.93791030199632500, 14.94192921941830200, 1.318617155164281600 ) ) ;
#2399 = DIRECTION ( 'NONE',  ( -0.04708928653799526000, 0.0000000000000000000, 0.9988906842559612800 ) ) ;
#2400 = DIRECTION ( 'NONE',  ( 0.0000000000000000000, 0.0000000000000000000, 1.000000000000000000 ) ) ;
#2401 = EDGE_CURVE ( 'NONE', #3701, #3691, #612, .T. ) ;
#2402 = EDGE_CURVE ( 'NONE', #3688, #3693, #547, .T. ) ;
#2403 = EDGE_CURVE ( 'NONE', #5141, #5225, #4524, .T. ) ;
#2404 = EDGE_CURVE ( 'NONE', #5202, #5189, #838, .T. ) ;
#2405 = EDGE_CURVE ( 'NONE', #3823, #5112, #920, .T. ) ;
#2406 = EDGE_CURVE ( 'NONE', #5223, #5224, #1002, .T. ) ;
#2407 = EDGE_CURVE ( 'NONE', #5233, #5187, #945, .T. ) ;
#2408 = EDGE_CURVE ( 'NONE', #5236, #5234, #929, .T. ) ;
#2409 = EDGE_CURVE ( 'NONE', #3689, #3702, #925, .T. ) ;
#2410 = EDGE_CURVE ( 'NONE', #5195, #3702, #4492, .T. ) ;
#2411 = EDGE_CURVE ( 'NONE', #3689, #5124, #4487, .T. ) ;
#2412 = EDGE_CURVE ( 'NONE', #3690, #5130, #613, .T. ) ;
#2413 = EDGE_CURVE ( 'NONE', #3690, #3684, #542, .T. ) ;
#2414 = EDGE_CURVE ( 'NONE', #5110, #5192, #1030, .T. ) ;
#2415 = EDGE_CURVE ( 'NONE', #3683, #3685, #540, .T. ) ;
#2416 = EDGE_CURVE ( 'NONE', #3827, #5099, #1027, .T. ) ;
#2417 = EDGE_CURVE ( 'NONE', #3695, #5194, #979, .T. ) ;
#2418 = EDGE_CURVE ( 'NONE', #3743, #3772, #980, .T. ) ;
#2419 = EDGE_CURVE ( 'NONE', #3767, #3743, #545, .T. ) ;
#2420 = EDGE_CURVE ( 'NONE', #3770, #5173, #538, .T. ) ;
#2421 = EDGE_CURVE ( 'NONE', #3760, #3770, #551, .T. ) ;
#2422 = EDGE_CURVE ( 'NONE', #5177, #3760, #552, .T. ) ;
#2423 = EDGE_CURVE ( 'NONE', #3761, #3769, #4424, .T. ) ;
#2424 = EDGE_CURVE ( 'NONE', #3761, #3763, #1043, .T. ) ;
#2425 = EDGE_CURVE ( 'NONE', #3766, #3763, #4415, .T. ) ;
#2426 = EDGE_CURVE ( 'NONE', #3771, #5240, #944, .T. ) ;
#2427 = EDGE_CURVE ( 'NONE', #3816, #3743, #1018, .T. ) ;
#2428 = EDGE_CURVE ( 'NONE', #5201, #5219, #971, .T. ) ;
#2429 = EDGE_CURVE ( 'NONE', #5240, #5208, #548, .T. ) ;
#2430 = EDGE_CURVE ( 'NONE', #5244, #3771, #1087, .T. ) ;
#2431 = EDGE_CURVE ( 'NONE', #3743, #3761, #1086, .T. ) ;
#2432 = EDGE_CURVE ( 'NONE', #3763, #3816, #1080, .T. ) ;
#2433 = EDGE_CURVE ( 'NONE', #3770, #3760, #987, .T. ) ;
#2434 = EDGE_CURVE ( 'NONE', #3680, #3783, #844, .T. ) ;
#2435 = EDGE_CURVE ( 'NONE', #3802, #3813, #839, .T. ) ;
#2436 = EDGE_CURVE ( 'NONE', #3741, #3768, #5462, .T. ) ;
#2437 = EDGE_CURVE ( 'NONE', #3741, #3740, #5546, .T. ) ;
#2438 = EDGE_CURVE ( 'NONE', #3740, #3733, #5435, .T. ) ;
#2439 = EDGE_CURVE ( 'NONE', #3764, #3733, #5424, .T. ) ;
#2440 = EDGE_CURVE ( 'NONE', #3762, #3764, #5550, .T. ) ;
#2441 = EDGE_CURVE ( 'NONE', #3762, #3768, #5551, .T. ) ;
#2442 = EDGE_CURVE ( 'NONE', #3740, #3735, #4668, .T. ) ;
#2443 = EDGE_CURVE ( 'NONE', #3735, #3736, #4617, .T. ) ;
#2444 = EDGE_CURVE ( 'NONE', #3733, #3736, #4675, .T. ) ;
#2445 = EDGE_CURVE ( 'NONE', #3764, #3731, #4676, .T. ) ;
#2446 = EDGE_CURVE ( 'NONE', #3731, #3736, #4682, .T. ) ;
#2447 = EDGE_CURVE ( 'NONE', #3762, #3765, #4696, .T. ) ;
#2448 = EDGE_CURVE ( 'NONE', #3765, #3731, #4669, .T. ) ;
#2449 = EDGE_CURVE ( 'NONE', #3765, #3734, #4615, .T. ) ;
#2450 = EDGE_CURVE ( 'NONE', #3768, #3734, #4661, .T. ) ;
#2451 = EDGE_CURVE ( 'NONE', #3741, #3738, #4663, .T. ) ;
#2452 = EDGE_CURVE ( 'NONE', #3738, #3734, #4683, .T. ) ;
#2453 = EDGE_CURVE ( 'NONE', #3738, #3735, #4693, .T. ) ;
#2454 = EDGE_CURVE ( 'NONE', #5178, #5179, #648, .T. ) ;
#2455 = EDGE_CURVE ( 'NONE', #3737, #3712, #5408, .T. ) ;
#2456 = EDGE_CURVE ( 'NONE', #3737, #3714, #5407, .T. ) ;
#2457 = EDGE_CURVE ( 'NONE', #3714, #3715, #5404, .T. ) ;
#2458 = EDGE_CURVE ( 'NONE', #3711, #3715, #5549, .T. ) ;
#2459 = EDGE_CURVE ( 'NONE', #3710, #3711, #5405, .T. ) ;
#2460 = EDGE_CURVE ( 'NONE', #3710, #3712, #5544, .T. ) ;
#2461 = EDGE_CURVE ( 'NONE', #3714, #3717, #4634, .T. ) ;
#2462 = EDGE_CURVE ( 'NONE', #3717, #3719, #4664, .T. ) ;
#2463 = APPLICATION_CONTEXT ( 'configuration controlled 3d designs of mechanical parts and assemblies' ) ;
#2464 = APPLICATION_CONTEXT ( 'configuration controlled 3d designs of mechanical parts and assemblies' ) ;
#2465 = FACE_OUTER_BOUND ( 'NONE', #1680, .T. ) ;
#2466 = CARTESIAN_POINT ( 'NONE',  ( 99.00007200000003100, -4.529333289294181800, -16.90370196005868000 ) ) ;
#2467 = CARTESIAN_POINT ( 'NONE',  ( 92.23051372761408100, -6.556001382195064200, -12.14975826681579600 ) ) ;
#2468 = CYLINDRICAL_SURFACE ( 'NONE', #5360, 2.999999999999999100 ) ;
#2469 = DIRECTION ( 'NONE',  ( -1.000000000000000000, 0.0000000000000000000, 0.0000000000000000000 ) ) ;
#2470 = DIRECTION ( 'NONE',  ( 0.0000000000000000000, 0.0000000000000000000, 1.000000000000000000 ) ) ;
#2471 = FACE_OUTER_BOUND ( 'NONE', #1741, .T. ) ;
#2472 = PLANE ( 'NONE',  #5359 ) ;
#2473 = DIRECTION ( 'NONE',  ( -1.000000000000000000, 0.0000000000000000000, 0.0000000000000000000 ) ) ;
#2474 = DIRECTION ( 'NONE',  ( -1.000000000000000000, -0.0000000000000000000, -0.0000000000000000000 ) ) ;
#2475 = DIRECTION ( 'NONE',  ( 0.9988906842559613900, 0.04078051838798682500, -0.02354464326899692600 ) ) ;
#2476 = DIRECTION ( 'NONE',  ( -0.04708928653799347700, 0.8650647081692808300, -0.4994453421279846900 ) ) ;
#2477 = FACE_OUTER_BOUND ( 'NONE', #1685, .T. ) ;
#2478 = CARTESIAN_POINT ( 'NONE',  ( 99.00007200000003100, 4.529333289294065400, -16.90370196005871200 ) ) ;
#2479 = CYLINDRICAL_SURFACE ( 'NONE', #5358, 2.999999999999999100 ) ;
#2480 = DIRECTION ( 'NONE',  ( 0.0000000000000000000, 0.0000000000000000000, 1.000000000000000000 ) ) ;
#2481 = FACE_OUTER_BOUND ( 'NONE', #1688, .T. ) ;
#2482 = CARTESIAN_POINT ( 'NONE',  ( 0.6963980372276983300, 0.0000000000000000000, 0.0000000000000000000 ) ) ;
#2483 = DIRECTION ( 'NONE',  ( -1.000000000000000000, 0.0000000000000000000, 0.0000000000000000000 ) ) ;
#2484 = CYLINDRICAL_SURFACE ( 'NONE', #5357, 14.15107281082891600 ) ;
#2485 = DIRECTION ( 'NONE',  ( 0.0000000000000000000, 0.0000000000000000000, 1.000000000000000000 ) ) ;
#2486 = FACE_OUTER_BOUND ( 'NONE', #1684, .T. ) ;
#2487 = CARTESIAN_POINT ( 'NONE',  ( 99.00007200000003100, 12.37436867076456300, -12.37436867076460200 ) ) ;
#2488 = DIRECTION ( 'NONE',  ( 0.0000000000000000000, 0.0000000000000000000, 1.000000000000000000 ) ) ;
#2489 = CYLINDRICAL_SURFACE ( 'NONE', #5356, 3.000000000000000900 ) ;
#2490 = DIRECTION ( 'NONE',  ( 0.0000000000000000000, 0.0000000000000000000, 1.000000000000000000 ) ) ;
#2491 = FACE_OUTER_BOUND ( 'NONE', #1633, .T. ) ;
#2492 = DIRECTION ( 'NONE',  ( -1.000000000000000000, 0.0000000000000000000, 0.0000000000000000000 ) ) ;
#2493 = CARTESIAN_POINT ( 'NONE',  ( 92.23051372761408100, -6.556001382195064200, -12.14975826681579600 ) ) ;
#2494 = CARTESIAN_POINT ( 'NONE',  ( 96.50007200000004600, 0.0000000000000000000, 0.0000000000000000000 ) ) ;
#2495 = FACE_OUTER_BOUND ( 'NONE', #1687, .T. ) ;
#2496 = PLANE ( 'NONE',  #5374 ) ;
#2497 = DIRECTION ( 'NONE',  ( 0.0000000000000000000, 0.0000000000000000000, 1.000000000000000000 ) ) ;
#2498 = DIRECTION ( 'NONE',  ( 0.0000000000000000000, 0.0000000000000000000, -1.000000000000000000 ) ) ;
#2499 = DIRECTION ( 'NONE',  ( -0.5402258605159674400, 0.7287777539979758400, -0.4207600324501467000 ) ) ;
#2500 = DIRECTION ( 'NONE',  ( -0.8415200649002866400, -0.4678493189881352500, 0.2701129302579858800 ) ) ;
#2501 = FACE_OUTER_BOUND ( 'NONE', #1646, .T. ) ;
#2502 = DIRECTION ( 'NONE',  ( -1.000000000000000000, 0.0000000000000000000, 0.0000000000000000000 ) ) ;
#2503 = CARTESIAN_POINT ( 'NONE',  ( 96.50007200000004600, 0.0000000000000000000, 0.0000000000000000000 ) ) ;
#2504 = FACE_OUTER_BOUND ( 'NONE', #1637, .T. ) ;
#2505 = DIRECTION ( 'NONE',  ( 1.000000000000000000, 0.0000000000000000000, 0.0000000000000000000 ) ) ;
#2506 = CARTESIAN_POINT ( 'NONE',  ( 93.00007200000004600, -7.500000000000061300, -12.99038105676654600 ) ) ;
#2507 = CARTESIAN_POINT ( 'NONE',  ( 89.00007200000004600, 0.0000000000000000000, 0.0000000000000000000 ) ) ;
#2508 = DIRECTION ( 'NONE',  ( -1.000000000000000000, 0.0000000000000000000, 0.0000000000000000000 ) ) ;
#2509 = FACE_OUTER_BOUND ( 'NONE', #1580, .T. ) ;
#2510 = FACE_BOUND ( 'NONE', #1664, .T. ) ;
#2511 = PLANE ( 'NONE',  #5351 ) ;
#2512 = DIRECTION ( 'NONE',  ( 0.0000000000000000000, -1.000000000000000000, -0.0000000000000000000 ) ) ;
#2513 = DIRECTION ( 'NONE',  ( 0.0000000000000000000, -0.5000000000000041100, -0.8660254037844363800 ) ) ;
#2514 = DIRECTION ( 'NONE',  ( -0.04708928653799347700, 0.8650647081692808300, -0.4994453421279846900 ) ) ;
#2515 = FACE_OUTER_BOUND ( 'NONE', #1673, .T. ) ;
#2516 = CARTESIAN_POINT ( 'NONE',  ( 93.00007200000004600, 0.0000000000000000000, 0.0000000000000000000 ) ) ;
#2517 = CYLINDRICAL_SURFACE ( 'NONE', #5381, 1.250000000000001100 ) ;
#2518 = DIRECTION ( 'NONE',  ( 1.000000000000000000, 0.0000000000000000000, 0.0000000000000000000 ) ) ;
#2519 = FACE_OUTER_BOUND ( 'NONE', #4051, .T. ) ;
#2520 = CARTESIAN_POINT ( 'NONE',  ( 97.00007200000004600, 0.0000000000000000000, 0.0000000000000000000 ) ) ;
#2521 = DIRECTION ( 'NONE',  ( -1.000000000000000000, 0.0000000000000000000, 0.0000000000000000000 ) ) ;
#2522 = CYLINDRICAL_SURFACE ( 'NONE', #5346, 15.00000000000000000 ) ;
#2523 = DIRECTION ( 'NONE',  ( 0.0000000000000000000, 0.0000000000000000000, 1.000000000000000000 ) ) ;
#2524 = FACE_OUTER_BOUND ( 'NONE', #4059, .T. ) ;
#2525 = CARTESIAN_POINT ( 'NONE',  ( 99.00007200000003100, 16.90370196005869400, -4.529333289294122300 ) ) ;
#2526 = DIRECTION ( 'NONE',  ( 0.0000000000000000000, 0.0000000000000000000, -1.000000000000000000 ) ) ;
#2527 = CYLINDRICAL_SURFACE ( 'NONE', #5345, 3.000000000000000000 ) ;
#2528 = DIRECTION ( 'NONE',  ( 0.0000000000000000000, 0.0000000000000000000, 1.000000000000000000 ) ) ;
#2529 = FACE_OUTER_BOUND ( 'NONE', #1678, .T. ) ;
#2530 = DIRECTION ( 'NONE',  ( 1.000000000000000000, 0.0000000000000000000, 0.0000000000000000000 ) ) ;
#2531 = DIRECTION ( 'NONE',  ( 0.0000000000000000000, 0.0000000000000000000, -1.000000000000000000 ) ) ;
#2532 = CARTESIAN_POINT ( 'NONE',  ( 89.00007200000004600, 0.0000000000000000000, 0.0000000000000000000 ) ) ;
#2533 = FACE_OUTER_BOUND ( 'NONE', #1650, .T. ) ;
#2534 = DIRECTION ( 'NONE',  ( 1.000000000000000000, 0.0000000000000000000, 0.0000000000000000000 ) ) ;
#2535 = CARTESIAN_POINT ( 'NONE',  ( 97.00007200000004600, 0.0000000000000000000, 0.0000000000000000000 ) ) ;
#2536 = CARTESIAN_POINT ( 'NONE',  ( 89.00007200000004600, 0.0000000000000000000, 0.0000000000000000000 ) ) ;
#2537 = DIRECTION ( 'NONE',  ( 0.0000000000000000000, 0.0000000000000000000, 1.000000000000000000 ) ) ;
#2538 = FACE_OUTER_BOUND ( 'NONE', #4214, .T. ) ;
#2539 = FACE_BOUND ( 'NONE', #1674, .T. ) ;
#2540 = PLANE ( 'NONE',  #5343 ) ;
#2541 = DIRECTION ( 'NONE',  ( 0.0000000000000000000, 0.0000000000000000000, -1.000000000000000000 ) ) ;
#2542 = DIRECTION ( 'NONE',  ( -1.000000000000000000, 0.0000000000000000000, 0.0000000000000000000 ) ) ;
#2543 = DIRECTION ( 'NONE',  ( 0.0000000000000000000, 0.0000000000000000000, 1.000000000000000000 ) ) ;
#2544 = FACE_OUTER_BOUND ( 'NONE', #1641, .T. ) ;
#2545 = DIRECTION ( 'NONE',  ( 1.000000000000000000, 0.0000000000000000000, 0.0000000000000000000 ) ) ;
#2546 = CARTESIAN_POINT ( 'NONE',  ( 89.00007200000004600, 0.0000000000000000000, 0.0000000000000000000 ) ) ;
#2547 = FACE_OUTER_BOUND ( 'NONE', #1677, .T. ) ;
#2548 = DIRECTION ( 'NONE',  ( -1.000000000000000000, 0.0000000000000000000, 0.0000000000000000000 ) ) ;
#2549 = DIRECTION ( 'NONE',  ( -1.000000000000000000, 0.0000000000000000000, 0.0000000000000000000 ) ) ;
#2550 = CARTESIAN_POINT ( 'NONE',  ( 89.50007200000004600, 0.0000000000000000000, 0.0000000000000000000 ) ) ;
#2551 = FACE_OUTER_BOUND ( 'NONE', #1647, .T. ) ;
#2552 = CARTESIAN_POINT ( 'NONE',  ( 99.00007200000003100, 16.90370196005869400, 4.529333289294124000 ) ) ;
#2553 = DIRECTION ( 'NONE',  ( -1.000000000000000000, 0.0000000000000000000, 0.0000000000000000000 ) ) ;
#2554 = CYLINDRICAL_SURFACE ( 'NONE', #5338, 3.000000000000000000 ) ;
#2555 = DIRECTION ( 'NONE',  ( 0.0000000000000000000, 0.0000000000000000000, 1.000000000000000000 ) ) ;
#2556 = CYLINDRICAL_SURFACE ( 'NONE', #5373, 15.00000000000000000 ) ;
#2557 = FACE_BOUND ( 'NONE', #4055, .T. ) ;
#2558 = FACE_OUTER_BOUND ( 'NONE', #1642, .T. ) ;
#2559 = CARTESIAN_POINT ( 'NONE',  ( 97.00007200000004600, 0.0000000000000000000, 0.0000000000000000000 ) ) ;
#2560 = DIRECTION ( 'NONE',  ( 0.0000000000000000000, 0.0000000000000000000, 1.000000000000000000 ) ) ;
#2561 = CARTESIAN_POINT ( 'NONE',  ( 89.00007200000001700, 10.35354614922133200, -10.15255050518854100 ) ) ;
#2562 = CARTESIAN_POINT ( 'NONE',  ( 89.00007200000004600, 10.25304832720492400, -10.25304832720495400 ) ) ;
#2563 = CARTESIAN_POINT ( 'NONE',  ( 89.01221082754155100, 10.45980571980664200, -10.06049836510175900 ) ) ;
#2564 = CARTESIAN_POINT ( 'NONE',  ( 89.05942879577092700, 10.68330628055436700, -9.892463137303355600 ) ) ;
#2565 = CARTESIAN_POINT ( 'NONE',  ( 89.09486757666057600, 10.80087732601751700, -9.816582361618792200 ) ) ;
#2566 = CARTESIAN_POINT ( 'NONE',  ( 89.22780060752582200, 11.15423251404501500, -9.620489403248310400 ) ) ;
#2567 = CARTESIAN_POINT ( 'NONE',  ( 89.35356573223242500, 11.39711379697724400, -9.527380443704471300 ) ) ;
#2568 = CARTESIAN_POINT ( 'NONE',  ( 89.50007200000004600, 11.63524104684448100, -9.466845608851205200 ) ) ;
#2569 = CARTESIAN_POINT ( 'NONE',  ( 97.00007200000007400, 14.00592448119146000, 3.752876153986555600 ) ) ;
#2570 = CARTESIAN_POINT ( 'NONE',  ( 97.00007200000006000, 14.04270923707449400, 3.615593576087142900 ) ) ;
#2571 = CARTESIAN_POINT ( 'NONE',  ( 97.00007200000004600, 0.0000000000000000000, 0.0000000000000000000 ) ) ;
#2572 = DIRECTION ( 'NONE',  ( 1.000000000000000000, -0.0000000000000000000, -0.0000000000000000000 ) ) ;
#2573 = DIRECTION ( 'NONE',  ( 0.0000000000000000000, 0.0000000000000000000, 1.000000000000000000 ) ) ;
#2574 = CARTESIAN_POINT ( 'NONE',  ( 96.98793317245856800, 14.08870665455320800, 3.482744299006605500 ) ) ;
#2575 = CARTESIAN_POINT ( 'NONE',  ( 96.94071520422912200, 14.19824620402160200, 3.225471242628617400 ) ) ;
#2576 = CARTESIAN_POINT ( 'NONE',  ( 96.90527642333951500, 14.26212532829990400, 3.100971040495348300 ) ) ;
#2577 = CARTESIAN_POINT ( 'NONE',  ( 96.77234339247429800, 14.47009341850549900, 2.754471963029516200 ) ) ;
#2578 = CARTESIAN_POINT ( 'NONE',  ( 96.64657826776769400, 14.63388029985665600, 2.552396597278491000 ) ) ;
#2579 = CARTESIAN_POINT ( 'NONE',  ( 96.50007200000004600, 14.80983713014837000, 2.380908267548049700 ) ) ;
#2580 = CARTESIAN_POINT ( 'NONE',  ( 96.50007200000004600, 14.80983713014837000, -2.380908267548048000 ) ) ;
#2581 = CARTESIAN_POINT ( 'NONE',  ( 96.64674952850681700, 14.63367461243267800, -2.552597061180491800 ) ) ;
#2582 = CARTESIAN_POINT ( 'NONE',  ( 96.50007200000004600, 0.0000000000000000000, 0.0000000000000000000 ) ) ;
#2583 = DIRECTION ( 'NONE',  ( -1.000000000000000000, 0.0000000000000000000, 0.0000000000000000000 ) ) ;
#2584 = DIRECTION ( 'NONE',  ( 0.0000000000000000000, 0.0000000000000000000, 1.000000000000000000 ) ) ;
#2585 = CARTESIAN_POINT ( 'NONE',  ( 96.77150081976762400, 14.47137164505552000, -2.752427970458617000 ) ) ;
#2586 = CARTESIAN_POINT ( 'NONE',  ( 96.90545730911000500, 14.26186225781471800, -3.101366620917435300 ) ) ;
#2587 = CARTESIAN_POINT ( 'NONE',  ( 96.94012519471903000, 14.19934584004450600, -3.223263636837586900 ) ) ;
#2588 = CARTESIAN_POINT ( 'NONE',  ( 96.98746126086479100, 14.09006454560160300, -3.479188317924288800 ) ) ;
#2589 = CARTESIAN_POINT ( 'NONE',  ( 97.00007200000001700, 14.04281944807290100, -3.615182263041533800 ) ) ;
#2590 = CARTESIAN_POINT ( 'NONE',  ( 97.00007200000007400, 14.00592448119146200, -3.752876153986548900 ) ) ;
#2591 = LINE ( 'NONE', #2592, #5331 ) ;
#2592 = CARTESIAN_POINT ( 'NONE',  ( 94.00007200000004600, 14.01614931439253400, -5.342991521297195200 ) ) ;
#2593 = DIRECTION ( 'NONE',  ( -1.000000000000000000, 0.0000000000000000000, 0.0000000000000000000 ) ) ;
#2594 = LINE ( 'NONE', #2595, #5391 ) ;
#2595 = CARTESIAN_POINT ( 'NONE',  ( 94.00007200000004600, 11.63524104684448100, -9.466845608851205200 ) ) ;
#2596 = CARTESIAN_POINT ( 'NONE',  ( 89.50007200000004600, 0.0000000000000000000, 0.0000000000000000000 ) ) ;
#2597 = DIRECTION ( 'NONE',  ( 1.000000000000000000, -0.0000000000000000000, -0.0000000000000000000 ) ) ;
#2598 = DIRECTION ( 'NONE',  ( 0.0000000000000000000, -1.243449787580175300E-014, 1.000000000000000000 ) ) ;
#2599 = DIRECTION ( 'NONE',  ( 1.000000000000000000, -0.0000000000000000000, -0.0000000000000000000 ) ) ;
#2600 = CARTESIAN_POINT ( 'NONE',  ( 97.00007200000007400, 14.00592448119146200, -3.752876153986548900 ) ) ;
#2601 = CARTESIAN_POINT ( 'NONE',  ( 97.00007200000003100, 13.96913972530846900, -3.890158731885974900 ) ) ;
#2602 = CARTESIAN_POINT ( 'NONE',  ( 97.00007200000004600, 0.0000000000000000000, 0.0000000000000000000 ) ) ;
#2603 = DIRECTION ( 'NONE',  ( 1.000000000000000000, -0.0000000000000000000, -0.0000000000000000000 ) ) ;
#2604 = DIRECTION ( 'NONE',  ( 0.0000000000000000000, 1.776356839400250500E-015, 1.000000000000000000 ) ) ;
#2605 = CARTESIAN_POINT ( 'NONE',  ( 89.50007200000004600, 9.466845608851167900, -11.63524104684451100 ) ) ;
#2606 = CARTESIAN_POINT ( 'NONE',  ( 96.98793317245859700, 13.94255001881324700, -4.028208289451477200 ) ) ;
#2607 = CARTESIAN_POINT ( 'NONE',  ( 96.94071520422915000, 13.90877752318298900, -4.305783066718279700 ) ) ;
#2608 = CARTESIAN_POINT ( 'NONE',  ( 96.90527642333951500, 13.90184836651286400, -4.445542966681135700 ) ) ;
#2609 = CARTESIAN_POINT ( 'NONE',  ( 96.77234339247426900, 13.90870447707452600, -4.849604015257219700 ) ) ;
#2610 = CARTESIAN_POINT ( 'NONE',  ( 96.64657826776766600, 13.94951039425574300, -5.106499856152218800 ) ) ;
#2611 = CARTESIAN_POINT ( 'NONE',  ( 96.50007200000004600, 14.01614931439253400, -5.342991521297195200 ) ) ;
#2612 = CARTESIAN_POINT ( 'NONE',  ( 96.50007200000004600, 11.63524104684448300, -9.466845608851205200 ) ) ;
#2613 = CARTESIAN_POINT ( 'NONE',  ( 96.64674952850678800, 11.39683543449184800, -9.527451206824153500 ) ) ;
#2614 = CARTESIAN_POINT ( 'NONE',  ( 96.50007200000004600, 0.0000000000000000000, 0.0000000000000000000 ) ) ;
#2615 = DIRECTION ( 'NONE',  ( -1.000000000000000000, 0.0000000000000000000, 0.0000000000000000000 ) ) ;
#2616 = DIRECTION ( 'NONE',  ( 0.0000000000000000000, 0.0000000000000000000, 1.000000000000000000 ) ) ;
#2617 = CARTESIAN_POINT ( 'NONE',  ( 89.35339447149323200, 9.527451206824119700, -11.39683543449188000 ) ) ;
#2618 = CARTESIAN_POINT ( 'NONE',  ( 96.77150081976758100, 11.15636148699455900, -9.619358367031772200 ) ) ;
#2619 = CARTESIAN_POINT ( 'NONE',  ( 96.90545730910996300, 10.80045171008330700, -9.816793409070975000 ) ) ;
#2620 = CARTESIAN_POINT ( 'NONE',  ( 96.94012519471907300, 10.68536239618062900, -9.891101112618235500 ) ) ;
#2621 = CARTESIAN_POINT ( 'NONE',  ( 96.98746126086481900, 10.46275967849127400, -10.05809774067330400 ) ) ;
#2622 = CARTESIAN_POINT ( 'NONE',  ( 97.00007200000006000, 10.35384725126852100, -10.15224940314135400 ) ) ;
#2623 = CARTESIAN_POINT ( 'NONE',  ( 97.00007200000004600, 10.25304832720492600, -10.25304832720495800 ) ) ;
#2624 = CARTESIAN_POINT ( 'NONE',  ( 89.22864318023249600, 9.619358367031742000, -11.15636148699459600 ) ) ;
#2625 = CARTESIAN_POINT ( 'NONE',  ( 89.09468669089014300, 9.816793409070943000, -10.80045171008334200 ) ) ;
#2626 = CARTESIAN_POINT ( 'NONE',  ( 89.06001880528103200, 9.891101112618205300, -10.68536239618066100 ) ) ;
#2627 = CARTESIAN_POINT ( 'NONE',  ( 89.01268273913528600, 10.05809774067327000, -10.46275967849130600 ) ) ;
#2628 = CARTESIAN_POINT ( 'NONE',  ( 89.00007200000004600, 10.15224940314131700, -10.35384725126855600 ) ) ;
#2629 = CARTESIAN_POINT ( 'NONE',  ( 89.00007200000004600, 10.25304832720492400, -10.25304832720495400 ) ) ;
#2630 = CARTESIAN_POINT ( 'NONE',  ( 89.00007200000004600, 3.752876153986511600, -14.00592448119150300 ) ) ;
#2631 = CARTESIAN_POINT ( 'NONE',  ( 89.00007200000007400, 3.881540692356097600, -13.97144892204084800 ) ) ;
#2632 = CARTESIAN_POINT ( 'NONE',  ( 89.00007200000004600, 0.0000000000000000000, 0.0000000000000000000 ) ) ;
#2633 = DIRECTION ( 'NONE',  ( -1.000000000000000000, 0.0000000000000000000, 0.0000000000000000000 ) ) ;
#2634 = DIRECTION ( 'NONE',  ( 0.0000000000000000000, 0.0000000000000000000, 1.000000000000000000 ) ) ;
#2635 = LINE ( 'NONE', #2640, #5328 ) ;
#2636 = CARTESIAN_POINT ( 'NONE',  ( 89.01073978364722400, 4.010879489285923900, -13.94593412925451600 ) ) ;
#2637 = CARTESIAN_POINT ( 'NONE',  ( 89.05227993183142100, 4.270854402066793100, -13.91198446862660500 ) ) ;
#2638 = CARTESIAN_POINT ( 'NONE',  ( 89.08356708784791100, 4.402271741591860600, -13.90370196005870800 ) ) ;
#2639 = CARTESIAN_POINT ( 'NONE',  ( 89.12292357688639300, 4.529333289294064500, -13.90370196005870800 ) ) ;
#2640 = CARTESIAN_POINT ( 'NONE',  ( 94.00007200000004600, 9.466845608851167900, -11.63524104684451100 ) ) ;
#2641 = DIRECTION ( 'NONE',  ( -1.000000000000000000, 0.0000000000000000000, 0.0000000000000000000 ) ) ;
#2642 = CARTESIAN_POINT ( 'NONE',  ( 96.91667383910447600, 4.401958815086564900, -13.90370196005868500 ) ) ;
#2643 = CARTESIAN_POINT ( 'NONE',  ( 96.87722042311384000, 4.529333289294370100, -13.90370196005849800 ) ) ;
#2644 = CARTESIAN_POINT ( 'NONE',  ( 89.50007200000004600, 0.0000000000000000000, 0.0000000000000000000 ) ) ;
#2645 = DIRECTION ( 'NONE',  ( 1.000000000000000000, -0.0000000000000000000, -0.0000000000000000000 ) ) ;
#2646 = DIRECTION ( 'NONE',  ( 0.0000000000000000000, 0.0000000000000000000, 1.000000000000000000 ) ) ;
#2647 = CARTESIAN_POINT ( 'NONE',  ( 96.94727476652741400, 4.273539252563018900, -13.91177228285366500 ) ) ;
#2648 = CARTESIAN_POINT ( 'NONE',  ( 96.98900283691509100, 4.014371089058610800, -13.94534300366141200 ) ) ;
#2649 = CARTESIAN_POINT ( 'NONE',  ( 97.00007200000004600, 3.881886514589412600, -13.97135625925270700 ) ) ;
#2650 = CARTESIAN_POINT ( 'NONE',  ( 97.00007200000004600, 3.752876153986512100, -14.00592448119150600 ) ) ;
#2651 = CARTESIAN_POINT ( 'NONE',  ( 97.00007200000004600, 10.25304832720492600, -10.25304832720495800 ) ) ;
#2652 = CARTESIAN_POINT ( 'NONE',  ( 97.00007200000004600, 10.15255050518850800, -10.35354614922135900 ) ) ;
#2653 = CARTESIAN_POINT ( 'NONE',  ( 97.00007200000004600, 0.0000000000000000000, 0.0000000000000000000 ) ) ;
#2654 = DIRECTION ( 'NONE',  ( 1.000000000000000000, -0.0000000000000000000, -0.0000000000000000000 ) ) ;
#2655 = DIRECTION ( 'NONE',  ( 0.0000000000000000000, 0.0000000000000000000, 1.000000000000000000 ) ) ;
#2656 = CARTESIAN_POINT ( 'NONE',  ( 96.98793317245858200, 10.06049836510172000, -10.45980571980667900 ) ) ;
#2657 = CARTESIAN_POINT ( 'NONE',  ( 96.94071520422915000, 9.892463137303318300, -10.68330628055440600 ) ) ;
#2658 = CARTESIAN_POINT ( 'NONE',  ( 96.90527642333954400, 9.816582361618762000, -10.80087732601754900 ) ) ;
#2659 = CARTESIAN_POINT ( 'NONE',  ( 96.77234339247429800, 9.620489403248278400, -11.15423251404504000 ) ) ;
#2660 = CARTESIAN_POINT ( 'NONE',  ( 96.64657826776766600, 9.527380443704434000, -11.39711379697728300 ) ) ;
#2661 = CARTESIAN_POINT ( 'NONE',  ( 96.50007200000004600, 9.466845608851167900, -11.63524104684451300 ) ) ;
#2662 = CARTESIAN_POINT ( 'NONE',  ( 89.50007200000004600, 2.380908267547999100, -14.80983713014837900 ) ) ;
#2663 = CARTESIAN_POINT ( 'NONE',  ( 89.35339447149328900, 2.552597061180438100, -14.63367461243269800 ) ) ;
#2664 = CARTESIAN_POINT ( 'NONE',  ( 96.50007200000004600, 0.0000000000000000000, 0.0000000000000000000 ) ) ;
#2665 = DIRECTION ( 'NONE',  ( -1.000000000000000000, 0.0000000000000000000, 0.0000000000000000000 ) ) ;
#2666 = DIRECTION ( 'NONE',  ( 0.0000000000000000000, 0.0000000000000000000, 1.000000000000000000 ) ) ;
#2667 = CARTESIAN_POINT ( 'NONE',  ( 89.22864318023248100, 2.752427970458566800, -14.47137164505553000 ) ) ;
#2668 = CARTESIAN_POINT ( 'NONE',  ( 89.09468669089010000, 3.101366620917389100, -14.26186225781473000 ) ) ;
#2669 = CARTESIAN_POINT ( 'NONE',  ( 89.06001880528104700, 3.223263636837540200, -14.19934584004452000 ) ) ;
#2670 = CARTESIAN_POINT ( 'NONE',  ( 89.01268273913530000, 3.479188317924243500, -14.09006454560161700 ) ) ;
#2671 = CARTESIAN_POINT ( 'NONE',  ( 89.00007200000004600, 3.615182263041490700, -14.04281944807291900 ) ) ;
#2672 = CARTESIAN_POINT ( 'NONE',  ( 89.00007200000004600, 3.752876153986511600, -14.00592448119150300 ) ) ;
#2673 = LINE ( 'NONE', #2674, #5312 ) ;
#2674 = CARTESIAN_POINT ( 'NONE',  ( 94.00007200000004600, 2.380908267547999100, -14.80983713014837900 ) ) ;
#2675 = CARTESIAN_POINT ( 'NONE',  ( 89.50007200000004600, 0.0000000000000000000, 0.0000000000000000000 ) ) ;
#2676 = DIRECTION ( 'NONE',  ( 1.000000000000000000, -0.0000000000000000000, -0.0000000000000000000 ) ) ;
#2677 = DIRECTION ( 'NONE',  ( 0.0000000000000000000, 1.598721155460225400E-014, 1.000000000000000000 ) ) ;
#2678 = CARTESIAN_POINT ( 'NONE',  ( 89.00007200000004600, 0.0000000000000000000, 0.0000000000000000000 ) ) ;
#2679 = DIRECTION ( 'NONE',  ( -1.000000000000000000, 0.0000000000000000000, 0.0000000000000000000 ) ) ;
#2680 = DIRECTION ( 'NONE',  ( 0.0000000000000000000, 0.0000000000000000000, 1.000000000000000000 ) ) ;
#2681 = DIRECTION ( 'NONE',  ( -1.000000000000000000, 0.0000000000000000000, 0.0000000000000000000 ) ) ;
#2682 = CARTESIAN_POINT ( 'NONE',  ( 94.00007200000004600, -9.466845608851247800, -11.63524104684444500 ) ) ;
#2683 = CARTESIAN_POINT ( 'NONE',  ( 89.50007200000004600, 0.0000000000000000000, 0.0000000000000000000 ) ) ;
#2684 = DIRECTION ( 'NONE',  ( 1.000000000000000000, -0.0000000000000000000, -0.0000000000000000000 ) ) ;
#2685 = DIRECTION ( 'NONE',  ( 0.0000000000000000000, 0.0000000000000000000, 1.000000000000000000 ) ) ;
#2686 = CARTESIAN_POINT ( 'NONE',  ( 97.00007200000004600, 3.752876153986512100, -14.00592448119150600 ) ) ;
#2687 = CARTESIAN_POINT ( 'NONE',  ( 97.00007200000004600, 3.615593576087087900, -14.04270923707451500 ) ) ;
#2688 = CARTESIAN_POINT ( 'NONE',  ( 97.00007200000004600, 0.0000000000000000000, 0.0000000000000000000 ) ) ;
#2689 = DIRECTION ( 'NONE',  ( 1.000000000000000000, -0.0000000000000000000, -0.0000000000000000000 ) ) ;
#2690 = DIRECTION ( 'NONE',  ( 0.0000000000000000000, 2.664535259100376100E-015, 1.000000000000000000 ) ) ;
#2691 = CARTESIAN_POINT ( 'NONE',  ( 96.98793317245861100, 3.482744299006551400, -14.08870665455322800 ) ) ;
#2692 = CARTESIAN_POINT ( 'NONE',  ( 96.94071520422916400, 3.225471242628565000, -14.19824620402162200 ) ) ;
#2693 = CARTESIAN_POINT ( 'NONE',  ( 96.90527642333952900, 3.100971040495298100, -14.26212532829991600 ) ) ;
#2694 = CARTESIAN_POINT ( 'NONE',  ( 96.77234339247428400, 2.754471963029467800, -14.47009341850551300 ) ) ;
#2695 = CARTESIAN_POINT ( 'NONE',  ( 96.64657826776765100, 2.552396597278441700, -14.63388029985666500 ) ) ;
#2696 = CARTESIAN_POINT ( 'NONE',  ( 96.50007200000004600, 2.380908267548000900, -14.80983713014837700 ) ) ;
#2697 = CARTESIAN_POINT ( 'NONE',  ( 89.50007200000004600, -5.342991521297243200, -14.01614931439251600 ) ) ;
#2698 = CARTESIAN_POINT ( 'NONE',  ( 89.42210819842453900, -5.217141688818636600, -13.98068718962533000 ) ) ;
#2699 = CARTESIAN_POINT ( 'NONE',  ( 96.50007200000004600, 0.0000000000000000000, 0.0000000000000000000 ) ) ;
#2700 = DIRECTION ( 'NONE',  ( -1.000000000000000000, 0.0000000000000000000, 0.0000000000000000000 ) ) ;
#2701 = DIRECTION ( 'NONE',  ( 0.0000000000000000000, 0.0000000000000000000, 1.000000000000000000 ) ) ;
#2702 = CARTESIAN_POINT ( 'NONE',  ( 89.35074461074823700, -5.086900488052204000, -13.95279899908104000 ) ) ;
#2703 = CARTESIAN_POINT ( 'NONE',  ( 89.22378046208052600, -4.816057327430657500, -13.91430422937910700 ) ) ;
#2704 = CARTESIAN_POINT ( 'NONE',  ( 89.16768811569349400, -4.673854605142326900, -13.90370196005868100 ) ) ;
#2705 = CARTESIAN_POINT ( 'NONE',  ( 89.12292357688625100, -4.529333289294489100, -13.90370196005846800 ) ) ;
#2706 = CARTESIAN_POINT ( 'NONE',  ( 89.00007200000004600, -10.25304832720499300, -10.25304832720488500 ) ) ;
#2707 = CARTESIAN_POINT ( 'NONE',  ( 89.00007200000006000, -10.15255050518858000, -10.35354614922129300 ) ) ;
#2708 = CARTESIAN_POINT ( 'NONE',  ( 89.00007200000004600, 0.0000000000000000000, 0.0000000000000000000 ) ) ;
#2709 = DIRECTION ( 'NONE',  ( -1.000000000000000000, 0.0000000000000000000, 0.0000000000000000000 ) ) ;
#2710 = DIRECTION ( 'NONE',  ( 0.0000000000000000000, 0.0000000000000000000, 1.000000000000000000 ) ) ;
#2711 = LINE ( 'NONE', #2718, #5303 ) ;
#2712 = CARTESIAN_POINT ( 'NONE',  ( 89.01221082754150900, -10.06049836510179500, -10.45980571980661000 ) ) ;
#2713 = CARTESIAN_POINT ( 'NONE',  ( 89.05942879577094100, -9.892463137303396400, -10.68330628055433400 ) ) ;
#2714 = CARTESIAN_POINT ( 'NONE',  ( 89.09486757666059000, -9.816582361618836600, -10.80087732601748500 ) ) ;
#2715 = CARTESIAN_POINT ( 'NONE',  ( 89.22780060752579300, -9.620489403248353000, -11.15423251404497800 ) ) ;
#2716 = CARTESIAN_POINT ( 'NONE',  ( 89.35356573223242500, -9.527380443704517500, -11.39711379697721400 ) ) ;
#2717 = CARTESIAN_POINT ( 'NONE',  ( 89.50007200000004600, -9.466845608851247800, -11.63524104684444500 ) ) ;
#2718 = CARTESIAN_POINT ( 'NONE',  ( 94.00007200000004600, -5.342991521297243200, -14.01614931439251600 ) ) ;
#2719 = DIRECTION ( 'NONE',  ( -1.000000000000000000, 0.0000000000000000000, 0.0000000000000000000 ) ) ;
#2720 = CARTESIAN_POINT ( 'NONE',  ( 92.84797547556165400, -8.622721984037950100, -12.27390764616347400 ) ) ;
#2721 = CARTESIAN_POINT ( 'NONE',  ( 93.06223369800378000, -8.612920563947447800, -12.28078170798305300 ) ) ;
#2722 = LINE ( 'NONE', #2682, #5301 ) ;
#2723 = CARTESIAN_POINT ( 'NONE',  ( 89.50007200000004600, 0.0000000000000000000, 0.0000000000000000000 ) ) ;
#2724 = DIRECTION ( 'NONE',  ( 1.000000000000000000, -0.0000000000000000000, -0.0000000000000000000 ) ) ;
#2725 = DIRECTION ( 'NONE',  ( 0.0000000000000000000, -3.552713678800500900E-015, 1.000000000000000000 ) ) ;
#2726 = DIRECTION ( 'NONE',  ( 1.000000000000000000, -0.0000000000000000000, -0.0000000000000000000 ) ) ;
#2727 = CARTESIAN_POINT ( 'NONE',  ( 91.90765229855408300, -8.031733145457968300, -12.66895413606362400 ) ) ;
#2728 = CARTESIAN_POINT ( 'NONE',  ( 91.98295126624967100, -8.120460106063017500, -12.61182491417633900 ) ) ;
#2729 = CARTESIAN_POINT ( 'NONE',  ( 92.62814440991267900, -8.579371544302855300, -12.30469469375691100 ) ) ;
#2730 = CARTESIAN_POINT ( 'NONE',  ( 92.34718387474218600, -8.448942457986451200, -12.39427905293707100 ) ) ;
#2731 = CARTESIAN_POINT ( 'NONE',  ( 92.26011897040001500, -8.394426259844380000, -12.43138413669701900 ) ) ;
#2732 = CARTESIAN_POINT ( 'NONE',  ( 92.10617932226836000, -8.268822434120746600, -12.51528183218694000 ) ) ;
#2733 = CARTESIAN_POINT ( 'NONE',  ( 92.03956131617579200, -8.198433020445518700, -12.56161997199665400 ) ) ;
#2734 = CARTESIAN_POINT ( 'NONE',  ( 91.98295126624967100, -8.120460106063017500, -12.61182491417633900 ) ) ;
#2735 = CARTESIAN_POINT ( 'NONE',  ( 92.03354348780838700, -6.788231812600791700, -13.37635144109583300 ) ) ;
#2736 = CARTESIAN_POINT ( 'NONE',  ( 91.98295126624967100, -6.861930710726823300, -13.33843719935675600 ) ) ;
#2737 = CARTESIAN_POINT ( 'NONE',  ( 91.84944112245395300, -7.933721138820435400, -12.73072752851905100 ) ) ;
#2738 = CARTESIAN_POINT ( 'NONE',  ( 91.77002517266564000, -7.722318485236249000, -12.86006033137237700 ) ) ;
#2739 = CARTESIAN_POINT ( 'NONE',  ( 91.75008047691692100, -7.613052753022655500, -12.92510920368461000 ) ) ;
#2740 = CARTESIAN_POINT ( 'NONE',  ( 91.75005505407749200, -7.274105445329921000, -13.12080296933597800 ) ) ;
#2741 = CARTESIAN_POINT ( 'NONE',  ( 91.83248743784199100, -7.049441259863101500, -13.24197279528357800 ) ) ;
#2742 = CARTESIAN_POINT ( 'NONE',  ( 91.98295126624967100, -6.861930710726823300, -13.33843719935675600 ) ) ;
#2743 = CARTESIAN_POINT ( 'NONE',  ( 92.09421763905172000, -6.717955354837606300, -13.41170810982005800 ) ) ;
#2744 = CARTESIAN_POINT ( 'NONE',  ( 92.22943531771153400, -6.593280247541217800, -13.47343661246035400 ) ) ;
#2745 = CARTESIAN_POINT ( 'NONE',  ( 92.30436207337996300, -6.537960444533739600, -13.50029037193050200 ) ) ;
#2746 = CARTESIAN_POINT ( 'NONE',  ( 92.47035010246067100, -6.443116367486616100, -13.54581183893211000 ) ) ;
#2747 = CARTESIAN_POINT ( 'NONE',  ( 92.55853343492738400, -6.405370131027860100, -13.56363307635762000 ) ) ;
#2748 = CARTESIAN_POINT ( 'NONE',  ( 92.74295556446337200, -6.350801113031971900, -13.58926907409807000 ) ) ;
#2749 = CARTESIAN_POINT ( 'NONE',  ( 92.84089147371548700, -6.333923403203895600, -13.59711159433097700 ) ) ;
#2750 = CARTESIAN_POINT ( 'NONE',  ( 92.93791030199631100, -6.329008655470976100, -13.59939886314735200 ) ) ;
#2751 = CARTESIAN_POINT ( 'NONE',  ( 96.87722042311368400, -4.529333289294181800, -13.90370196005867800 ) ) ;
#2752 = CARTESIAN_POINT ( 'NONE',  ( 96.78796294590476600, -4.817499065135491400, -13.90370196005867800 ) ) ;
#2753 = CARTESIAN_POINT ( 'NONE',  ( 97.00007200000004600, 0.0000000000000000000, 0.0000000000000000000 ) ) ;
#2754 = DIRECTION ( 'NONE',  ( 1.000000000000000000, -0.0000000000000000000, -0.0000000000000000000 ) ) ;
#2755 = DIRECTION ( 'NONE',  ( 0.0000000000000000000, 0.0000000000000000000, 1.000000000000000000 ) ) ;
#2756 = CARTESIAN_POINT ( 'NONE',  ( 89.50007200000004600, -11.63524104684454700, -9.466845608851125200 ) ) ;
#2757 = CARTESIAN_POINT ( 'NONE',  ( 96.65577533287459700, -5.091653875330222500, -13.94532707502650100 ) ) ;
#2758 = CARTESIAN_POINT ( 'NONE',  ( 96.50007200000004600, -5.342991521297240500, -14.01614931439251600 ) ) ;
#2759 = CARTESIAN_POINT ( 'NONE',  ( 96.50007200000004600, -9.466845608851247800, -11.63524104684444700 ) ) ;
#2760 = CARTESIAN_POINT ( 'NONE',  ( 96.64674952850678800, -9.527451206824197900, -11.39683543449181400 ) ) ;
#2761 = CARTESIAN_POINT ( 'NONE',  ( 96.50007200000004600, 0.0000000000000000000, 0.0000000000000000000 ) ) ;
#2762 = DIRECTION ( 'NONE',  ( -1.000000000000000000, 0.0000000000000000000, 0.0000000000000000000 ) ) ;
#2763 = DIRECTION ( 'NONE',  ( 0.0000000000000000000, 0.0000000000000000000, 1.000000000000000000 ) ) ;
#2764 = CARTESIAN_POINT ( 'NONE',  ( 89.35339447149323200, -11.39683543449191600, -9.527451206824077100 ) ) ;
#2765 = CARTESIAN_POINT ( 'NONE',  ( 96.77150081976758100, -9.619358367031818300, -11.15636148699452200 ) ) ;
#2766 = CARTESIAN_POINT ( 'NONE',  ( 96.90545730911000500, -9.816793409071017600, -10.80045171008326800 ) ) ;
#2767 = CARTESIAN_POINT ( 'NONE',  ( 96.94012519471905900, -9.891101112618276400, -10.68536239618058800 ) ) ;
#2768 = CARTESIAN_POINT ( 'NONE',  ( 96.98746126086481900, -10.05809774067334000, -10.46275967849123700 ) ) ;
#2769 = CARTESIAN_POINT ( 'NONE',  ( 97.00007200000004600, -10.15224940314139000, -10.35384725126848700 ) ) ;
#2770 = CARTESIAN_POINT ( 'NONE',  ( 97.00007200000004600, -10.25304832720499900, -10.25304832720489000 ) ) ;
#2771 = CARTESIAN_POINT ( 'NONE',  ( 94.00007200000004600, -14.01614931439256900, -5.342991521297098400 ) ) ;
#2772 = CARTESIAN_POINT ( 'NONE',  ( 89.22864318023249600, -11.15636148699463000, -9.619358367031699300 ) ) ;
#2773 = CARTESIAN_POINT ( 'NONE',  ( 89.09468669089014300, -10.80045171008337900, -9.816793409070900400 ) ) ;
#2774 = CARTESIAN_POINT ( 'NONE',  ( 89.06001880528103200, -10.68536239618069700, -9.891101112618166300 ) ) ;
#2775 = CARTESIAN_POINT ( 'NONE',  ( 89.01268273913528600, -10.46275967849134700, -10.05809774067322800 ) ) ;
#2776 = CARTESIAN_POINT ( 'NONE',  ( 89.00007200000004600, -10.35384725126859400, -10.15224940314128000 ) ) ;
#2777 = CARTESIAN_POINT ( 'NONE',  ( 89.00007200000004600, -10.25304832720499300, -10.25304832720488500 ) ) ;
#2778 = CARTESIAN_POINT ( 'NONE',  ( 89.00007200000004600, -14.00592448119151400, -3.752876153986462300 ) ) ;
#2779 = CARTESIAN_POINT ( 'NONE',  ( 89.00007200000003100, -13.96913972530850000, -3.890158731885886100 ) ) ;
#2780 = CARTESIAN_POINT ( 'NONE',  ( 89.00007200000004600, 0.0000000000000000000, 0.0000000000000000000 ) ) ;
#2781 = DIRECTION ( 'NONE',  ( -1.000000000000000000, 0.0000000000000000000, 0.0000000000000000000 ) ) ;
#2782 = DIRECTION ( 'NONE',  ( 0.0000000000000000000, 0.0000000000000000000, 1.000000000000000000 ) ) ;
#2783 = LINE ( 'NONE', #2790, #5300 ) ;
#2784 = CARTESIAN_POINT ( 'NONE',  ( 89.01221082754150900, -13.94255001881327700, -4.028208289451385800 ) ) ;
#2785 = CARTESIAN_POINT ( 'NONE',  ( 89.05942879577092700, -13.90877752318301800, -4.305783066718186400 ) ) ;
#2786 = CARTESIAN_POINT ( 'NONE',  ( 89.09486757666057600, -13.90184836651289200, -4.445542966681047800 ) ) ;
#2787 = CARTESIAN_POINT ( 'NONE',  ( 89.22780060752579300, -13.90870447707456500, -4.849604015257130000 ) ) ;
#2788 = CARTESIAN_POINT ( 'NONE',  ( 89.35356573223242500, -13.94951039425578000, -5.106499856152123800 ) ) ;
#2789 = CARTESIAN_POINT ( 'NONE',  ( 89.50007200000004600, -14.01614931439256900, -5.342991521297098400 ) ) ;
#2790 = CARTESIAN_POINT ( 'NONE',  ( 94.00007200000004600, -11.63524104684454700, -9.466845608851125200 ) ) ;
#2791 = DIRECTION ( 'NONE',  ( -1.000000000000000000, 0.0000000000000000000, 0.0000000000000000000 ) ) ;
#2792 = LINE ( 'NONE', #2771, #5291 ) ;
#2793 = CARTESIAN_POINT ( 'NONE',  ( 89.50007200000004600, 0.0000000000000000000, 0.0000000000000000000 ) ) ;
#2794 = DIRECTION ( 'NONE',  ( 1.000000000000000000, -0.0000000000000000000, -0.0000000000000000000 ) ) ;
#2795 = DIRECTION ( 'NONE',  ( 0.0000000000000000000, -8.881784197001252300E-016, 1.000000000000000000 ) ) ;
#2796 = DIRECTION ( 'NONE',  ( 1.000000000000000000, -0.0000000000000000000, -0.0000000000000000000 ) ) ;
#2797 = CARTESIAN_POINT ( 'NONE',  ( 97.00007200000004600, -10.25304832720499900, -10.25304832720489000 ) ) ;
#2798 = CARTESIAN_POINT ( 'NONE',  ( 97.00007200000006000, -10.35354614922140100, -10.15255050518847400 ) ) ;
#2799 = CARTESIAN_POINT ( 'NONE',  ( 97.00007200000004600, 0.0000000000000000000, 0.0000000000000000000 ) ) ;
#2800 = DIRECTION ( 'NONE',  ( 1.000000000000000000, -0.0000000000000000000, -0.0000000000000000000 ) ) ;
#2801 = DIRECTION ( 'NONE',  ( 0.0000000000000000000, 0.0000000000000000000, 1.000000000000000000 ) ) ;
#2802 = CARTESIAN_POINT ( 'NONE',  ( 89.50007200000004600, -14.80983713014838800, -2.380908267547945800 ) ) ;
#2803 = CARTESIAN_POINT ( 'NONE',  ( 96.98793317245856800, -10.45980571980671300, -10.06049836510168800 ) ) ;
#2804 = CARTESIAN_POINT ( 'NONE',  ( 96.94071520422916400, -10.68330628055443700, -9.892463137303282700 ) ) ;
#2805 = CARTESIAN_POINT ( 'NONE',  ( 96.90527642333951500, -10.80087732601758100, -9.816582361618721100 ) ) ;
#2806 = CARTESIAN_POINT ( 'NONE',  ( 96.77234339247428400, -11.15423251404507500, -9.620489403248235800 ) ) ;
#2807 = CARTESIAN_POINT ( 'NONE',  ( 96.64657826776766600, -11.39711379697731500, -9.527380443704395000 ) ) ;
#2808 = CARTESIAN_POINT ( 'NONE',  ( 96.50007200000004600, -11.63524104684454700, -9.466845608851125200 ) ) ;
#2809 = CARTESIAN_POINT ( 'NONE',  ( 96.50007200000004600, -14.01614931439256900, -5.342991521297097500 ) ) ;
#2810 = CARTESIAN_POINT ( 'NONE',  ( 96.64674952850680300, -13.94943249567237600, -5.106223405608452600 ) ) ;
#2811 = CARTESIAN_POINT ( 'NONE',  ( 96.50007200000004600, 0.0000000000000000000, 0.0000000000000000000 ) ) ;
#2812 = DIRECTION ( 'NONE',  ( -1.000000000000000000, 0.0000000000000000000, 0.0000000000000000000 ) ) ;
#2813 = DIRECTION ( 'NONE',  ( 0.0000000000000000000, 0.0000000000000000000, 1.000000000000000000 ) ) ;
#2814 = CARTESIAN_POINT ( 'NONE',  ( 89.35339447149326000, -14.63367461243270500, -2.552597061180383400 ) ) ;
#2815 = CARTESIAN_POINT ( 'NONE',  ( 96.77150081976758100, -13.90878945745321400, -4.852013278023666700 ) ) ;
#2816 = CARTESIAN_POINT ( 'NONE',  ( 96.90545730910999100, -13.90181833100078500, -4.445068848743674500 ) ) ;
#2817 = CARTESIAN_POINT ( 'NONE',  ( 96.94012519471905900, -13.90862603301825500, -4.308244727426201200 ) ) ;
#2818 = CARTESIAN_POINT ( 'NONE',  ( 96.98746126086483300, -13.94194799641560500, -4.031966804928234900 ) ) ;
#2819 = CARTESIAN_POINT ( 'NONE',  ( 97.00007200000006000, -13.96902951431009600, -3.890570044931480200 ) ) ;
#2820 = CARTESIAN_POINT ( 'NONE',  ( 97.00007200000004600, -14.00592448119152100, -3.752876153986463700 ) ) ;
#2821 = CARTESIAN_POINT ( 'NONE',  ( 89.00007200000004600, -14.00592448119146200, 3.752876153986656400 ) ) ;
#2822 = CARTESIAN_POINT ( 'NONE',  ( 89.22864318023248100, -14.47137164505553700, -2.752427970458514000 ) ) ;
#2823 = CARTESIAN_POINT ( 'NONE',  ( 89.09468669089008600, -14.26186225781474100, -3.101366620917337600 ) ) ;
#2824 = CARTESIAN_POINT ( 'NONE',  ( 89.06001880528103200, -14.19934584004453100, -3.223263636837491000 ) ) ;
#2825 = CARTESIAN_POINT ( 'NONE',  ( 89.01268273913527200, -14.09006454560162800, -3.479188317924193800 ) ) ;
#2826 = CARTESIAN_POINT ( 'NONE',  ( 89.00007200000001700, -14.04281944807292200, -3.615182263041442700 ) ) ;
#2827 = CARTESIAN_POINT ( 'NONE',  ( 89.00007200000004600, -14.00592448119151400, -3.752876153986462300 ) ) ;
#2828 = CARTESIAN_POINT ( 'NONE',  ( 89.50007200000004600, -2.380908267547895600, 14.80983713014839500 ) ) ;
#2829 = CARTESIAN_POINT ( 'NONE',  ( 89.35339447149327400, -2.552597061180335500, 14.63367461243270600 ) ) ;
#2830 = CARTESIAN_POINT ( 'NONE',  ( 89.00007200000004600, 0.0000000000000000000, 0.0000000000000000000 ) ) ;
#2831 = DIRECTION ( 'NONE',  ( -1.000000000000000000, 0.0000000000000000000, 0.0000000000000000000 ) ) ;
#2832 = DIRECTION ( 'NONE',  ( 0.0000000000000000000, 0.0000000000000000000, 1.000000000000000000 ) ) ;
#2833 = CARTESIAN_POINT ( 'NONE',  ( 89.00007200000004600, -14.04270923707446900, 3.615593576087233500 ) ) ;
#2834 = CARTESIAN_POINT ( 'NONE',  ( 89.22864318023246700, -2.752427970458466000, 14.47137164505554500 ) ) ;
#2835 = CARTESIAN_POINT ( 'NONE',  ( 89.09468669089010000, -3.101366620917291400, 14.26186225781475200 ) ) ;
#2836 = CARTESIAN_POINT ( 'NONE',  ( 89.06001880528103200, -3.223263636837441200, 14.19934584004454200 ) ) ;
#2837 = CARTESIAN_POINT ( 'NONE',  ( 89.01268273913527200, -3.479188317924145000, 14.09006454560164200 ) ) ;
#2838 = CARTESIAN_POINT ( 'NONE',  ( 89.00007200000004600, -3.615182263041394300, 14.04281944807294200 ) ) ;
#2839 = CARTESIAN_POINT ( 'NONE',  ( 89.00007200000004600, -3.752876153986413500, 14.00592448119153000 ) ) ;
#2840 = CARTESIAN_POINT ( 'NONE',  ( 94.00007200000004600, -14.80983713014835400, 2.380908267548151000 ) ) ;
#2841 = CARTESIAN_POINT ( 'NONE',  ( 89.01221082754149400, -14.08870665455318900, 3.482744299006694800 ) ) ;
#2842 = CARTESIAN_POINT ( 'NONE',  ( 89.05942879577092700, -14.19824620402158800, 3.225471242628708900 ) ) ;
#2843 = CARTESIAN_POINT ( 'NONE',  ( 89.09486757666059000, -14.26212532829989000, 3.100971040495438500 ) ) ;
#2844 = CARTESIAN_POINT ( 'NONE',  ( 89.22780060752580800, -14.47009341850549000, 2.754471963029608600 ) ) ;
#2845 = CARTESIAN_POINT ( 'NONE',  ( 89.35356573223242500, -14.63388029985663900, 2.552396597278592700 ) ) ;
#2846 = CARTESIAN_POINT ( 'NONE',  ( 89.50007200000004600, -14.80983713014835400, 2.380908267548151000 ) ) ;
#2847 = LINE ( 'NONE', #2848, #5283 ) ;
#2848 = CARTESIAN_POINT ( 'NONE',  ( 94.00007200000004600, -14.80983713014838800, -2.380908267547945800 ) ) ;
#2849 = DIRECTION ( 'NONE',  ( -1.000000000000000000, 0.0000000000000000000, 0.0000000000000000000 ) ) ;
#2850 = LINE ( 'NONE', #2840, #5290 ) ;
#2851 = CARTESIAN_POINT ( 'NONE',  ( 89.50007200000004600, 0.0000000000000000000, 0.0000000000000000000 ) ) ;
#2852 = DIRECTION ( 'NONE',  ( 1.000000000000000000, -0.0000000000000000000, -0.0000000000000000000 ) ) ;
#2853 = DIRECTION ( 'NONE',  ( 0.0000000000000000000, 0.0000000000000000000, 1.000000000000000000 ) ) ;
#2854 = DIRECTION ( 'NONE',  ( 1.000000000000000000, -0.0000000000000000000, -0.0000000000000000000 ) ) ;
#2855 = CARTESIAN_POINT ( 'NONE',  ( 97.00007200000004600, -14.00592448119152100, -3.752876153986463700 ) ) ;
#2856 = CARTESIAN_POINT ( 'NONE',  ( 97.00007200000006000, -14.04270923707452700, -3.615593576087038600 ) ) ;
#2857 = CARTESIAN_POINT ( 'NONE',  ( 97.00007200000004600, 0.0000000000000000000, 0.0000000000000000000 ) ) ;
#2858 = DIRECTION ( 'NONE',  ( 1.000000000000000000, -0.0000000000000000000, -0.0000000000000000000 ) ) ;
#2859 = DIRECTION ( 'NONE',  ( 0.0000000000000000000, 0.0000000000000000000, 1.000000000000000000 ) ) ;
#2860 = CARTESIAN_POINT ( 'NONE',  ( 96.98793317245856800, -14.08870665455323500, -3.482744299006501200 ) ) ;
#2861 = CARTESIAN_POINT ( 'NONE',  ( 96.94071520422915000, -14.19824620402163400, -3.225471242628513900 ) ) ;
#2862 = CARTESIAN_POINT ( 'NONE',  ( 96.90527642333951500, -14.26212532829992300, -3.100971040495245300 ) ) ;
#2863 = CARTESIAN_POINT ( 'NONE',  ( 96.77234339247429800, -14.47009341850552400, -2.754471963029414100 ) ) ;
#2864 = CARTESIAN_POINT ( 'NONE',  ( 96.64657826776765100, -14.63388029985667400, -2.552396597278386600 ) ) ;
#2865 = CARTESIAN_POINT ( 'NONE',  ( 96.50007200000004600, -14.80983713014838800, -2.380908267547946300 ) ) ;
#2866 = CARTESIAN_POINT ( 'NONE',  ( 96.50007200000004600, -14.80983713014835400, 2.380908267548151400 ) ) ;
#2867 = CARTESIAN_POINT ( 'NONE',  ( 96.64674952850678800, -14.63367461243265800, 2.552597061180593500 ) ) ;
#2868 = CARTESIAN_POINT ( 'NONE',  ( 96.50007200000004600, 0.0000000000000000000, 0.0000000000000000000 ) ) ;
#2869 = DIRECTION ( 'NONE',  ( -1.000000000000000000, 0.0000000000000000000, 0.0000000000000000000 ) ) ;
#2870 = DIRECTION ( 'NONE',  ( 0.0000000000000000000, 0.0000000000000000000, 1.000000000000000000 ) ) ;
#2871 = CARTESIAN_POINT ( 'NONE',  ( 96.77150081976758100, -14.47137164505549100, 2.752427970458720500 ) ) ;
#2872 = CARTESIAN_POINT ( 'NONE',  ( 96.90545730911000500, -14.26186225781469300, 3.101366620917539700 ) ) ;
#2873 = CARTESIAN_POINT ( 'NONE',  ( 96.94012519471905900, -14.19934584004448500, 3.223263636837689000 ) ) ;
#2874 = CARTESIAN_POINT ( 'NONE',  ( 96.98746126086481900, -14.09006454560158300, 3.479188317924389700 ) ) ;
#2875 = CARTESIAN_POINT ( 'NONE',  ( 97.00007200000004600, -14.04281944807287600, 3.615182263041639000 ) ) ;
#2876 = CARTESIAN_POINT ( 'NONE',  ( 97.00007200000004600, -14.00592448119146700, 3.752876153986658200 ) ) ;
#2877 = CARTESIAN_POINT ( 'NONE',  ( 89.50007200000004600, -14.01614931439249600, 5.342991521297292900 ) ) ;
#2878 = CARTESIAN_POINT ( 'NONE',  ( 89.35339447149333100, -13.94943249567230700, 5.106223405608651500 ) ) ;
#2879 = CARTESIAN_POINT ( 'NONE',  ( 89.00007200000004600, 0.0000000000000000000, 0.0000000000000000000 ) ) ;
#2880 = DIRECTION ( 'NONE',  ( -1.000000000000000000, 0.0000000000000000000, 0.0000000000000000000 ) ) ;
#2881 = DIRECTION ( 'NONE',  ( 0.0000000000000000000, 0.0000000000000000000, 1.000000000000000000 ) ) ;
#2882 = LINE ( 'NONE', #2894, #5269 ) ;
#2883 = CARTESIAN_POINT ( 'NONE',  ( 89.22864318023249600, -13.90878945745315100, 4.852013278023864700 ) ) ;
#2884 = CARTESIAN_POINT ( 'NONE',  ( 89.09468669089014300, -13.90181833100072100, 4.445068848743868100 ) ) ;
#2885 = CARTESIAN_POINT ( 'NONE',  ( 89.06001880528103200, -13.90862603301819400, 4.308244727426394900 ) ) ;
#2886 = CARTESIAN_POINT ( 'NONE',  ( 89.01268273913531500, -13.94194799641554800, 4.031966804928428500 ) ) ;
#2887 = CARTESIAN_POINT ( 'NONE',  ( 89.00007200000004600, -13.96902951431004200, 3.890570044931673800 ) ) ;
#2888 = CARTESIAN_POINT ( 'NONE',  ( 89.00007200000004600, -14.00592448119146200, 3.752876153986656400 ) ) ;
#2889 = CARTESIAN_POINT ( 'NONE',  ( 89.00007200000004600, -10.25304832720485100, 10.25304832720502700 ) ) ;
#2890 = CARTESIAN_POINT ( 'NONE',  ( 89.00007200000001700, -10.35354614922125900, 10.15255050518861600 ) ) ;
#2891 = CARTESIAN_POINT ( 'NONE',  ( 89.00007200000004600, 0.0000000000000000000, 0.0000000000000000000 ) ) ;
#2892 = DIRECTION ( 'NONE',  ( -1.000000000000000000, 0.0000000000000000000, 0.0000000000000000000 ) ) ;
#2893 = DIRECTION ( 'NONE',  ( 0.0000000000000000000, 0.0000000000000000000, 1.000000000000000000 ) ) ;
#2894 = CARTESIAN_POINT ( 'NONE',  ( 94.00007200000004600, -11.63524104684441500, 9.466845608851286900 ) ) ;
#2895 = CARTESIAN_POINT ( 'NONE',  ( 89.01221082754150900, -10.45980571980657600, 10.06049836510183000 ) ) ;
#2896 = CARTESIAN_POINT ( 'NONE',  ( 89.05942879577092700, -10.68330628055430000, 9.892463137303428400 ) ) ;
#2897 = CARTESIAN_POINT ( 'NONE',  ( 89.09486757666059000, -10.80087732601745100, 9.816582361618868500 ) ) ;
#2898 = CARTESIAN_POINT ( 'NONE',  ( 89.22780060752580800, -11.15423251404494600, 9.620489403248390300 ) ) ;
#2899 = CARTESIAN_POINT ( 'NONE',  ( 89.35356573223242500, -11.39711379697717900, 9.527380443704551300 ) ) ;
#2900 = CARTESIAN_POINT ( 'NONE',  ( 89.50007200000004600, -11.63524104684441500, 9.466845608851286900 ) ) ;
#2901 = LINE ( 'NONE', #2902, #5270 ) ;
#2902 = CARTESIAN_POINT ( 'NONE',  ( 94.00007200000004600, -14.01614931439249600, 5.342991521297292900 ) ) ;
#2903 = DIRECTION ( 'NONE',  ( -1.000000000000000000, 0.0000000000000000000, 0.0000000000000000000 ) ) ;
#2904 = CARTESIAN_POINT ( 'NONE',  ( 89.50007200000004600, 0.0000000000000000000, 0.0000000000000000000 ) ) ;
#2905 = DIRECTION ( 'NONE',  ( 1.000000000000000000, -0.0000000000000000000, -0.0000000000000000000 ) ) ;
#2906 = DIRECTION ( 'NONE',  ( 0.0000000000000000000, 0.0000000000000000000, 1.000000000000000000 ) ) ;
#2907 = DIRECTION ( 'NONE',  ( 1.000000000000000000, -0.0000000000000000000, -0.0000000000000000000 ) ) ;
#2908 =( LENGTH_UNIT ( ) NAMED_UNIT ( * ) SI_UNIT ( .MILLI., .METRE. ) );
#2909 =( NAMED_UNIT ( * ) PLANE_ANGLE_UNIT ( ) SI_UNIT ( $, .RADIAN. ) );
#2910 =( NAMED_UNIT ( * ) SI_UNIT ( $, .STERADIAN. ) SOLID_ANGLE_UNIT ( ) );
#2911 = MECHANICAL_CONTEXT ( 'NONE', #2464, 'mechanical' ) ;
#2912 = SHAPE_DEFINITION_REPRESENTATION ( #5548, #3670 ) ;
#2913 = APPLICATION_PROTOCOL_DEFINITION ( 'international standard', 'config_control_design', 1994, #2464 ) ;
#2914 = CARTESIAN_POINT ( 'NONE',  ( 0.0000000000000000000, 0.0000000000000000000, 0.0000000000000000000 ) ) ;
#2915 = DIRECTION ( 'NONE',  ( 0.0000000000000000000, 0.0000000000000000000, 1.000000000000000000 ) ) ;
#2916 = DIRECTION ( 'NONE',  ( 1.000000000000000000, 0.0000000000000000000, 0.0000000000000000000 ) ) ;
#2917 = PERSON_AND_ORGANIZATION ( #2130, #5265 ) ;
#2918 = PERSON_AND_ORGANIZATION_ROLE ( 'design_owner' ) ;
#2919 = APPLICATION_PROTOCOL_DEFINITION ( 'international standard', 'config_control_design', 1994, #2463 ) ;
#2920 = PERSON_AND_ORGANIZATION ( #2130, #5265 ) ;
#2921 = APPROVAL_STATUS ( 'not_yet_approved' ) ;
#2922 = APPROVAL_ROLE ( '' ) ;
#2923 = COORDINATED_UNIVERSAL_TIME_OFFSET ( 7, 0, .BEHIND. ) ;
#2924 = CALENDAR_DATE ( 2013, 9, 5 ) ;
#2925 = DATE_AND_TIME ( #2924, #5263 ) ;
#2926 = APPROVAL_DATE_TIME ( #2925, #1914 ) ;
#2927 = PERSON_AND_ORGANIZATION ( #2130, #5265 ) ;
#2928 = PERSON_AND_ORGANIZATION_ROLE ( 'creator' ) ;
#2929 = COORDINATED_UNIVERSAL_TIME_OFFSET ( 7, 0, .BEHIND. ) ;
#2930 = CALENDAR_DATE ( 2013, 9, 5 ) ;
#2931 = DATE_AND_TIME ( #2930, #5261 ) ;
#2932 = DATE_TIME_ROLE ( 'creation_date' ) ;
#2933 = PERSON_AND_ORGANIZATION ( #2130, #5265 ) ;
#2934 = APPROVAL_STATUS ( 'not_yet_approved' ) ;
#2935 = APPROVAL_ROLE ( '' ) ;
#2936 = COORDINATED_UNIVERSAL_TIME_OFFSET ( 7, 0, .BEHIND. ) ;
#2937 = CALENDAR_DATE ( 2013, 9, 5 ) ;
#2938 = DATE_AND_TIME ( #2937, #5258 ) ;
#2939 = APPROVAL_DATE_TIME ( #2938, #1917 ) ;
#2940 = PERSON_AND_ORGANIZATION ( #2130, #5265 ) ;
#2941 = PERSON_AND_ORGANIZATION_ROLE ( 'creator' ) ;
#2942 = PERSON_AND_ORGANIZATION ( #2130, #5265 ) ;
#2943 = PERSON_AND_ORGANIZATION_ROLE ( 'design_supplier' ) ;
#2944 = SECURITY_CLASSIFICATION_LEVEL ( 'unclassified' ) ;
#2945 = PERSON_AND_ORGANIZATION ( #2130, #5265 ) ;
#2946 = PERSON_AND_ORGANIZATION_ROLE ( 'classification_officer' ) ;
#2947 = COORDINATED_UNIVERSAL_TIME_OFFSET ( 7, 0, .BEHIND. ) ;
#2948 = CALENDAR_DATE ( 2013, 9, 5 ) ;
#2949 = DATE_AND_TIME ( #2948, #5255 ) ;
#2950 = DATE_TIME_ROLE ( 'classification_date' ) ;
#2951 = PERSON_AND_ORGANIZATION ( #2130, #5265 ) ;
#2952 = APPROVAL_STATUS ( 'not_yet_approved' ) ;
#2953 = APPROVAL_ROLE ( '' ) ;
#2954 = COORDINATED_UNIVERSAL_TIME_OFFSET ( 7, 0, .BEHIND. ) ;
#2955 = CALENDAR_DATE ( 2013, 9, 5 ) ;
#2956 = DATE_AND_TIME ( #2955, #5253 ) ;
#2957 = APPROVAL_DATE_TIME ( #2956, #1922 ) ;
#2958 = DIRECTION ( 'NONE',  ( 0.0000000000000000000, -0.8660254037844432600, -0.4999999999999920100 ) ) ;
#2959 = FACE_OUTER_BOUND ( 'NONE', #1743, .T. ) ;
#2960 = CARTESIAN_POINT ( 'NONE',  ( 82.99611515979302100, 0.0000000000000000000, 0.0000000000000000000 ) ) ;
#2961 = DIRECTION ( 'NONE',  ( 0.0000000000000000000, -1.000000000000000000, -0.0000000000000000000 ) ) ;
#2962 = CYLINDRICAL_SURFACE ( 'NONE', #557, 1.974999999999999900 ) ;
#2963 = DIRECTION ( 'NONE',  ( -1.000000000000000000, -0.0000000000000000000, -0.0000000000000000000 ) ) ;
#2964 = DIRECTION ( 'NONE',  ( 0.0000000000000000000, 0.0000000000000000000, 1.000000000000000000 ) ) ;
#2965 = FACE_OUTER_BOUND ( 'NONE', #1752, .T. ) ;
#2966 = CARTESIAN_POINT ( 'NONE',  ( 93.00007200000004600, 0.0000000000000000000, 0.0000000000000000000 ) ) ;
#2967 = DIRECTION ( 'NONE',  ( 0.0000000000000000000, 0.0000000000000000000, 1.000000000000000000 ) ) ;
#2968 = CYLINDRICAL_SURFACE ( 'NONE', #577, 1.250000000000001100 ) ;
#2969 = DIRECTION ( 'NONE',  ( 1.000000000000000000, 0.0000000000000000000, 0.0000000000000000000 ) ) ;
#2970 = FACE_OUTER_BOUND ( 'NONE', #1719, .T. ) ;
#2971 = DIRECTION ( 'NONE',  ( -1.000000000000000000, -0.0000000000000000000, -0.0000000000000000000 ) ) ;
#2972 = DIRECTION ( 'NONE',  ( -1.000000000000000000, -0.0000000000000000000, -0.0000000000000000000 ) ) ;
#2973 = CARTESIAN_POINT ( 'NONE',  ( 42.57817699999996800, 1.540743955509788700E-030, 0.0000000000000000000 ) ) ;
#2974 = FACE_OUTER_BOUND ( 'NONE', #1744, .T. ) ;
#2975 = CARTESIAN_POINT ( 'NONE',  ( -3.815542616969016500, -5.245791185050430900E-027, 0.0000000000000000000 ) ) ;
#2976 = DIRECTION ( 'NONE',  ( -1.000000000000000000, 0.0000000000000000000, 0.0000000000000000000 ) ) ;
#2977 = CYLINDRICAL_SURFACE ( 'NONE', #578, 6.799999999999964300 ) ;
#2978 = DIRECTION ( 'NONE',  ( 0.0000000000000000000, 0.0000000000000000000, 1.000000000000000000 ) ) ;
#2979 = FACE_OUTER_BOUND ( 'NONE', #1710, .T. ) ;
#2980 = CARTESIAN_POINT ( 'NONE',  ( 99.00007200000003100, 4.529333289294065400, -16.90370196005871200 ) ) ;
#2981 = DIRECTION ( 'NONE',  ( -1.000000000000000000, -0.0000000000000000000, -0.0000000000000000000 ) ) ;
#2982 = CYLINDRICAL_SURFACE ( 'NONE', #688, 2.999999999999999100 ) ;
#2983 = DIRECTION ( 'NONE',  ( 0.0000000000000000000, 0.0000000000000000000, 1.000000000000000000 ) ) ;
#2984 = FACE_OUTER_BOUND ( 'NONE', #1598, .T. ) ;
#2985 = CARTESIAN_POINT ( 'NONE',  ( 27.60589579493226300, 0.0000000000000000000, 0.0000000000000000000 ) ) ;
#2986 = DIRECTION ( 'NONE',  ( 0.0000000000000000000, 0.0000000000000000000, -1.000000000000000000 ) ) ;
#2987 = CYLINDRICAL_SURFACE ( 'NONE', #604, 9.699999999999999300 ) ;
#2988 = DIRECTION ( 'NONE',  ( 0.0000000000000000000, 0.0000000000000000000, 1.000000000000000000 ) ) ;
#2989 = FACE_OUTER_BOUND ( 'NONE', #4201, .T. ) ;
#2990 = DIRECTION ( 'NONE',  ( 1.000000000000000000, -0.0000000000000000000, -0.0000000000000000000 ) ) ;
#2991 = DIRECTION ( 'NONE',  ( 0.0000000000000000000, 0.0000000000000000000, -1.000000000000000000 ) ) ;
#2992 = CARTESIAN_POINT ( 'NONE',  ( 101.0000720000000300, 0.0000000000000000000, 0.0000000000000000000 ) ) ;
#2993 = FACE_OUTER_BOUND ( 'NONE', #4014, .T. ) ;
#2994 = DIRECTION ( 'NONE',  ( 1.000000000000000000, 0.0000000000000000000, 0.0000000000000000000 ) ) ;
#2995 = DIRECTION ( 'NONE',  ( -1.000000000000000000, -0.0000000000000000000, -0.0000000000000000000 ) ) ;
#2996 = CARTESIAN_POINT ( 'NONE',  ( 89.00007200000004600, 0.0000000000000000000, 0.0000000000000000000 ) ) ;
#2997 = FACE_OUTER_BOUND ( 'NONE', #1754, .T. ) ;
#2998 = CARTESIAN_POINT ( 'NONE',  ( 27.60589579493226300, 0.0000000000000000000, 0.0000000000000000000 ) ) ;
#2999 = DIRECTION ( 'NONE',  ( 0.0000000000000000000, 0.0000000000000000000, 1.000000000000000000 ) ) ;
#3000 = CYLINDRICAL_SURFACE ( 'NONE', #1010, 4.700000000000002800 ) ;
#3001 = DIRECTION ( 'NONE',  ( 0.0000000000000000000, 0.0000000000000000000, 1.000000000000000000 ) ) ;
#3002 = FACE_OUTER_BOUND ( 'NONE', #4011, .T. ) ;
#3003 = DIRECTION ( 'NONE',  ( -1.000000000000000000, 0.0000000000000000000, 0.0000000000000000000 ) ) ;
#3004 = DIRECTION ( 'NONE',  ( -1.000000000000000000, -0.0000000000000000000, -0.0000000000000000000 ) ) ;
#3005 = CARTESIAN_POINT ( 'NONE',  ( 96.50007200000004600, 0.0000000000000000000, 0.0000000000000000000 ) ) ;
#3006 = FACE_OUTER_BOUND ( 'NONE', #1756, .T. ) ;
#3007 = CARTESIAN_POINT ( 'NONE',  ( 27.60589579493226300, 0.0000000000000000000, 0.0000000000000000000 ) ) ;
#3008 = DIRECTION ( 'NONE',  ( 0.0000000000000000000, 0.0000000000000000000, -1.000000000000000000 ) ) ;
#3009 = CYLINDRICAL_SURFACE ( 'NONE', #562, 6.500000000000002700 ) ;
#3010 = DIRECTION ( 'NONE',  ( 0.0000000000000000000, 0.0000000000000000000, 1.000000000000000000 ) ) ;
#3011 = FACE_OUTER_BOUND ( 'NONE', #4178, .T. ) ;
#3012 = DIRECTION ( 'NONE',  ( 1.000000000000000000, 0.0000000000000000000, 0.0000000000000000000 ) ) ;
#3013 = DIRECTION ( 'NONE',  ( 0.0000000000000000000, 0.0000000000000000000, -1.000000000000000000 ) ) ;
#3014 = CARTESIAN_POINT ( 'NONE',  ( 89.00007200000004600, 0.0000000000000000000, 0.0000000000000000000 ) ) ;
#3015 = FACE_OUTER_BOUND ( 'NONE', #1653, .T. ) ;
#3016 = DIRECTION ( 'NONE',  ( 1.000000000000000000, 0.0000000000000000000, 0.0000000000000000000 ) ) ;
#3017 = DIRECTION ( 'NONE',  ( -1.000000000000000000, -0.0000000000000000000, -0.0000000000000000000 ) ) ;
#3018 = CARTESIAN_POINT ( 'NONE',  ( 89.00007200000004600, 0.0000000000000000000, 0.0000000000000000000 ) ) ;
#3019 = FACE_OUTER_BOUND ( 'NONE', #1577, .T. ) ;
#3020 = CARTESIAN_POINT ( 'NONE',  ( 27.60589579493226300, 0.0000000000000000000, 0.0000000000000000000 ) ) ;
#3021 = DIRECTION ( 'NONE',  ( 0.0000000000000000000, 0.0000000000000000000, -1.000000000000000000 ) ) ;
#3022 = CYLINDRICAL_SURFACE ( 'NONE', #1024, 12.69999999999999800 ) ;
#3023 = DIRECTION ( 'NONE',  ( 0.0000000000000000000, 0.0000000000000000000, 1.000000000000000000 ) ) ;
#3024 = FACE_OUTER_BOUND ( 'NONE', #4027, .T. ) ;
#3025 = DIRECTION ( 'NONE',  ( 1.000000000000000000, -0.0000000000000000000, -0.0000000000000000000 ) ) ;
#3026 = DIRECTION ( 'NONE',  ( 0.0000000000000000000, 0.5000000000000041100, 0.8660254037844363800 ) ) ;
#3027 = CARTESIAN_POINT ( 'NONE',  ( 88.70401700000003600, 0.0000000000000000000, 0.0000000000000000000 ) ) ;
#3028 = FACE_OUTER_BOUND ( 'NONE', #1711, .T. ) ;
#3029 = CARTESIAN_POINT ( 'NONE',  ( 93.00007200000004600, 0.0000000000000000000, 0.0000000000000000000 ) ) ;
#3030 = DIRECTION ( 'NONE',  ( 0.04708928653799526000, 0.0000000000000000000, -0.9988906842559612800 ) ) ;
#3031 = CYLINDRICAL_SURFACE ( 'NONE', #768, 1.249999999999997100 ) ;
#3032 = DIRECTION ( 'NONE',  ( 0.0000000000000000000, 0.8660254037844362700, -0.5000000000000040000 ) ) ;
#3033 = FACE_OUTER_BOUND ( 'NONE', #1699, .T. ) ;
#3034 = DIRECTION ( 'NONE',  ( 0.0000000000000000000, -1.000000000000000000, 0.0000000000000000000 ) ) ;
#3035 = DIRECTION ( 'NONE',  ( -1.000000000000000000, 0.0000000000000000000, 0.0000000000000000000 ) ) ;
#3036 = CARTESIAN_POINT ( 'NONE',  ( 93.00007200000004600, 15.00000000000000000, 0.0000000000000000000 ) ) ;
#3037 = FACE_OUTER_BOUND ( 'NONE', #1654, .T. ) ;
#3038 = CARTESIAN_POINT ( 'NONE',  ( 97.00007200000004600, 0.0000000000000000000, 0.0000000000000000000 ) ) ;
#3039 = DIRECTION ( 'NONE',  ( 0.0000000000000000000, 0.0000000000000000000, -1.000000000000000000 ) ) ;
#3040 = CYLINDRICAL_SURFACE ( 'NONE', #555, 15.00000000000000000 ) ;
#3041 = DIRECTION ( 'NONE',  ( 0.0000000000000000000, 0.0000000000000000000, 1.000000000000000000 ) ) ;
#3042 = FACE_OUTER_BOUND ( 'NONE', #1716, .T. ) ;
#3043 = DIRECTION ( 'NONE',  ( 1.000000000000000000, -0.0000000000000000000, -0.0000000000000000000 ) ) ;
#3044 = DIRECTION ( 'NONE',  ( 0.0000000000000000000, 0.0000000000000000000, 1.000000000000000000 ) ) ;
#3045 = CARTESIAN_POINT ( 'NONE',  ( 97.00007200000004600, 0.0000000000000000000, 0.0000000000000000000 ) ) ;
#3046 = FACE_OUTER_BOUND ( 'NONE', #1596, .T. ) ;
#3047 = DIRECTION ( 'NONE',  ( -1.000000000000000000, -0.0000000000000000000, -0.0000000000000000000 ) ) ;
#3048 = DIRECTION ( 'NONE',  ( 0.0000000000000000000, 0.0000000000000000000, 1.000000000000000000 ) ) ;
#3049 = CARTESIAN_POINT ( 'NONE',  ( 100.7000720000000300, 0.0000000000000000000, 0.0000000000000000000 ) ) ;
#3050 = FACE_OUTER_BOUND ( 'NONE', #1703, .T. ) ;
#3051 = DIRECTION ( 'NONE',  ( -1.000000000000000000, 0.0000000000000000000, 0.0000000000000000000 ) ) ;
#3052 = DIRECTION ( 'NONE',  ( 0.0000000000000000000, 0.0000000000000000000, -1.000000000000000000 ) ) ;
#3053 = CARTESIAN_POINT ( 'NONE',  ( 96.50007200000004600, 0.0000000000000000000, 0.0000000000000000000 ) ) ;
#3054 = FACE_OUTER_BOUND ( 'NONE', #1757, .T. ) ;
#3055 = DIRECTION ( 'NONE',  ( 1.000000000000000000, -0.0000000000000000000, -0.0000000000000000000 ) ) ;
#3056 = DIRECTION ( 'NONE',  ( -1.000000000000000000, -0.0000000000000000000, -0.0000000000000000000 ) ) ;
#3057 = CARTESIAN_POINT ( 'NONE',  ( 91.41056700000004300, 0.0000000000000000000, 0.0000000000000000000 ) ) ;
#3058 = FACE_OUTER_BOUND ( 'NONE', #1660, .T. ) ;
#3059 = CARTESIAN_POINT ( 'NONE',  ( 27.60589579493226300, 0.0000000000000000000, 0.0000000000000000000 ) ) ;
#3060 = DIRECTION ( 'NONE',  ( 0.0000000000000000000, 0.0000000000000000000, 1.000000000000000000 ) ) ;
#3061 = CYLINDRICAL_SURFACE ( 'NONE', #1003, 9.000000000000001800 ) ;
#3062 = DIRECTION ( 'NONE',  ( 0.0000000000000000000, 0.0000000000000000000, 1.000000000000000000 ) ) ;
#3063 = FACE_OUTER_BOUND ( 'NONE', #1713, .T. ) ;
#3064 = DIRECTION ( 'NONE',  ( -1.000000000000000000, 0.0000000000000000000, 0.0000000000000000000 ) ) ;
#3065 = DIRECTION ( 'NONE',  ( -1.000000000000000000, -0.0000000000000000000, -0.0000000000000000000 ) ) ;
#3066 = CARTESIAN_POINT ( 'NONE',  ( 0.3119750422968985400, -5.245791185050430900E-027, 0.0000000000000000000 ) ) ;
#3067 = FACE_OUTER_BOUND ( 'NONE', #1720, .T. ) ;
#3068 = CARTESIAN_POINT ( 'NONE',  ( 0.6963980372276983300, 0.0000000000000000000, 0.0000000000000000000 ) ) ;
#3069 = DIRECTION ( 'NONE',  ( -1.000000000000000000, -0.0000000000000000000, -0.0000000000000000000 ) ) ;
#3070 = CYLINDRICAL_SURFACE ( 'NONE', #568, 7.476579299099265400 ) ;
#3071 = DIRECTION ( 'NONE',  ( 0.0000000000000000000, 0.0000000000000000000, 1.000000000000000000 ) ) ;
#3072 = FACE_OUTER_BOUND ( 'NONE', #4012, .T. ) ;
#3073 = CARTESIAN_POINT ( 'NONE',  ( 27.60589579493226300, 0.0000000000000000000, 0.0000000000000000000 ) ) ;
#3074 = DIRECTION ( 'NONE',  ( -1.000000000000000000, -0.0000000000000000000, -0.0000000000000000000 ) ) ;
#3075 = CYLINDRICAL_SURFACE ( 'NONE', #1044, 10.10000000000000000 ) ;
#3076 = DIRECTION ( 'NONE',  ( 0.0000000000000000000, 0.0000000000000000000, 1.000000000000000000 ) ) ;
#3077 = FACE_OUTER_BOUND ( 'NONE', #1724, .T. ) ;
#3078 = CARTESIAN_POINT ( 'NONE',  ( 31.65551498271948500, -1.380648743666006500E-018, 6.172809005006423900E-019 ) ) ;
#3079 = DIRECTION ( 'NONE',  ( 0.04708928653799528100, 0.8650647081692878200, 0.4994453421279725400 ) ) ;
#3080 = FACE_OUTER_BOUND ( 'NONE', #1750, .T. ) ;
#3081 = DIRECTION ( 'NONE',  ( 0.0000000000000000000, 0.0000000000000000000, 1.000000000000000000 ) ) ;
#3082 = DIRECTION ( 'NONE',  ( 0.0000000000000000000, 0.4999999999999919500, -0.8660254037844432600 ) ) ;
#3083 = DIRECTION ( 'NONE',  ( 0.0000000000000000000, -1.000000000000000000, -0.0000000000000000000 ) ) ;
#3084 = CARTESIAN_POINT ( 'NONE',  ( 93.00007200000004600, -7.499999999999879200, 12.99038105676664900 ) ) ;
#3085 = FACE_OUTER_BOUND ( 'NONE', #1709, .T. ) ;
#3086 = CARTESIAN_POINT ( 'NONE',  ( 93.00007200000004600, 0.0000000000000000000, 0.0000000000000000000 ) ) ;
#3087 = CARTESIAN_POINT ( 'NONE',  ( 27.60589579493226300, 0.0000000000000000000, 9.699999999999999300 ) ) ;
#3088 = CYLINDRICAL_SURFACE ( 'NONE', #1026, 1.250000000000001100 ) ;
#3089 = DIRECTION ( 'NONE',  ( 1.000000000000000000, 0.0000000000000000000, 0.0000000000000000000 ) ) ;
#3090 = LINE ( 'NONE', #3087, #1017 ) ;
#3091 = CARTESIAN_POINT ( 'NONE',  ( 27.60589579493226300, 0.0000000000000000000, 12.69999999999999800 ) ) ;
#3092 = LINE ( 'NONE', #3093, #965 ) ;
#3093 = CARTESIAN_POINT ( 'NONE',  ( 27.60589579493226300, 1.187907395172932400E-015, -9.699999999999999300 ) ) ;
#3094 = DIRECTION ( 'NONE',  ( -1.000000000000000000, -0.0000000000000000000, -0.0000000000000000000 ) ) ;
#3095 = DIRECTION ( 'NONE',  ( -1.000000000000000000, -0.0000000000000000000, -0.0000000000000000000 ) ) ;
#3096 = LINE ( 'NONE', #3098, #875 ) ;
#3097 = LINE ( 'NONE', #3091, #615 ) ;
#3098 = CARTESIAN_POINT ( 'NONE',  ( 100.7000720000000300, 0.0000000000000000000, 12.69999999999999800 ) ) ;
#3099 = DIRECTION ( 'NONE',  ( -0.7071067811865556800, 0.0000000000000000000, 0.7071067811865393600 ) ) ;
#3100 = LINE ( 'NONE', #3101, #1008 ) ;
#3101 = CARTESIAN_POINT ( 'NONE',  ( 101.0000720000000300, 0.0000000000000000000, -9.999999999999987600 ) ) ;
#3102 = CARTESIAN_POINT ( 'NONE',  ( 92.41056700000004300, 0.0000000000000000000, 0.0000000000000000000 ) ) ;
#3103 = DIRECTION ( 'NONE',  ( -1.000000000000000000, -0.0000000000000000000, -0.0000000000000000000 ) ) ;
#3104 = DIRECTION ( 'NONE',  ( 0.0000000000000000000, 0.0000000000000000000, 1.000000000000000000 ) ) ;
#3105 = DIRECTION ( 'NONE',  ( -1.000000000000000000, -0.0000000000000000000, -0.0000000000000000000 ) ) ;
#3106 = LINE ( 'NONE', #3114, #717 ) ;
#3107 = LINE ( 'NONE', #3112, #670 ) ;
#3108 = CARTESIAN_POINT ( 'NONE',  ( 96.90007200000005100, 0.0000000000000000000, 0.0000000000000000000 ) ) ;
#3109 = DIRECTION ( 'NONE',  ( -1.000000000000000000, 0.0000000000000000000, 0.0000000000000000000 ) ) ;
#3110 = DIRECTION ( 'NONE',  ( 0.0000000000000000000, 0.0000000000000000000, -1.000000000000000000 ) ) ;
#3111 = DIRECTION ( 'NONE',  ( 0.7071067811865373600, 0.0000000000000000000, -0.7071067811865577900 ) ) ;
#3112 = CARTESIAN_POINT ( 'NONE',  ( 100.7000720000000300, 1.555301434917138200E-015, -12.69999999999999800 ) ) ;
#3113 = DIRECTION ( 'NONE',  ( -0.7071067811865556800, 8.659560562354833000E-017, -0.7071067811865393600 ) ) ;
#3114 = CARTESIAN_POINT ( 'NONE',  ( 27.60589579493226300, 1.555301434917138200E-015, -12.69999999999999800 ) ) ;
#3115 = DIRECTION ( 'NONE',  ( -1.000000000000000000, -0.0000000000000000000, -0.0000000000000000000 ) ) ;
#3116 = CARTESIAN_POINT ( 'NONE',  ( 27.60589579493226300, 1.236893267138826600E-015, -10.10000000000000000 ) ) ;
#3117 = CARTESIAN_POINT ( 'NONE',  ( 101.0000720000000300, 0.0000000000000000000, 0.0000000000000000000 ) ) ;
#3118 = DIRECTION ( 'NONE',  ( 1.000000000000000000, 0.0000000000000000000, 0.0000000000000000000 ) ) ;
#3119 = DIRECTION ( 'NONE',  ( 0.0000000000000000000, 0.0000000000000000000, 1.000000000000000000 ) ) ;
#3120 = LINE ( 'NONE', #3116, #731 ) ;
#3121 = CARTESIAN_POINT ( 'NONE',  ( 91.41056700000004300, 0.0000000000000000000, 0.0000000000000000000 ) ) ;
#3122 = DIRECTION ( 'NONE',  ( -1.000000000000000000, -0.0000000000000000000, -0.0000000000000000000 ) ) ;
#3123 = DIRECTION ( 'NONE',  ( 0.0000000000000000000, 0.0000000000000000000, 1.000000000000000000 ) ) ;
#3124 = DIRECTION ( 'NONE',  ( -1.000000000000000000, -0.0000000000000000000, -0.0000000000000000000 ) ) ;
#3125 = LINE ( 'NONE', #3126, #1046 ) ;
#3126 = CARTESIAN_POINT ( 'NONE',  ( 101.0000720000000300, 1.224646799147351700E-015, 9.999999999999987600 ) ) ;
#3127 = DIRECTION ( 'NONE',  ( 0.7071067811865373600, 8.659560562355058600E-017, 0.7071067811865577900 ) ) ;
#3128 = CARTESIAN_POINT ( 'NONE',  ( 92.41056700000004300, 0.0000000000000000000, 0.0000000000000000000 ) ) ;
#3129 = DIRECTION ( 'NONE',  ( -1.000000000000000000, -0.0000000000000000000, -0.0000000000000000000 ) ) ;
#3130 = DIRECTION ( 'NONE',  ( 0.0000000000000000000, 0.0000000000000000000, 1.000000000000000000 ) ) ;
#3131 = LINE ( 'NONE', #3132, #752 ) ;
#3132 = CARTESIAN_POINT ( 'NONE',  ( 27.60589579493226300, 0.0000000000000000000, 10.10000000000000000 ) ) ;
#3133 = CARTESIAN_POINT ( 'NONE',  ( 100.7000720000000300, 0.0000000000000000000, 0.0000000000000000000 ) ) ;
#3134 = DIRECTION ( 'NONE',  ( -1.000000000000000000, -0.0000000000000000000, -0.0000000000000000000 ) ) ;
#3135 = DIRECTION ( 'NONE',  ( 0.0000000000000000000, 0.0000000000000000000, 1.000000000000000000 ) ) ;
#3136 = CARTESIAN_POINT ( 'NONE',  ( 100.7000720000000600, 0.0000000000000000000, 0.0000000000000000000 ) ) ;
#3137 = DIRECTION ( 'NONE',  ( 1.000000000000000000, -0.0000000000000000000, -0.0000000000000000000 ) ) ;
#3138 = DIRECTION ( 'NONE',  ( 0.0000000000000000000, 0.0000000000000000000, 1.000000000000000000 ) ) ;
#3139 = DIRECTION ( 'NONE',  ( -1.000000000000000000, -0.0000000000000000000, -0.0000000000000000000 ) ) ;
#3140 = CARTESIAN_POINT ( 'NONE',  ( 88.37060745456445000, -0.5000000000000000000, 3.070017542575994800 ) ) ;
#3141 = CARTESIAN_POINT ( 'NONE',  ( 101.0000720000000300, 0.0000000000000000000, 0.0000000000000000000 ) ) ;
#3142 = DIRECTION ( 'NONE',  ( -1.000000000000000000, -0.0000000000000000000, -0.0000000000000000000 ) ) ;
#3143 = DIRECTION ( 'NONE',  ( 0.0000000000000000000, 0.0000000000000000000, 1.000000000000000000 ) ) ;
#3144 = CARTESIAN_POINT ( 'NONE',  ( 88.60400502585312700, -0.5000000000000000000, 4.874411005804048200 ) ) ;
#3145 = CARTESIAN_POINT ( 'NONE',  ( 88.53733484466933100, -0.5000000000000000000, 4.807390992700293400 ) ) ;
#3146 = CARTESIAN_POINT ( 'NONE',  ( -0.2774828918387026200, 0.0000000000000000000, 0.0000000000000000000 ) ) ;
#3147 = DIRECTION ( 'NONE',  ( -1.000000000000000000, -0.0000000000000000000, -0.0000000000000000000 ) ) ;
#3148 = DIRECTION ( 'NONE',  ( 0.0000000000000000000, 2.131628207280300900E-014, -1.000000000000000000 ) ) ;
#3149 = CARTESIAN_POINT ( 'NONE',  ( 88.53727877298041400, -0.5000000000000000000, 3.167466069373261500 ) ) ;
#3150 = CARTESIAN_POINT ( 'NONE',  ( 88.47067183156845300, -0.5000000000000000000, 4.740363819402850800 ) ) ;
#3151 = CARTESIAN_POINT ( 'NONE',  ( 88.40401700000003900, -0.5000000000000000000, 4.673328578219171800 ) ) ;
#3152 = LINE ( 'NONE', #3153, #1014 ) ;
#3153 = CARTESIAN_POINT ( 'NONE',  ( 82.99611515979302100, 2.418677428316022000E-016, -1.974999999999999900 ) ) ;
#3154 = DIRECTION ( 'NONE',  ( -1.000000000000000000, -0.0000000000000000000, -0.0000000000000000000 ) ) ;
#3155 = LINE ( 'NONE', #3156, #616 ) ;
#3156 = CARTESIAN_POINT ( 'NONE',  ( 27.60589579493226300, 7.960204194457798400E-016, -6.500000000000002700 ) ) ;
#3157 = DIRECTION ( 'NONE',  ( -1.000000000000000000, -0.0000000000000000000, -0.0000000000000000000 ) ) ;
#3158 = CARTESIAN_POINT ( 'NONE',  ( 88.53727877298041400, -0.5000000000000000000, -3.167466069373260100 ) ) ;
#3159 = CARTESIAN_POINT ( 'NONE',  ( 88.20399305170617800, -0.5000000000000000000, 2.972471263769962000 ) ) ;
#3160 = CARTESIAN_POINT ( 'NONE',  ( 88.37060745456445000, -0.5000000000000000000, -3.070017542575997900 ) ) ;
#3161 = CARTESIAN_POINT ( 'NONE',  ( 88.70399305170617800, -0.5000000000000000000, 3.264840812186848000 ) ) ;
#3162 = FACE_OUTER_BOUND ( 'NONE', #4216, .T. ) ;
#3163 = CARTESIAN_POINT ( 'NONE',  ( 88.70399305170617800, -0.5000000000000000000, -3.264840812186848900 ) ) ;
#3164 = CARTESIAN_POINT ( 'NONE',  ( 88.20399305170617800, -0.5000000000000000000, -2.972471263769962000 ) ) ;
#3165 = CARTESIAN_POINT ( 'NONE',  ( 93.00007200000004600, 15.00000000000000000, 0.0000000000000000000 ) ) ;
#3166 = DIRECTION ( 'NONE',  ( 0.0000000000000000000, -1.000000000000000000, 0.0000000000000000000 ) ) ;
#3167 = DIRECTION ( 'NONE',  ( -1.000000000000000000, -0.0000000000000000000, -0.0000000000000000000 ) ) ;
#3168 = DIRECTION ( 'NONE',  ( 0.04708928653799526000, 0.0000000000000000000, -0.9988906842559612800 ) ) ;
#3169 = FACE_OUTER_BOUND ( 'NONE', #1564, .T. ) ;
#3170 = CARTESIAN_POINT ( 'NONE',  ( -3.815542616969016500, -5.245791185050430900E-027, 0.0000000000000000000 ) ) ;
#3171 = CARTESIAN_POINT ( 'NONE',  ( -0.7602784179578964100, 6.799999999999966100, 0.0000000000000000000 ) ) ;
#3172 = CYLINDRICAL_SURFACE ( 'NONE', #623, 6.799999999999964300 ) ;
#3173 = DIRECTION ( 'NONE',  ( 0.0000000000000000000, 0.0000000000000000000, 1.000000000000000000 ) ) ;
#3174 = FACE_OUTER_BOUND ( 'NONE', #4023, .T. ) ;
#3175 = PLANE ( 'NONE',  #567 ) ;
#3176 = CARTESIAN_POINT ( 'NONE',  ( -0.7602784179578964100, 6.799999999999966100, 0.0000000000000000000 ) ) ;
#3177 = DIRECTION ( 'NONE',  ( 0.0000000000000000000, 0.0000000000000000000, 1.000000000000000000 ) ) ;
#3178 = DIRECTION ( 'NONE',  ( 1.000000000000000000, 0.0000000000000000000, 0.0000000000000000000 ) ) ;
#3179 = DIRECTION ( 'NONE',  ( 0.0000000000000000000, 0.0000000000000000000, -1.000000000000000000 ) ) ;
#3180 = FACE_OUTER_BOUND ( 'NONE', #4054, .T. ) ;
#3181 = PLANE ( 'NONE',  #586 ) ;
#3182 = DIRECTION ( 'NONE',  ( 0.0000000000000000000, 0.0000000000000000000, -1.000000000000000000 ) ) ;
#3183 = DIRECTION ( 'NONE',  ( 1.000000000000000000, 0.0000000000000000000, 0.0000000000000000000 ) ) ;
#3184 = DIRECTION ( 'NONE',  ( 0.0000000000000000000, 0.0000000000000000000, -1.000000000000000000 ) ) ;
#3185 = FACE_OUTER_BOUND ( 'NONE', #4236, .T. ) ;
#3186 = DIRECTION ( 'NONE',  ( -1.000000000000000000, 0.0000000000000000000, 0.0000000000000000000 ) ) ;
#3187 = CARTESIAN_POINT ( 'NONE',  ( -2.699999999999976600, 0.0000000000000000000, 0.0000000000000000000 ) ) ;
#3188 = FACE_OUTER_BOUND ( 'NONE', #4058, .T. ) ;
#3189 = DIRECTION ( 'NONE',  ( 1.000000000000000000, 0.0000000000000000000, 0.0000000000000000000 ) ) ;
#3190 = CARTESIAN_POINT ( 'NONE',  ( -0.2602784179578964700, -0.5000000000000000000, -9.613612288161103700 ) ) ;
#3191 = CARTESIAN_POINT ( 'NONE',  ( -2.999999999999985300, 0.0000000000000000000, 0.0000000000000000000 ) ) ;
#3192 = FACE_OUTER_BOUND ( 'NONE', #1571, .T. ) ;
#3193 = PLANE ( 'NONE',  #579 ) ;
#3194 = CARTESIAN_POINT ( 'NONE',  ( 93.00007200000004600, 15.00000000000000000, 0.0000000000000000000 ) ) ;
#3195 = FACE_BOUND ( 'NONE', #1586, .T. ) ;
#3196 = DIRECTION ( 'NONE',  ( -1.000000000000000000, 0.0000000000000000000, 0.0000000000000000000 ) ) ;
#3197 = DIRECTION ( 'NONE',  ( 0.0000000000000000000, 0.0000000000000000000, 1.000000000000000000 ) ) ;
#3198 = CARTESIAN_POINT ( 'NONE',  ( 93.72884975399802000, -6.494830604613083500, -12.18507523171929400 ) ) ;
#3199 = FACE_OUTER_BOUND ( 'NONE', #1661, .T. ) ;
#3200 = PLANE ( 'NONE',  #591 ) ;
#3201 = CARTESIAN_POINT ( 'NONE',  ( 92.27129424600207100, -7.305169395387034500, -11.71722591273115200 ) ) ;
#3202 = DIRECTION ( 'NONE',  ( 0.0000000000000000000, 1.000000000000000000, -0.0000000000000000000 ) ) ;
#3203 = DIRECTION ( 'NONE',  ( -0.04708928653799347000, 0.0000000000000000000, 0.9988906842559612800 ) ) ;
#3204 = FACE_OUTER_BOUND ( 'NONE', #1676, .T. ) ;
#3205 = PLANE ( 'NONE',  #952 ) ;
#3206 = DIRECTION ( 'NONE',  ( 0.0000000000000000000, 0.0000000000000000000, 1.000000000000000000 ) ) ;
#3207 = DIRECTION ( 'NONE',  ( 0.4586648237399939000, 0.7695582723859624200, -0.4443046757191435000 ) ) ;
#3208 = DIRECTION ( 'NONE',  ( -0.8886093514382797900, 0.3972153891811455200, -0.2293324118699988400 ) ) ;
#3209 = FACE_OUTER_BOUND ( 'NONE', #1666, .T. ) ;
#3210 = PLANE ( 'NONE',  #911 ) ;
#3211 = CARTESIAN_POINT ( 'NONE',  ( 93.72884975399802000, 13.79999999999999900, 0.4678493189881342000 ) ) ;
#3212 = DIRECTION ( 'NONE',  ( -0.4586648237399935100, -0.7695582723859625300, 0.4443046757191436700 ) ) ;
#3213 = DIRECTION ( 'NONE',  ( 0.8886093514382800200, -0.3972153891811451800, 0.2293324118699985600 ) ) ;
#3214 = FACE_OUTER_BOUND ( 'NONE', #4016, .T. ) ;
#3215 = DIRECTION ( 'NONE',  ( -1.000000000000000000, 0.0000000000000000000, 0.0000000000000000000 ) ) ;
#3216 = CARTESIAN_POINT ( 'NONE',  ( 96.50007200000004600, 0.0000000000000000000, 0.0000000000000000000 ) ) ;
#3217 = FACE_OUTER_BOUND ( 'NONE', #1573, .T. ) ;
#3218 = PLANE ( 'NONE',  #599 ) ;
#3219 = CARTESIAN_POINT ( 'NONE',  ( 88.40401700000003900, 0.5000000000000000000, 4.673328578219171800 ) ) ;
#3220 = CARTESIAN_POINT ( 'NONE',  ( 89.50007200000004600, -5.342991521297243200, -14.01614931439251600 ) ) ;
#3221 = DIRECTION ( 'NONE',  ( 0.9988906842559613900, 0.0000000000000000000, 0.04708928653799347700 ) ) ;
#3222 = DIRECTION ( 'NONE',  ( -0.04708928653799347000, 0.0000000000000000000, 0.9988906842559612800 ) ) ;
#3223 = CARTESIAN_POINT ( 'NONE',  ( 88.60400502585304100, -0.5000000000000000000, -4.874411005804129900 ) ) ;
#3224 = CARTESIAN_POINT ( 'NONE',  ( -0.2774828918387026200, 0.0000000000000000000, 7.750000000000001800 ) ) ;
#3225 = CARTESIAN_POINT ( 'NONE',  ( 91.41056700000004300, 0.0000000000000000000, -6.799999999999993600 ) ) ;
#3226 = CARTESIAN_POINT ( 'NONE',  ( 89.50007200000004600, -2.380908267547895600, 14.80983713014839500 ) ) ;
#3227 = CARTESIAN_POINT ( 'NONE',  ( 88.70399305170617800, -0.5000000000000000000, 3.264840812186848000 ) ) ;
#3228 = CARTESIAN_POINT ( 'NONE',  ( 88.70401700000003600, 0.0000000000000000000, -5.000000000000004400 ) ) ;
#3229 = CARTESIAN_POINT ( 'NONE',  ( 88.20399305170617800, 3.691367714785901600E-016, 3.014230484541319000 ) ) ;
#3230 = CARTESIAN_POINT ( 'NONE',  ( 86.40399305170613800, 0.0000000000000000000, 1.975000000000000100 ) ) ;
#3231 = CARTESIAN_POINT ( 'NONE',  ( 88.20399305170617800, 0.0000000000000000000, -3.014230484541319000 ) ) ;
#3232 = CARTESIAN_POINT ( 'NONE',  ( 15.87817699999999400, 1.102182119232617900E-015, -9.000000000000001800 ) ) ;
#3233 = CARTESIAN_POINT ( 'NONE',  ( -0.2774828918387035000, 0.4999999999999995600, 7.459841688381843000 ) ) ;
#3234 = CARTESIAN_POINT ( 'NONE',  ( -2.699999999999976600, 0.0000000000000000000, 7.750000000000001800 ) ) ;
#3235 = CARTESIAN_POINT ( 'NONE',  ( -0.2602784179578965800, 0.5000000000000000000, 7.459841688381843000 ) ) ;
#3236 = CARTESIAN_POINT ( 'NONE',  ( 86.36129646089580100, 0.0000000000000000000, 1.974999999999999900 ) ) ;
#3237 = CARTESIAN_POINT ( 'NONE',  ( -0.7602784179578970800, -0.5000000000000000000, -7.733854149129011400 ) ) ;
#3238 = CARTESIAN_POINT ( 'NONE',  ( -0.7602784179578964100, -0.5000000000000000000, -7.282856582413222300 ) ) ;
#3239 = CARTESIAN_POINT ( 'NONE',  ( -2.999999999999985800, 1.083812417245407300E-015, 8.699999999999992200 ) ) ;
#3240 = CARTESIAN_POINT ( 'NONE',  ( 86.36129646089580100, 2.418677428316022000E-016, -1.974999999999999900 ) ) ;
#3241 = CARTESIAN_POINT ( 'NONE',  ( -2.699999999999974900, 1.102182119232618100E-015, 9.000000000000001800 ) ) ;
#3242 = CARTESIAN_POINT ( 'NONE',  ( -2.999999999999985800, 0.0000000000000000000, 8.050000000000011400 ) ) ;
#3243 = CARTESIAN_POINT ( 'NONE',  ( -2.999999999999985800, 0.0000000000000000000, -8.699999999999992200 ) ) ;
#3244 = CARTESIAN_POINT ( 'NONE',  ( -0.2602784179578964700, -0.5000000000000000000, 7.049135748691581300 ) ) ;
#3245 = CARTESIAN_POINT ( 'NONE',  ( -0.7602784179578964100, -0.5000000000000000000, 7.282856582413222300 ) ) ;
#3246 = CARTESIAN_POINT ( 'NONE',  ( 0.6963980372276983300, -5.245791185050430900E-027, 6.799999999999964300 ) ) ;
#3247 = CARTESIAN_POINT ( 'NONE',  ( -0.2602784179578964700, 8.654390543234478300E-016, -7.066846170922472600 ) ) ;
#3248 = CARTESIAN_POINT ( 'NONE',  ( 0.3119750422968985400, 8.633759933936343300E-016, -6.799999999999964300 ) ) ;
#3249 = CARTESIAN_POINT ( 'NONE',  ( 0.3119750422968985400, -5.245791185050430900E-027, 6.799999999999964300 ) ) ;
#3250 = CARTESIAN_POINT ( 'NONE',  ( 0.6963980372276974400, 8.068803154938090300E-016, -6.599951633403343000 ) ) ;
#3251 = CARTESIAN_POINT ( 'NONE',  ( -0.2602784179578964700, -0.5000000000000000000, -7.049135748691581300 ) ) ;
#3252 = CARTESIAN_POINT ( 'NONE',  ( 42.57817699999996800, 1.540743955509788700E-030, 9.000000000000007100 ) ) ;
#3253 = CARTESIAN_POINT ( 'NONE',  ( 0.6963980372276974400, -1.380648743666006500E-018, 6.599951633403343000 ) ) ;
#3254 = CARTESIAN_POINT ( 'NONE',  ( 42.57817699999996800, 1.102182119232620300E-015, -9.000000000000007100 ) ) ;
#3255 = CARTESIAN_POINT ( 'NONE',  ( -0.2602784179578964700, -5.245791185050430900E-027, 7.066846170922472600 ) ) ;
#3256 = CARTESIAN_POINT ( 'NONE',  ( 94.25007200000004600, 14.98239081678971700, 0.0000000000000000000 ) ) ;
#3257 = CARTESIAN_POINT ( 'NONE',  ( 15.87817699999999400, 1.540743955509788700E-030, -8.700000000000013500 ) ) ;
#3258 = CARTESIAN_POINT ( 'NONE',  ( 0.0007151875709432431400, -1.380648743666006500E-018, 6.172809005006423900E-019 ) ) ;
#3259 = CARTESIAN_POINT ( 'NONE',  ( 42.87817699999998700, 1.083812417245408900E-015, -8.699999999999988600 ) ) ;
#3260 = CARTESIAN_POINT ( 'NONE',  ( 42.87817699999998700, 1.540743955509788700E-030, 8.699999999999988600 ) ) ;
#3261 = CARTESIAN_POINT ( 'NONE',  ( 16.17817700000001600, 1.540743955509788700E-030, -9.000000000000007100 ) ) ;
#3262 = CARTESIAN_POINT ( 'NONE',  ( 16.17817700000001600, 1.102182119232620300E-015, 9.000000000000007100 ) ) ;
#3263 = CARTESIAN_POINT ( 'NONE',  ( 89.20007199999994900, 1.102182119232618100E-015, -9.000000000000003600 ) ) ;
#3264 = CARTESIAN_POINT ( 'NONE',  ( 89.20007199999996300, 1.524685264938452900E-015, 12.39999999999995200 ) ) ;
#3265 = CARTESIAN_POINT ( 'NONE',  ( 15.87817699999999400, 1.083812417245410400E-015, 8.700000000000013500 ) ) ;
#3266 = CARTESIAN_POINT ( 'NONE',  ( 93.05749738493312900, -8.554946411612499800, -12.38130746204147000 ) ) ;
#3267 = CARTESIAN_POINT ( 'NONE',  ( 89.20007199999994900, 0.0000000000000000000, 9.000000000000003600 ) ) ;
#3268 = CARTESIAN_POINT ( 'NONE',  ( 42.87817699999998000, 0.0000000000000000000, 9.000000000000001800 ) ) ;
#3269 = CARTESIAN_POINT ( 'NONE',  ( 42.87817699999998000, 1.102182119232617900E-015, -9.000000000000001800 ) ) ;
#3270 = CARTESIAN_POINT ( 'NONE',  ( 89.20007199999996300, 0.0000000000000000000, -12.39999999999995200 ) ) ;
#3271 = CARTESIAN_POINT ( 'NONE',  ( 92.94264661506696300, 15.00000000000000000, 1.218147189450145200 ) ) ;
#3272 = CARTESIAN_POINT ( 'NONE',  ( 93.05749738493312900, 15.00000000000000000, -1.218147189450145200 ) ) ;
#3273 = CARTESIAN_POINT ( 'NONE',  ( 89.30007200000004300, 0.0000000000000000000, 12.50000000000001600 ) ) ;
#3274 = CARTESIAN_POINT ( 'NONE',  ( 89.30007200000004300, 1.549178200921402900E-015, -12.50000000000001600 ) ) ;
#3275 = CARTESIAN_POINT ( 'NONE',  ( 94.01719273374891400, 14.98239081678971900, -0.7266122851825112000 ) ) ;
#3276 = CARTESIAN_POINT ( 'NONE',  ( 94.01719273375040600, -8.120460106063026400, -12.61182491417633300 ) ) ;
#3277 = CARTESIAN_POINT ( 'NONE',  ( 92.93791030199632500, 14.94192921941830200, 1.318617155164281600 ) ) ;
#3278 = CARTESIAN_POINT ( 'NONE',  ( 94.01719273374989400, 14.98239081678971700, 0.7266122851811376300 ) ) ;
#3279 = CARTESIAN_POINT ( 'NONE',  ( 92.94264661506696300, -6.445053588387622800, -13.59945465149162500 ) ) ;
#3280 = CARTESIAN_POINT ( 'NONE',  ( 94.01719273375046300, -6.861930710726697100, 13.33843719935682200 ) ) ;
#3281 = CARTESIAN_POINT ( 'NONE',  ( 93.06223369800388000, 14.94192921941830400, -1.318617155164300400 ) ) ;
#3282 = CARTESIAN_POINT ( 'NONE',  ( 93.05749738493312900, -6.445053588387433600, 13.59945465149171200 ) ) ;
#3283 = CARTESIAN_POINT ( 'NONE',  ( 92.94264661506696300, -8.554946411612325700, 12.38130746204158500 ) ) ;
#3284 = CARTESIAN_POINT ( 'NONE',  ( 92.93791030199631100, -6.329008655470976100, -13.59939886314735200 ) ) ;
#3285 = CARTESIAN_POINT ( 'NONE',  ( 94.01719273374817500, -6.861930710724107200, -13.33843719935833100 ) ) ;
#3286 = CARTESIAN_POINT ( 'NONE',  ( -0.2774828918387035000, 0.0000000000000000000, 7.476579299099265400 ) ) ;
#3287 = CARTESIAN_POINT ( 'NONE',  ( 97.00007200000004600, 0.0000000000000000000, 14.50000000000000400 ) ) ;
#3288 = CARTESIAN_POINT ( 'NONE',  ( -2.699999999999976600, 9.674709713264098000E-016, -7.750000000000001800 ) ) ;
#3289 = CARTESIAN_POINT ( 'NONE',  ( -0.2774828918387026200, -0.4999999999999995600, -7.733854149129011400 ) ) ;
#3290 = CARTESIAN_POINT ( 'NONE',  ( -2.999999999999985800, 9.858406733136208200E-016, -8.050000000000011400 ) ) ;
#3291 = CARTESIAN_POINT ( 'NONE',  ( 92.41056700000004300, 1.236893267138826600E-015, -10.10000000000000000 ) ) ;
#3292 = CARTESIAN_POINT ( 'NONE',  ( 100.7000720000000300, 0.0000000000000000000, 12.69999999999999800 ) ) ;
#3293 = CARTESIAN_POINT ( 'NONE',  ( 100.7000720000000600, 0.0000000000000000000, 9.699999999999999300 ) ) ;
#3294 = CARTESIAN_POINT ( 'NONE',  ( 96.90007200000005100, 0.0000000000000000000, -12.69999999999999800 ) ) ;
#3295 = CARTESIAN_POINT ( 'NONE',  ( 0.6963980372276983300, 8.327598234149500500E-016, -6.799999999999964300 ) ) ;
#3296 = CARTESIAN_POINT ( 'NONE',  ( 86.40399305170613800, 2.418677428316022500E-016, -1.975000000000000100 ) ) ;
#3297 = CARTESIAN_POINT ( 'NONE',  ( 88.20399305170617800, -0.5000000000000000000, 2.972471263769962000 ) ) ;
#3298 = CARTESIAN_POINT ( 'NONE',  ( 88.20399305170617800, 0.0000000000000000000, 4.700000000000002800 ) ) ;
#3299 = CARTESIAN_POINT ( 'NONE',  ( 88.70399305170617800, -0.5000000000000000000, -3.264840812186848900 ) ) ;
#3300 = CARTESIAN_POINT ( 'NONE',  ( 88.20399305170617800, 0.5000000000000000000, 4.673328578219171800 ) ) ;
#3301 = CARTESIAN_POINT ( 'NONE',  ( -0.2774828918387026200, -0.4999999999999995600, 7.733854149129011400 ) ) ;
#3302 = CARTESIAN_POINT ( 'NONE',  ( -0.2774828918387026200, 9.491012693391989800E-016, -7.750000000000001800 ) ) ;
#3303 = CARTESIAN_POINT ( 'NONE',  ( 101.0000720000000300, 1.536931732929928000E-015, -12.39999999999999700 ) ) ;
#3304 = CARTESIAN_POINT ( 'NONE',  ( 97.00007200000004600, -3.752876153986608500, -14.00592448119148000 ) ) ;
#3305 = CARTESIAN_POINT ( 'NONE',  ( 89.00007200000004600, 1.567547902908612000E-015, -12.79999999999999900 ) ) ;
#3306 = CARTESIAN_POINT ( 'NONE',  ( 100.7000720000000600, 1.187907395172932400E-015, -9.699999999999999300 ) ) ;
#3307 = CARTESIAN_POINT ( 'NONE',  ( 101.0000720000000300, 0.0000000000000000000, 12.39999999999999700 ) ) ;
#3308 = CARTESIAN_POINT ( 'NONE',  ( -2.699999999999974900, 0.0000000000000000000, -9.000000000000001800 ) ) ;
#3309 = CARTESIAN_POINT ( 'NONE',  ( 92.41056700000004300, 0.0000000000000000000, 9.699999999999999300 ) ) ;
#3310 = CARTESIAN_POINT ( 'NONE',  ( 96.50007200000004600, -2.380908267547896500, 14.80983713014839500 ) ) ;
#3311 = CARTESIAN_POINT ( 'NONE',  ( 97.00007200000004600, 1.567547902908611800E-015, 12.79999999999999700 ) ) ;
#3312 = CARTESIAN_POINT ( 'NONE',  ( 96.50007200000004600, 11.63524104684461200, 9.466845608851041800 ) ) ;
#3313 = CARTESIAN_POINT ( 'NONE',  ( 89.50007200000004600, 0.0000000000000000000, -15.00000000000000500 ) ) ;
#3314 = CARTESIAN_POINT ( 'NONE',  ( 94.01719273374813200, -8.120460106065618100, 12.61182491417487700 ) ) ;
#3315 = CARTESIAN_POINT ( 'NONE',  ( 96.50007200000004600, 0.0000000000000000000, 15.00000000000000000 ) ) ;
#3316 = CARTESIAN_POINT ( 'NONE',  ( 93.06223369800378000, -6.329008655470791400, 13.59939886314743700 ) ) ;
#3317 = CARTESIAN_POINT ( 'NONE',  ( 96.87722042311384000, 4.529333289294370100, -13.90370196005849800 ) ) ;
#3318 = CARTESIAN_POINT ( 'NONE',  ( 96.50007200000004600, 5.342991521297144600, -14.01614931439255200 ) ) ;
#3319 = CARTESIAN_POINT ( 'NONE',  ( 89.12292357688625100, -4.529333289294489100, -13.90370196005846800 ) ) ;
#3320 = CARTESIAN_POINT ( 'NONE',  ( 89.00007200000004600, -3.752876153986607100, -14.00592448119147600 ) ) ;
#3321 = CARTESIAN_POINT ( 'NONE',  ( 89.50007200000004600, -2.380908267548099900, -14.80983713014836500 ) ) ;
#3322 = CARTESIAN_POINT ( 'NONE',  ( 96.50007200000004600, -2.380908267548101700, -14.80983713014836100 ) ) ;
#3323 = CARTESIAN_POINT ( 'NONE',  ( 89.00007200000004600, 0.0000000000000000000, 12.79999999999999900 ) ) ;
#3324 = CARTESIAN_POINT ( 'NONE',  ( 89.12292357688639300, 4.529333289294064500, -13.90370196005870800 ) ) ;
#3325 = CARTESIAN_POINT ( 'NONE',  ( 92.93791030199869900, -8.612920563948788900, 12.28078170798216100 ) ) ;
#3326 = CARTESIAN_POINT ( 'NONE',  ( 93.06223369800378000, -8.612920563947447800, -12.28078170798305300 ) ) ;
#3327 = CARTESIAN_POINT ( 'NONE',  ( 91.41056700000004300, 0.0000000000000000000, 10.10000000000000000 ) ) ;
#3328 = CARTESIAN_POINT ( 'NONE',  ( 91.41056700000004300, 1.236893267138826600E-015, -10.10000000000000000 ) ) ;
#3329 = CARTESIAN_POINT ( 'NONE',  ( -0.7602784179578970800, -0.5000000000000000000, 7.733854149129011400 ) ) ;
#3330 = CARTESIAN_POINT ( 'NONE',  ( -0.2602784179578964700, 0.0000000000000000000, 7.476579299099265400 ) ) ;
#3331 = CARTESIAN_POINT ( 'NONE',  ( 89.50007200000004600, 5.342991521297146400, -14.01614931439255200 ) ) ;
#3332 = CARTESIAN_POINT ( 'NONE',  ( 89.00007200000004600, 0.0000000000000000000, -14.50000000000000500 ) ) ;
#3333 = CARTESIAN_POINT ( 'NONE',  ( 97.00007200000004600, -3.752876153986414400, 14.00592448119153300 ) ) ;
#3334 = CARTESIAN_POINT ( 'NONE',  ( 100.7000720000000300, 1.555301434917138200E-015, -12.69999999999999800 ) ) ;
#3335 = CARTESIAN_POINT ( 'NONE',  ( 96.50007200000004600, 5.342991521297342700, 14.01614931439247500 ) ) ;
#3336 = CARTESIAN_POINT ( 'NONE',  ( 88.20399305170617800, -0.5000000000000000000, -2.972471263769962000 ) ) ;
#3337 = CARTESIAN_POINT ( 'NONE',  ( 92.41056700000004300, 0.0000000000000000000, 10.10000000000000000 ) ) ;
#3338 = CARTESIAN_POINT ( 'NONE',  ( 91.11056700000004600, 0.0000000000000000000, 6.500000000000002700 ) ) ;
#3339 = CARTESIAN_POINT ( 'NONE',  ( 88.40401700000003900, 0.0000000000000000000, 4.700000000000002800 ) ) ;
#3340 = CARTESIAN_POINT ( 'NONE',  ( 91.11056700000004600, 7.960204194457798400E-016, -6.500000000000002700 ) ) ;
#3341 = CARTESIAN_POINT ( 'NONE',  ( 96.87722042311368400, -4.529333289294181800, -13.90370196005867800 ) ) ;
#3342 = CARTESIAN_POINT ( 'NONE',  ( 89.50007200000004600, 0.0000000000000000000, 15.00000000000000000 ) ) ;
#3343 = CARTESIAN_POINT ( 'NONE',  ( 96.50007200000004600, 9.466845608851326000, 11.63524104684438100 ) ) ;
#3344 = CARTESIAN_POINT ( 'NONE',  ( 97.00007200000004600, 10.25304832720507000, 10.25304832720481800 ) ) ;
#3345 = CARTESIAN_POINT ( 'NONE',  ( 89.50007200000004600, 14.01614931439253400, 5.342991521297196100 ) ) ;
#3346 = CARTESIAN_POINT ( 'NONE',  ( 97.00007200000004600, 0.0000000000000000000, -12.79999999999999700 ) ) ;
#3347 = CARTESIAN_POINT ( 'NONE',  ( 89.50007200000004600, 11.63524104684461200, 9.466845608851043500 ) ) ;
#3348 = CARTESIAN_POINT ( 'NONE',  ( 96.50007200000004600, 14.01614931439253400, 5.342991521297196100 ) ) ;
#3349 = CARTESIAN_POINT ( 'NONE',  ( 88.40401700000003900, 0.0000000000000000000, -4.700000000000002800 ) ) ;
#3350 = CARTESIAN_POINT ( 'NONE',  ( 94.25007200000004600, 15.00000000000000000, 8.894960955186827100E-045 ) ) ;
#3351 = CARTESIAN_POINT ( 'NONE',  ( 89.00007200000004600, 10.25304832720506300, 10.25304832720481200 ) ) ;
#3352 = FACE_BOUND ( 'NONE', #1639, .T. ) ;
#3353 = FACE_OUTER_BOUND ( 'NONE', #4225, .T. ) ;
#3354 = CARTESIAN_POINT ( 'NONE',  ( 97.00007200000004600, 0.0000000000000000000, 0.0000000000000000000 ) ) ;
#3355 = DIRECTION ( 'NONE',  ( 0.0000000000000000000, 0.0000000000000000000, 1.000000000000000000 ) ) ;
#3356 = CYLINDRICAL_SURFACE ( 'NONE', #5402, 15.00000000000000000 ) ;
#3357 = DIRECTION ( 'NONE',  ( -1.000000000000000000, 0.0000000000000000000, 0.0000000000000000000 ) ) ;
#3358 = DIRECTION ( 'NONE',  ( 0.0000000000000000000, 0.0000000000000000000, 1.000000000000000000 ) ) ;
#3359 = FACE_OUTER_BOUND ( 'NONE', #4147, .T. ) ;
#3360 = DIRECTION ( 'NONE',  ( -1.000000000000000000, 0.0000000000000000000, 0.0000000000000000000 ) ) ;
#3361 = DIRECTION ( 'NONE',  ( 0.04708928653799528100, 0.8650647081692878200, 0.4994453421279725400 ) ) ;
#3362 = CARTESIAN_POINT ( 'NONE',  ( 96.50007200000004600, 0.0000000000000000000, 0.0000000000000000000 ) ) ;
#3363 = FACE_OUTER_BOUND ( 'NONE', #1582, .T. ) ;
#3364 = DIRECTION ( 'NONE',  ( 0.0000000000000000000, 0.4999999999999919500, -0.8660254037844432600 ) ) ;
#3365 = DIRECTION ( 'NONE',  ( -1.000000000000000000, 0.0000000000000000000, 0.0000000000000000000 ) ) ;
#3366 = CARTESIAN_POINT ( 'NONE',  ( 93.00007200000004600, -7.499999999999879200, 12.99038105676664900 ) ) ;
#3367 = FACE_OUTER_BOUND ( 'NONE', #1656, .T. ) ;
#3368 = CARTESIAN_POINT ( 'NONE',  ( 97.00007200000004600, 0.0000000000000000000, 0.0000000000000000000 ) ) ;
#3369 = CARTESIAN_POINT ( 'NONE',  ( 93.00007200000004600, -7.499999999999879200, 12.99038105676664900 ) ) ;
#3370 = CYLINDRICAL_SURFACE ( 'NONE', #572, 15.00000000000000000 ) ;
#3371 = DIRECTION ( 'NONE',  ( 0.0000000000000000000, 0.0000000000000000000, 1.000000000000000000 ) ) ;
#3372 = CARTESIAN_POINT ( 'NONE',  ( 89.00007200000004600, 0.0000000000000000000, 0.0000000000000000000 ) ) ;
#3373 = FACE_OUTER_BOUND ( 'NONE', #1671, .T. ) ;
#3374 = FACE_BOUND ( 'NONE', #1695, .T. ) ;
#3375 = PLANE ( 'NONE',  #594 ) ;
#3376 = DIRECTION ( 'NONE',  ( 0.0000000000000000000, 0.0000000000000000000, -1.000000000000000000 ) ) ;
#3377 = DIRECTION ( 'NONE',  ( -3.469446951953615000E-018, -0.4999999999999919500, 0.8660254037844433700 ) ) ;
#3378 = DIRECTION ( 'NONE',  ( -0.04708928653799347700, -0.8650647081692878200, -0.4994453421279726500 ) ) ;
#3379 = FACE_OUTER_BOUND ( 'NONE', #1657, .T. ) ;
#3380 = DIRECTION ( 'NONE',  ( 1.000000000000000000, 0.0000000000000000000, 0.0000000000000000000 ) ) ;
#3381 = CARTESIAN_POINT ( 'NONE',  ( 89.00007200000004600, 0.0000000000000000000, 0.0000000000000000000 ) ) ;
#3382 = DIRECTION ( 'NONE',  ( 0.0000000000000000000, 0.0000000000000000000, -1.000000000000000000 ) ) ;
#3383 = FACE_OUTER_BOUND ( 'NONE', #1659, .T. ) ;
#3384 = FACE_BOUND ( 'NONE', #1679, .T. ) ;
#3385 = PLANE ( 'NONE',  #5249 ) ;
#3386 = DIRECTION ( 'NONE',  ( -1.000000000000000000, 0.0000000000000000000, 0.0000000000000000000 ) ) ;
#3387 = DIRECTION ( 'NONE',  ( -1.000000000000000000, 0.0000000000000000000, 0.0000000000000000000 ) ) ;
#3388 = DIRECTION ( 'NONE',  ( 0.0000000000000000000, 0.0000000000000000000, 1.000000000000000000 ) ) ;
#3389 = FACE_OUTER_BOUND ( 'NONE', #1638, .T. ) ;
#3390 = CARTESIAN_POINT ( 'NONE',  ( 97.00007200000004600, 0.0000000000000000000, 0.0000000000000000000 ) ) ;
#3391 = CYLINDRICAL_SURFACE ( 'NONE', #5248, 15.00000000000000000 ) ;
#3392 = DIRECTION ( 'NONE',  ( 0.0000000000000000000, 0.0000000000000000000, 1.000000000000000000 ) ) ;
#3393 = FACE_OUTER_BOUND ( 'NONE', #1631, .T. ) ;
#3394 = DIRECTION ( 'NONE',  ( 1.000000000000000000, 0.0000000000000000000, 0.0000000000000000000 ) ) ;
#3395 = CARTESIAN_POINT ( 'NONE',  ( 93.72884975399802000, -7.305169395386864800, 11.71722591273125300 ) ) ;
#3396 = CARTESIAN_POINT ( 'NONE',  ( 89.00007200000004600, 0.0000000000000000000, 0.0000000000000000000 ) ) ;
#3397 = FACE_OUTER_BOUND ( 'NONE', #4212, .T. ) ;
#3398 = PLANE ( 'NONE',  #938 ) ;
#3399 = CARTESIAN_POINT ( 'NONE',  ( 93.72884975399802000, -6.494830604613083500, -12.18507523171929400 ) ) ;
#3400 = DIRECTION ( 'NONE',  ( 0.04708928653799523300, -0.8650647081692806100, 0.4994453421279849100 ) ) ;
#3401 = DIRECTION ( 'NONE',  ( -0.4586648237399935100, 0.7695582723859687400, 0.4443046757191327900 ) ) ;
#3402 = DIRECTION ( 'NONE',  ( 0.8886093514382800200, 0.3972153891811484000, 0.2293324118699930400 ) ) ;
#3403 = FACE_OUTER_BOUND ( 'NONE', #1662, .T. ) ;
#3404 = PLANE ( 'NONE',  #5397 ) ;
#3405 = DIRECTION ( 'NONE',  ( 0.0000000000000000000, 0.0000000000000000000, 1.000000000000000000 ) ) ;
#3406 = DIRECTION ( 'NONE',  ( 0.9988906842559613900, 0.04078051838798682500, -0.02354464326899692600 ) ) ;
#3407 = DIRECTION ( 'NONE',  ( -0.04708928653799347700, 0.8650647081692808300, -0.4994453421279846900 ) ) ;
#3408 = FACE_OUTER_BOUND ( 'NONE', #1606, .T. ) ;
#3409 = DIRECTION ( 'NONE',  ( 0.0000000000000000000, 0.5000000000000041100, 0.8660254037844363800 ) ) ;
#3410 = CARTESIAN_POINT ( 'NONE',  ( 93.00007200000004600, -7.500000000000061300, -12.99038105676654600 ) ) ;
#3411 = FACE_OUTER_BOUND ( 'NONE', #4213, .T. ) ;
#3412 = DIRECTION ( 'NONE',  ( -1.000000000000000000, 0.0000000000000000000, 0.0000000000000000000 ) ) ;
#3413 = DIRECTION ( 'NONE',  ( 0.0000000000000000000, 0.0000000000000000000, -1.000000000000000000 ) ) ;
#3414 = CARTESIAN_POINT ( 'NONE',  ( 96.50007200000004600, 0.0000000000000000000, 0.0000000000000000000 ) ) ;
#3415 = FACE_OUTER_BOUND ( 'NONE', #1712, .T. ) ;
#3416 = DIRECTION ( 'NONE',  ( 1.000000000000000000, 0.0000000000000000000, 0.0000000000000000000 ) ) ;
#3417 = DIRECTION ( 'NONE',  ( 0.0000000000000000000, 0.0000000000000000000, 1.000000000000000000 ) ) ;
#3418 = CARTESIAN_POINT ( 'NONE',  ( 89.00007200000004600, 0.0000000000000000000, 0.0000000000000000000 ) ) ;
#3419 = FACE_OUTER_BOUND ( 'NONE', #1655, .T. ) ;
#3420 = DIRECTION ( 'NONE',  ( -1.000000000000000000, 0.0000000000000000000, 0.0000000000000000000 ) ) ;
#3421 = DIRECTION ( 'NONE',  ( 0.0000000000000000000, 0.0000000000000000000, 1.000000000000000000 ) ) ;
#3422 = CARTESIAN_POINT ( 'NONE',  ( 96.50007200000004600, 0.0000000000000000000, 0.0000000000000000000 ) ) ;
#3423 = FACE_OUTER_BOUND ( 'NONE', #4146, .T. ) ;
#3424 = DIRECTION ( 'NONE',  ( -1.000000000000000000, 0.0000000000000000000, 0.0000000000000000000 ) ) ;
#3425 = CARTESIAN_POINT ( 'NONE',  ( 92.23051372761408100, -7.243998617804884100, 11.75254287763474900 ) ) ;
#3426 = CARTESIAN_POINT ( 'NONE',  ( 96.50007200000004600, 0.0000000000000000000, 0.0000000000000000000 ) ) ;
#3427 = FACE_OUTER_BOUND ( 'NONE', #1567, .T. ) ;
#3428 = PLANE ( 'NONE',  #5392 ) ;
#3429 = DIRECTION ( 'NONE',  ( 0.0000000000000000000, 0.0000000000000000000, 1.000000000000000000 ) ) ;
#3430 = CARTESIAN_POINT ( 'NONE',  ( 92.23051372761408100, -7.243998617804884100, 11.75254287763474900 ) ) ;
#3431 = DIRECTION ( 'NONE',  ( -0.5402258605159673300, -0.7287777539979817300, -0.4207600324501364900 ) ) ;
#3432 = DIRECTION ( 'NONE',  ( -0.8415200649002866400, 0.4678493189881389700, 0.2701129302579793300 ) ) ;
#3433 = FACE_OUTER_BOUND ( 'NONE', #4219, .T. ) ;
#3434 = DIRECTION ( 'NONE',  ( -1.000000000000000000, 0.0000000000000000000, 0.0000000000000000000 ) ) ;
#3435 = CARTESIAN_POINT ( 'NONE',  ( 96.50007200000004600, 0.0000000000000000000, 0.0000000000000000000 ) ) ;
#3436 = FACE_OUTER_BOUND ( 'NONE', #1689, .T. ) ;
#3437 = PLANE ( 'NONE',  #5394 ) ;
#3438 = CARTESIAN_POINT ( 'NONE',  ( 92.27129424600207100, -6.494830604612908500, 12.18507523171938300 ) ) ;
#3439 = CARTESIAN_POINT ( 'NONE',  ( 93.72884975399802000, -7.305169395386864800, 11.71722591273125300 ) ) ;
#3440 = DIRECTION ( 'NONE',  ( 0.9988906842559613900, -0.04078051838798715800, -0.02354464326899636400 ) ) ;
#3441 = DIRECTION ( 'NONE',  ( -0.04708928653799347700, -0.8650647081692878200, -0.4994453421279726500 ) ) ;
#3442 = FACE_OUTER_BOUND ( 'NONE', #1569, .T. ) ;
#3443 = PLANE ( 'NONE',  #5393 ) ;
#3444 = CARTESIAN_POINT ( 'NONE',  ( 93.76963027238601000, -6.556001382194889300, 12.14975826681588900 ) ) ;
#3445 = DIRECTION ( 'NONE',  ( 0.4586648237399939500, -0.7695582723859686300, -0.4443046757191327900 ) ) ;
#3446 = DIRECTION ( 'NONE',  ( -0.8886093514382797900, -0.3972153891811487400, -0.2293324118699932600 ) ) ;
#3447 = FACE_OUTER_BOUND ( 'NONE', #1686, .T. ) ;
#3448 = PLANE ( 'NONE',  #5378 ) ;
#3449 = CARTESIAN_POINT ( 'NONE',  ( 93.76963027238601000, -7.243998617805053700, -11.75254287763464600 ) ) ;
#3450 = DIRECTION ( 'NONE',  ( 0.9988906842559613900, -0.04078051838798715800, -0.02354464326899636400 ) ) ;
#3451 = DIRECTION ( 'NONE',  ( -0.04708928653799347700, -0.8650647081692878200, -0.4994453421279726500 ) ) ;
#3452 = FACE_OUTER_BOUND ( 'NONE', #1560, .T. ) ;
#3453 = PLANE ( 'NONE',  #5377 ) ;
#3454 = DIRECTION ( 'NONE',  ( -1.000000000000000000, -0.0000000000000000000, -0.0000000000000000000 ) ) ;
#3455 = DIRECTION ( 'NONE',  ( 0.5402258605159677700, 0.7287777539979815000, 0.4207600324501364900 ) ) ;
#3456 = DIRECTION ( 'NONE',  ( 0.8415200649002864100, -0.4678493189881392500, -0.2701129302579795000 ) ) ;
#3457 = FACE_OUTER_BOUND ( 'NONE', #1675, .T. ) ;
#3458 = PLANE ( 'NONE',  #5376 ) ;
#3459 = DIRECTION ( 'NONE',  ( 0.0000000000000000000, 0.0000000000000000000, -1.000000000000000000 ) ) ;
#3460 = DIRECTION ( 'NONE',  ( 0.5402258605159677700, -0.7287777539979757300, 0.4207600324501465400 ) ) ;
#3461 = DIRECTION ( 'NONE',  ( 0.8415200649002864100, 0.4678493189881354800, -0.2701129302579859900 ) ) ;
#3462 = FACE_OUTER_BOUND ( 'NONE', #1562, .T. ) ;
#3463 = CARTESIAN_POINT ( 'NONE',  ( 0.6963980372276983300, 0.0000000000000000000, 0.0000000000000000000 ) ) ;
#3464 = CYLINDRICAL_SURFACE ( 'NONE', #5375, 14.15107281082891600 ) ;
#3465 = DIRECTION ( 'NONE',  ( 0.0000000000000000000, 0.0000000000000000000, 1.000000000000000000 ) ) ;
#3466 = FACE_OUTER_BOUND ( 'NONE', #4215, .T. ) ;
#3467 = DIRECTION ( 'NONE',  ( 1.000000000000000000, 0.0000000000000000000, 0.0000000000000000000 ) ) ;
#3468 = DIRECTION ( 'NONE',  ( 0.0000000000000000000, 0.4999999999999920100, -0.8660254037844433700 ) ) ;
#3469 = CARTESIAN_POINT ( 'NONE',  ( 89.00007200000004600, 0.0000000000000000000, 0.0000000000000000000 ) ) ;
#3470 = FACE_OUTER_BOUND ( 'NONE', #1691, .T. ) ;
#3471 = CARTESIAN_POINT ( 'NONE',  ( 93.00007200000004600, 0.0000000000000000000, 0.0000000000000000000 ) ) ;
#3472 = DIRECTION ( 'NONE',  ( -1.000000000000000000, 0.0000000000000000000, 0.0000000000000000000 ) ) ;
#3473 = CYLINDRICAL_SURFACE ( 'NONE', #5398, 1.249999999999997100 ) ;
#3474 = DIRECTION ( 'NONE',  ( 0.0000000000000000000, -0.8660254037844432600, -0.4999999999999920100 ) ) ;
#3475 = FACE_OUTER_BOUND ( 'NONE', #1723, .T. ) ;
#3476 = CARTESIAN_POINT ( 'NONE',  ( 97.00007200000004600, 0.0000000000000000000, 0.0000000000000000000 ) ) ;
#3477 = DIRECTION ( 'NONE',  ( 0.0000000000000000000, 0.5000000000000041100, 0.8660254037844363800 ) ) ;
#3478 = CYLINDRICAL_SURFACE ( 'NONE', #5388, 15.00000000000000000 ) ;
#3479 = DIRECTION ( 'NONE',  ( 0.0000000000000000000, 0.0000000000000000000, 1.000000000000000000 ) ) ;
#3480 = FACE_OUTER_BOUND ( 'NONE', #1696, .T. ) ;
#3481 = CARTESIAN_POINT ( 'NONE',  ( 93.00007200000004600, 0.0000000000000000000, 0.0000000000000000000 ) ) ;
#3482 = DIRECTION ( 'NONE',  ( -1.000000000000000000, 0.0000000000000000000, 0.0000000000000000000 ) ) ;
#3483 = CYLINDRICAL_SURFACE ( 'NONE', #5370, 1.249999999999997100 ) ;
#3484 = DIRECTION ( 'NONE',  ( 0.0000000000000000000, 0.8660254037844362700, -0.5000000000000040000 ) ) ;
#3485 = FACE_OUTER_BOUND ( 'NONE', #1697, .T. ) ;
#3486 = CARTESIAN_POINT ( 'NONE',  ( 99.00007200000003100, 12.37436867076473100, 12.37436867076443100 ) ) ;
#3487 = DIRECTION ( 'NONE',  ( -1.000000000000000000, -0.0000000000000000000, -0.0000000000000000000 ) ) ;
#3488 = CYLINDRICAL_SURFACE ( 'NONE', #5369, 2.999999999999999100 ) ;
#3489 = DIRECTION ( 'NONE',  ( 0.0000000000000000000, 0.0000000000000000000, 1.000000000000000000 ) ) ;
#3490 = FACE_OUTER_BOUND ( 'NONE', #1608, .T. ) ;
#3491 = CARTESIAN_POINT ( 'NONE',  ( 0.6963980372276983300, 0.0000000000000000000, 0.0000000000000000000 ) ) ;
#3492 = DIRECTION ( 'NONE',  ( -1.000000000000000000, 0.0000000000000000000, 0.0000000000000000000 ) ) ;
#3493 = CYLINDRICAL_SURFACE ( 'NONE', #5368, 14.15107281082891600 ) ;
#3494 = DIRECTION ( 'NONE',  ( 0.0000000000000000000, 0.0000000000000000000, 1.000000000000000000 ) ) ;
#3495 = FACE_OUTER_BOUND ( 'NONE', #1663, .T. ) ;
#3496 = CARTESIAN_POINT ( 'NONE',  ( 99.00007200000003100, 4.529333289294299000, 16.90370196005864400 ) ) ;
#3497 = DIRECTION ( 'NONE',  ( -1.000000000000000000, 0.0000000000000000000, 0.0000000000000000000 ) ) ;
#3498 = CYLINDRICAL_SURFACE ( 'NONE', #5367, 2.999999999999999100 ) ;
#3499 = DIRECTION ( 'NONE',  ( 0.0000000000000000000, 0.0000000000000000000, 1.000000000000000000 ) ) ;
#3500 = FACE_OUTER_BOUND ( 'NONE', #1672, .T. ) ;
#3501 = CARTESIAN_POINT ( 'NONE',  ( 99.00007200000003100, -4.529333289293947300, 16.90370196005874000 ) ) ;
#3502 = DIRECTION ( 'NONE',  ( -1.000000000000000000, 0.0000000000000000000, 0.0000000000000000000 ) ) ;
#3503 = CYLINDRICAL_SURFACE ( 'NONE', #5366, 2.999999999999999100 ) ;
#3504 = DIRECTION ( 'NONE',  ( 0.0000000000000000000, 0.0000000000000000000, 1.000000000000000000 ) ) ;
#3505 = FACE_OUTER_BOUND ( 'NONE', #1682, .T. ) ;
#3506 = CARTESIAN_POINT ( 'NONE',  ( 99.00007200000003100, -12.37436867076447600, 12.37436867076468900 ) ) ;
#3507 = DIRECTION ( 'NONE',  ( -1.000000000000000000, 0.0000000000000000000, 0.0000000000000000000 ) ) ;
#3508 = CYLINDRICAL_SURFACE ( 'NONE', #5365, 3.000000000000000900 ) ;
#3509 = DIRECTION ( 'NONE',  ( 0.0000000000000000000, 0.0000000000000000000, 1.000000000000000000 ) ) ;
#3510 = FACE_OUTER_BOUND ( 'NONE', #1632, .T. ) ;
#3511 = CARTESIAN_POINT ( 'NONE',  ( 97.00007200000004600, 0.0000000000000000000, 0.0000000000000000000 ) ) ;
#3512 = DIRECTION ( 'NONE',  ( -1.000000000000000000, 0.0000000000000000000, 0.0000000000000000000 ) ) ;
#3513 = CYLINDRICAL_SURFACE ( 'NONE', #5364, 15.00000000000000000 ) ;
#3514 = DIRECTION ( 'NONE',  ( 0.0000000000000000000, 0.0000000000000000000, 1.000000000000000000 ) ) ;
#3515 = FACE_OUTER_BOUND ( 'NONE', #1681, .T. ) ;
#3516 = CARTESIAN_POINT ( 'NONE',  ( 99.00007200000003100, -16.90370196005866200, 4.529333289294240400 ) ) ;
#3517 = DIRECTION ( 'NONE',  ( -1.000000000000000000, 0.0000000000000000000, 0.0000000000000000000 ) ) ;
#3518 = CYLINDRICAL_SURFACE ( 'NONE', #5363, 3.000000000000000000 ) ;
#3519 = DIRECTION ( 'NONE',  ( 0.0000000000000000000, 0.0000000000000000000, 1.000000000000000000 ) ) ;
#3520 = FACE_OUTER_BOUND ( 'NONE', #1665, .T. ) ;
#3521 = CARTESIAN_POINT ( 'NONE',  ( 99.00007200000003100, -16.90370196005872200, -4.529333289294005900 ) ) ;
#3522 = DIRECTION ( 'NONE',  ( -1.000000000000000000, 0.0000000000000000000, 0.0000000000000000000 ) ) ;
#3523 = CYLINDRICAL_SURFACE ( 'NONE', #5362, 3.000000000000000000 ) ;
#3524 = DIRECTION ( 'NONE',  ( 0.0000000000000000000, 0.0000000000000000000, 1.000000000000000000 ) ) ;
#3525 = FACE_OUTER_BOUND ( 'NONE', #1694, .T. ) ;
#3526 = CARTESIAN_POINT ( 'NONE',  ( 99.00007200000003100, -12.37436867076464800, -12.37436867076451600 ) ) ;
#3527 = CYLINDRICAL_SURFACE ( 'NONE', #5361, 2.999999999999999100 ) ;
#3528 = CARTESIAN_POINT ( 'NONE',  ( 0.6963980372276983300, -5.245791185050430900E-027, 0.0000000000000000000 ) ) ;
#3529 = LINE ( 'NONE', #3533, #908 ) ;
#3530 = CARTESIAN_POINT ( 'NONE',  ( -3.815542616969016500, -5.245791185050430900E-027, 6.799999999999964300 ) ) ;
#3531 = LINE ( 'NONE', #3530, #909 ) ;
#3532 = DIRECTION ( 'NONE',  ( 0.7071067811865495700, 0.0000000000000000000, -0.7071067811865454600 ) ) ;
#3533 = CARTESIAN_POINT ( 'NONE',  ( -3.815542616969016500, 8.327598234149500500E-016, -6.799999999999964300 ) ) ;
#3534 = CARTESIAN_POINT ( 'NONE',  ( -2.999999999999985300, 0.0000000000000000000, -8.699999999999992200 ) ) ;
#3535 = DIRECTION ( 'NONE',  ( 0.7071067811865495700, 8.659560562354908200E-017, 0.7071067811865454600 ) ) ;
#3536 = DIRECTION ( 'NONE',  ( 0.0000000000000000000, 0.0000000000000000000, -1.000000000000000000 ) ) ;
#3537 = DIRECTION ( 'NONE',  ( -1.000000000000000000, -0.0000000000000000000, -0.0000000000000000000 ) ) ;
#3538 = CARTESIAN_POINT ( 'NONE',  ( -2.999999999999985800, 0.0000000000000000000, 0.0000000000000000000 ) ) ;
#3539 = LINE ( 'NONE', #3534, #904 ) ;
#3540 = DIRECTION ( 'NONE',  ( -0.7071067811865454600, 0.0000000000000000000, 0.7071067811865495700 ) ) ;
#3541 = LINE ( 'NONE', #3545, #906 ) ;
#3542 = DIRECTION ( 'NONE',  ( 0.0000000000000000000, 0.0000000000000000000, -1.000000000000000000 ) ) ;
#3543 = DIRECTION ( 'NONE',  ( 1.000000000000000000, 0.0000000000000000000, 0.0000000000000000000 ) ) ;
#3544 = CARTESIAN_POINT ( 'NONE',  ( -2.999999999999985800, 0.0000000000000000000, 0.0000000000000000000 ) ) ;
#3545 = CARTESIAN_POINT ( 'NONE',  ( -2.999999999999985300, 1.065442715258196500E-015, 8.699999999999992200 ) ) ;
#3546 = DIRECTION ( 'NONE',  ( -1.000000000000000000, -0.0000000000000000000, -0.0000000000000000000 ) ) ;
#3547 = CARTESIAN_POINT ( 'NONE',  ( 0.6963980372276983300, 0.0000000000000000000, 7.476579299099265400 ) ) ;
#3548 = LINE ( 'NONE', #3547, #847 ) ;
#3549 = DIRECTION ( 'NONE',  ( -1.000000000000000000, -0.0000000000000000000, -0.0000000000000000000 ) ) ;
#3550 = DIRECTION ( 'NONE',  ( 0.0000000000000000000, 0.0000000000000000000, 1.000000000000000000 ) ) ;
#3551 = DIRECTION ( 'NONE',  ( -1.000000000000000000, -0.0000000000000000000, -0.0000000000000000000 ) ) ;
#3552 = CARTESIAN_POINT ( 'NONE',  ( 15.87817699999999400, 0.0000000000000000000, 0.0000000000000000000 ) ) ;
#3553 = CARTESIAN_POINT ( 'NONE',  ( -2.699999999999976600, 0.0000000000000000000, 7.750000000000001800 ) ) ;
#3554 = LINE ( 'NONE', #3553, #887 ) ;
#3555 = DIRECTION ( 'NONE',  ( 0.0000000000000000000, 3.819167204710539100E-014, 1.000000000000000000 ) ) ;
#3556 = DIRECTION ( 'NONE',  ( 1.000000000000000000, -0.0000000000000000000, -0.0000000000000000000 ) ) ;
#3557 = CARTESIAN_POINT ( 'NONE',  ( -0.2602784179578964700, 0.0000000000000000000, 0.0000000000000000000 ) ) ;
#3558 = CARTESIAN_POINT ( 'NONE',  ( -10.65463392176689600, -0.5000000000000000000, -7.733854149129011400 ) ) ;
#3559 = LINE ( 'NONE', #3558, #822 ) ;
#3560 = DIRECTION ( 'NONE',  ( 0.0000000000000000000, 0.0000000000000000000, -1.000000000000000000 ) ) ;
#3561 = DIRECTION ( 'NONE',  ( -1.000000000000000000, -0.0000000000000000000, -0.0000000000000000000 ) ) ;
#3562 = CARTESIAN_POINT ( 'NONE',  ( -0.7602784179578970800, 0.0000000000000000000, 0.0000000000000000000 ) ) ;
#3563 = DIRECTION ( 'NONE',  ( -1.000000000000000000, -0.0000000000000000000, -0.0000000000000000000 ) ) ;
#3564 = DIRECTION ( 'NONE',  ( 0.0000000000000000000, 0.0000000000000000000, -1.000000000000000000 ) ) ;
#3565 = DIRECTION ( 'NONE',  ( 1.000000000000000000, 0.0000000000000000000, 0.0000000000000000000 ) ) ;
#3566 = CARTESIAN_POINT ( 'NONE',  ( -2.699999999999974900, 0.0000000000000000000, 0.0000000000000000000 ) ) ;
#3567 = DIRECTION ( 'NONE',  ( -1.000000000000000000, -0.0000000000000000000, -0.0000000000000000000 ) ) ;
#3568 = CARTESIAN_POINT ( 'NONE',  ( -10.65463392176689600, 0.0000000000000000000, 9.000000000000001800 ) ) ;
#3569 = DIRECTION ( 'NONE',  ( -1.000000000000000000, -0.0000000000000000000, -0.0000000000000000000 ) ) ;
#3570 = LINE ( 'NONE', #3575, #784 ) ;
#3571 = DIRECTION ( 'NONE',  ( 0.0000000000000000000, 0.0000000000000000000, -1.000000000000000000 ) ) ;
#3572 = DIRECTION ( 'NONE',  ( -1.000000000000000000, 0.0000000000000000000, 0.0000000000000000000 ) ) ;
#3573 = CARTESIAN_POINT ( 'NONE',  ( -2.699999999999976600, 0.0000000000000000000, 0.0000000000000000000 ) ) ;
#3574 = LINE ( 'NONE', #3568, #755 ) ;
#3575 = CARTESIAN_POINT ( 'NONE',  ( 0.6963980372276983300, 0.5000000000000000000, 7.459841688381843000 ) ) ;
#3576 = DIRECTION ( 'NONE',  ( 0.0000000000000000000, 0.0000000000000000000, 1.000000000000000000 ) ) ;
#3577 = DIRECTION ( 'NONE',  ( -1.000000000000000000, -0.0000000000000000000, -0.0000000000000000000 ) ) ;
#3578 = CARTESIAN_POINT ( 'NONE',  ( -0.2774828918387035000, 0.0000000000000000000, 0.0000000000000000000 ) ) ;
#3579 = LINE ( 'NONE', #3580, #758 ) ;
#3580 = CARTESIAN_POINT ( 'NONE',  ( -10.65463392176689600, 1.102182119232617900E-015, -9.000000000000001800 ) ) ;
#3581 = DIRECTION ( 'NONE',  ( -1.000000000000000000, -0.0000000000000000000, -0.0000000000000000000 ) ) ;
#3582 = CARTESIAN_POINT ( 'NONE',  ( 27.60589579493226300, 0.5000000000000000000, 4.673328578219171800 ) ) ;
#3583 = LINE ( 'NONE', #3582, #754 ) ;
#3584 = DIRECTION ( 'NONE',  ( -1.000000000000000000, -0.0000000000000000000, -0.0000000000000000000 ) ) ;
#3585 = CARTESIAN_POINT ( 'NONE',  ( 27.60589579493226300, 0.0000000000000000000, 4.700000000000002800 ) ) ;
#3586 = LINE ( 'NONE', #3585, #736 ) ;
#3587 = DIRECTION ( 'NONE',  ( -1.000000000000000000, -0.0000000000000000000, -0.0000000000000000000 ) ) ;
#3588 = CARTESIAN_POINT ( 'NONE',  ( 27.60589579493226300, 0.0000000000000000000, 6.500000000000002700 ) ) ;
#3589 = DIRECTION ( 'NONE',  ( -0.7071067811865454600, 8.659560562354957500E-017, -0.7071067811865495700 ) ) ;
#3590 = CARTESIAN_POINT ( 'NONE',  ( -2.699999999999976600, 9.491012693391989800E-016, -7.750000000000001800 ) ) ;
#3591 = LINE ( 'NONE', #3590, #723 ) ;
#3592 = DIRECTION ( 'NONE',  ( 0.8660254037844447000, 6.123233995736635400E-017, 0.4999999999999892900 ) ) ;
#3593 = CARTESIAN_POINT ( 'NONE',  ( 86.40399305170613800, 2.418677428316022500E-016, 1.975000000000000100 ) ) ;
#3594 = ADVANCED_FACE ( 'NONE', ( #4635 ), #4655, .F. ) ;
#3595 = EDGE_CURVE ( 'NONE', #3694, #3699, #644, .T. ) ;
#3596 = ADVANCED_FACE ( 'NONE', ( #4654 ), #4580, .F. ) ;
#3597 = ADVANCED_FACE ( 'NONE', ( #4597, #4643 ), #4598, .F. ) ;
#3598 = EDGE_CURVE ( 'NONE', #3742, #3699, #4612, .T. ) ;
#3599 = ADVANCED_FACE ( 'NONE', ( #4603, #4608 ), #4581, .F. ) ;
#3600 = ADVANCED_FACE ( 'NONE', ( #4700 ), #4662, .F. ) ;
#3601 = ADVANCED_FACE ( 'NONE', ( #1176 ), #1174, .F. ) ;
#3602 = ADVANCED_FACE ( 'NONE', ( #1171 ), #1170, .F. ) ;
#3603 = EDGE_CURVE ( 'NONE', #5230, #5188, #659, .T. ) ;
#3604 = EDGE_CURVE ( 'NONE', #5139, #5135, #663, .T. ) ;
#3605 = ADVANCED_FACE ( 'NONE', ( #1166 ), #714, .T. ) ;
#3606 = EDGE_CURVE ( 'NONE', #3706, #3696, #793, .T. ) ;
#3607 = EDGE_CURVE ( 'NONE', #3683, #3687, #692, .T. ) ;
#3608 = ADVANCED_FACE ( 'NONE', ( #1156 ), #1146, .F. ) ;
#3609 = ADVANCED_FACE ( 'NONE', ( #1143 ), #751, .T. ) ;
#3610 = ADVANCED_FACE ( 'NONE', ( #1140 ), #1139, .T. ) ;
#3611 = EDGE_CURVE ( 'NONE', #5203, #5199, #744, .T. ) ;
#3612 = EDGE_CURVE ( 'NONE', #3706, #5147, #1134, .T. ) ;
#3613 = EDGE_CURVE ( 'NONE', #3700, #3692, #1129, .T. ) ;
#3614 = EDGE_CURVE ( 'NONE', #5197, #3700, #1126, .T. ) ;
#3615 = ADVANCED_FACE ( 'NONE', ( #1135 ), #1121, .T. ) ;
#3616 = ADVANCED_FACE ( 'NONE', ( #1116, #1122 ), #1115, .F. ) ;
#3617 = ADVANCED_FACE ( 'NONE', ( #1110, #1117 ), #1109, .F. ) ;
#3618 = ADVANCED_FACE ( 'NONE', ( #1105 ), #1103, .F. ) ;
#3619 = EDGE_CURVE ( 'NONE', #3826, #3691, #1099, .T. ) ;
#3620 = ADVANCED_FACE ( 'NONE', ( #1101 ), #1111, .T. ) ;
#3621 = EDGE_CURVE ( 'NONE', #3706, #3703, #534, .T. ) ;
#3622 = ADVANCED_FACE ( 'NONE', ( #536 ), #531, .T. ) ;
#3623 = CARTESIAN_POINT ( 'NONE',  ( 31.65551498271948500, -1.381265367460302900E-018, 5.035115387765142100E-006 ) ) ;
#3624 = LINE ( 'NONE', #373, #775 ) ;
#3625 = CARTESIAN_POINT ( 'NONE',  ( 93.06223369800378000, -6.329008655470791400, 13.59939886314743700 ) ) ;
#3626 = DIRECTION ( 'NONE',  ( 0.0000000000000000000, 0.0000000000000000000, -1.000000000000000000 ) ) ;
#3627 = DIRECTION ( 'NONE',  ( -1.000000000000000000, -0.0000000000000000000, -0.0000000000000000000 ) ) ;
#3628 = CARTESIAN_POINT ( 'NONE',  ( 0.6963980372276974400, -1.380648743666006500E-018, 6.172809005006423900E-019 ) ) ;
#3629 = DIRECTION ( 'NONE',  ( -0.9063077870366496000, 0.0000000000000000000, 0.4226182617407001600 ) ) ;
#3630 = DIRECTION ( 'NONE',  ( 0.0000000000000000000, 0.0000000000000000000, 1.000000000000000000 ) ) ;
#3631 = DIRECTION ( 'NONE',  ( -1.000000000000000000, 0.0000000000000000000, 0.0000000000000000000 ) ) ;
#3632 = CARTESIAN_POINT ( 'NONE',  ( -0.2602784179578964700, -5.245791185050430900E-027, 0.0000000000000000000 ) ) ;
#3633 = CARTESIAN_POINT ( 'NONE',  ( -0.7602784179578964100, -0.5000000000000000000, 7.282856582413222300 ) ) ;
#3634 = CARTESIAN_POINT ( 'NONE',  ( -0.2602784179578964700, -0.5000000000000000000, 7.049135748691581300 ) ) ;
#3635 = DIRECTION ( 'NONE',  ( 0.0000000000000000000, 0.0000000000000000000, -1.000000000000000000 ) ) ;
#3636 = DIRECTION ( 'NONE',  ( 1.000000000000000000, 0.0000000000000000000, 0.0000000000000000000 ) ) ;
#3637 = CARTESIAN_POINT ( 'NONE',  ( -0.7602784179578964100, -5.245791185050430900E-027, 0.0000000000000000000 ) ) ;
#3638 = CARTESIAN_POINT ( 'NONE',  ( -0.5936094273379664000, -0.5000000000000000000, 7.204954609676012600 ) ) ;
#3639 = CARTESIAN_POINT ( 'NONE',  ( -0.4269426835307123000, -0.5000000000000000000, 7.127047829729693100 ) ) ;
#3640 = CARTESIAN_POINT ( 'NONE',  ( -0.2602784179578964700, -0.5000000000000000000, -7.049135748691581300 ) ) ;
#3641 = CARTESIAN_POINT ( 'NONE',  ( -0.7602784179578964100, -0.5000000000000000000, -7.282856582413222300 ) ) ;
#3642 = DIRECTION ( 'NONE',  ( 0.0000000000000000000, 0.0000000000000000000, 1.000000000000000000 ) ) ;
#3643 = DIRECTION ( 'NONE',  ( -1.000000000000000000, 0.0000000000000000000, 0.0000000000000000000 ) ) ;
#3644 = CARTESIAN_POINT ( 'NONE',  ( -0.2602784179578964700, -5.245791185050430900E-027, 0.0000000000000000000 ) ) ;
#3645 = CARTESIAN_POINT ( 'NONE',  ( -0.4269426851255287400, -0.5000000000000000000, -7.127047830475237200 ) ) ;
#3646 = CARTESIAN_POINT ( 'NONE',  ( -0.5936094287309181500, -0.5000000000000000000, -7.204954610327084700 ) ) ;
#3647 = DIRECTION ( 'NONE',  ( -0.9063077870366496000, 5.175581015019668000E-017, -0.4226182617407001600 ) ) ;
#3648 = CARTESIAN_POINT ( 'NONE',  ( 0.3119750422968985400, 8.327598234149500500E-016, -6.799999999999964300 ) ) ;
#3649 = LINE ( 'NONE', #3655, #883 ) ;
#3650 = LINE ( 'NONE', #3648, #895 ) ;
#3651 = DIRECTION ( 'NONE',  ( -1.000000000000000000, -0.0000000000000000000, -0.0000000000000000000 ) ) ;
#3652 = DIRECTION ( 'NONE',  ( 0.0000000000000000000, 0.0000000000000000000, -1.000000000000000000 ) ) ;
#3653 = DIRECTION ( 'NONE',  ( -1.000000000000000000, 0.0000000000000000000, 0.0000000000000000000 ) ) ;
#3654 = CARTESIAN_POINT ( 'NONE',  ( 0.3119750422968985400, -5.245791185050430900E-027, 0.0000000000000000000 ) ) ;
#3655 = CARTESIAN_POINT ( 'NONE',  ( 0.3119750422968985400, -5.245791185050430900E-027, 6.799999999999964300 ) ) ;
#3656 = DIRECTION ( 'NONE',  ( -1.000000000000000000, -0.0000000000000000000, -0.0000000000000000000 ) ) ;
#3657 = DIRECTION ( 'NONE',  ( 0.0000000000000000000, 0.0000000000000000000, -1.000000000000000000 ) ) ;
#3658 = DIRECTION ( 'NONE',  ( 1.000000000000000000, 0.0000000000000000000, 0.0000000000000000000 ) ) ;
#3659 = B_SPLINE_CURVE_WITH_KNOTS ( 'NONE', 3,
 ( #2778, #2779, #2784, #2785, #2786, #2787, #2788, #2789 ),
 .UNSPECIFIED., .F., .F.,
 ( 4, 2, 2, 4 ),
 ( 0.001702312536069424400, 0.002126523004785481000, 0.002550733473501537800, 0.003399154410933648400 ),
 .UNSPECIFIED. ) ;
#3660 = B_SPLINE_CURVE_WITH_KNOTS ( 'NONE', 3,
 ( #2756, #2764, #2772, #2773, #2774, #2775, #2776, #2777 ),
 .UNSPECIFIED., .F., .F.,
 ( 4, 2, 2, 4 ),
 ( 3.867444392980743800E-007, 0.0008513496402543584800, 0.001276831088161889700, 0.001702312536069420900 ),
 .UNSPECIFIED. ) ;
#3661 = B_SPLINE_CURVE_WITH_KNOTS ( 'NONE', 3,
 ( #2721, #2720, #2729, #2730, #2731, #2732, #2733, #2734 ),
 .UNSPECIFIED., .F., .F.,
 ( 4, 2, 2, 4 ),
 ( 0.005936474813161573400, 0.006578130534643287700, 0.006898958395384164000, 0.007219786256125040200 ),
 .UNSPECIFIED. ) ;
#3662 = B_SPLINE_CURVE_WITH_KNOTS ( 'NONE', 3,
 ( #2797, #2798, #2803, #2804, #2805, #2806, #2807, #2808 ),
 .UNSPECIFIED., .F., .F.,
 ( 4, 2, 2, 4 ),
 ( 0.001702312536069423500, 0.002126523004785476200, 0.002550733473501529100, 0.003399154410933636200 ),
 .UNSPECIFIED. ) ;
#3663 = B_SPLINE_CURVE_WITH_KNOTS ( 'NONE', 3,
 ( #2802, #2814, #2822, #2823, #2824, #2825, #2826, #2827 ),
 .UNSPECIFIED., .F., .F.,
 ( 4, 2, 2, 4 ),
 ( 3.867444392997506600E-007, 0.0008513496402543615100, 0.001276831088161892900, 0.001702312536069424400 ),
 .UNSPECIFIED. ) ;
#3664 = B_SPLINE_CURVE_WITH_KNOTS ( 'NONE', 3,
 ( #2697, #2698, #2702, #2703, #2704, #2705 ),
 .UNSPECIFIED., .F., .F.,
 ( 4, 2, 4 ),
 ( 3.867444393762620800E-007, 0.0004527007630408789600, 0.0009050147816423816700 ),
 .UNSPECIFIED. ) ;
#3665 = B_SPLINE_CURVE_WITH_KNOTS ( 'NONE', 3,
 ( #2736, #2735, #2743, #2744, #2745, #2746, #2747, #2748, #2749, #2750 ),
 .UNSPECIFIED., .F., .F.,
 ( 4, 2, 2, 2, 4 ),
 ( 0.0008060617956051068100, 0.001096840658736321500, 0.001387619521867536300, 0.001678398384998751000, 0.001969177248129965700 ),
 .UNSPECIFIED. ) ;
#3666 = B_SPLINE_CURVE_WITH_KNOTS ( 'NONE', 3,
 ( #2809, #2810, #2815, #2816, #2817, #2818, #2819, #2820 ),
 .UNSPECIFIED., .F., .F.,
 ( 4, 2, 2, 4 ),
 ( 3.867444393785804100E-007, 0.0008513496402544355700, 0.001276831088161965300, 0.001702312536069494900 ),
 .UNSPECIFIED. ) ;
#3667 = B_SPLINE_CURVE_WITH_KNOTS ( 'NONE', 3,
 ( #2821, #2833, #2841, #2842, #2843, #2844, #2845, #2846 ),
 .UNSPECIFIED., .F., .F.,
 ( 4, 2, 2, 4 ),
 ( 0.001702312536069501200, 0.002126523004785555600, 0.002550733473501609800, 0.003399154410933720400 ),
 .UNSPECIFIED. ) ;
#3668 = B_SPLINE_CURVE_WITH_KNOTS ( 'NONE', 3,
 ( #2751, #2752, #2757, #2758 ),
 .UNSPECIFIED., .F., .F.,
 ( 4, 4 ),
 ( 0.002497473072301287000, 0.003399154410933631000 ),
 .UNSPECIFIED. ) ;
#3669 = B_SPLINE_CURVE_WITH_KNOTS ( 'NONE', 3,
 ( #2706, #2707, #2712, #2713, #2714, #2715, #2716, #2717 ),
 .UNSPECIFIED., .F., .F.,
 ( 4, 2, 2, 4 ),
 ( 0.001702312536069420900, 0.002126523004785476200, 0.002550733473501531300, 0.003399154410933639700 ),
 .UNSPECIFIED. ) ;
#3670 = ADVANCED_BREP_SHAPE_REPRESENTATION ( 'prnt_63744', ( #5479, #5267 ), #5266 ) ;
#3671 = B_SPLINE_CURVE_WITH_KNOTS ( 'NONE', 3,
 ( #2866, #2867, #2871, #2872, #2873, #2874, #2875, #2876 ),
 .UNSPECIFIED., .F., .F.,
 ( 4, 2, 2, 4 ),
 ( 3.867444393104494200E-007, 0.0008513496402543670400, 0.001276831088161895500, 0.001702312536069423800 ),
 .UNSPECIFIED. ) ;
#3672 = B_SPLINE_CURVE_WITH_KNOTS ( 'NONE', 3,
 ( #2686, #2687, #2691, #2692, #2693, #2694, #2695, #2696 ),
 .UNSPECIFIED., .F., .F.,
 ( 4, 2, 2, 4 ),
 ( 0.001702312536069490800, 0.002126523004785541700, 0.002550733473501592400, 0.003399154410933704800 ),
 .UNSPECIFIED. ) ;
#3673 = B_SPLINE_CURVE_WITH_KNOTS ( 'NONE', 3,
 ( #2889, #2890, #2895, #2896, #2897, #2898, #2899, #2900 ),
 .UNSPECIFIED., .F., .F.,
 ( 4, 2, 2, 4 ),
 ( 0.001702312536069421800, 0.002126523004785475400, 0.002550733473501529100, 0.003399154410933638800 ),
 .UNSPECIFIED. ) ;
#3674 = B_SPLINE_CURVE_WITH_KNOTS ( 'NONE', 3,
 ( #2855, #2856, #2860, #2861, #2862, #2863, #2864, #2865 ),
 .UNSPECIFIED., .F., .F.,
 ( 4, 2, 2, 4 ),
 ( 0.001702312536069494900, 0.002126523004785549900, 0.002550733473501605500, 0.003399154410933712100 ),
 .UNSPECIFIED. ) ;
#3675 = B_SPLINE_CURVE_WITH_KNOTS ( 'NONE', 3,
 ( #2877, #2878, #2883, #2884, #2885, #2886, #2887, #2888 ),
 .UNSPECIFIED., .F., .F.,
 ( 4, 2, 2, 4 ),
 ( 3.867444393785804100E-007, 0.0008513496402544384900, 0.001276831088161969900, 0.001702312536069501200 ),
 .UNSPECIFIED. ) ;
#3676 = B_SPLINE_CURVE_WITH_KNOTS ( 'NONE', 3,
 ( #2828, #2829, #2834, #2835, #2836, #2837, #2838, #2839 ),
 .UNSPECIFIED., .F., .F.,
 ( 4, 2, 2, 4 ),
 ( 3.867444392994465200E-007, 0.0008513496402543600000, 0.001276831088161890300, 0.001702312536069420500 ),
 .UNSPECIFIED. ) ;
#3677 = B_SPLINE_CURVE_WITH_KNOTS ( 'NONE', 3,
 ( #2728, #2727, #2737, #2738, #2739, #2740, #2741, #2742 ),
 .UNSPECIFIED., .F., .F.,
 ( 4, 2, 2, 4 ),
 ( 0.005092758350870703300, 0.005478922990213780500, 0.005865087629556859500, 0.006637416908243017400 ),
 .UNSPECIFIED. ) ;
#3678 = B_SPLINE_CURVE_WITH_KNOTS ( 'NONE', 3,
 ( #2759, #2760, #2765, #2766, #2767, #2768, #2769, #2770 ),
 .UNSPECIFIED., .F., .F.,
 ( 4, 2, 2, 4 ),
 ( 3.867444393104708600E-007, 0.0008513496402543669400, 0.001276831088161895300, 0.001702312536069423500 ),
 .UNSPECIFIED. ) ;
#3679 = VERTEX_POINT ( 'NONE', #1100 ) ;
#3680 = VERTEX_POINT ( 'NONE', #526 ) ;
#3681 = VERTEX_POINT ( 'NONE', #525 ) ;
#3682 = VERTEX_POINT ( 'NONE', #524 ) ;
#3683 = VERTEX_POINT ( 'NONE', #523 ) ;
#3684 = VERTEX_POINT ( 'NONE', #522 ) ;
#3685 = VERTEX_POINT ( 'NONE', #521 ) ;
#3686 = VERTEX_POINT ( 'NONE', #520 ) ;
#3687 = VERTEX_POINT ( 'NONE', #519 ) ;
#3688 = VERTEX_POINT ( 'NONE', #518 ) ;
#3689 = VERTEX_POINT ( 'NONE', #517 ) ;
#3690 = VERTEX_POINT ( 'NONE', #516 ) ;
#3691 = VERTEX_POINT ( 'NONE', #515 ) ;
#3692 = VERTEX_POINT ( 'NONE', #514 ) ;
#3693 = VERTEX_POINT ( 'NONE', #513 ) ;
#3694 = VERTEX_POINT ( 'NONE', #512 ) ;
#3695 = VERTEX_POINT ( 'NONE', #535 ) ;
#3696 = VERTEX_POINT ( 'NONE', #527 ) ;
#3697 = VERTEX_POINT ( 'NONE', #511 ) ;
#3698 = VERTEX_POINT ( 'NONE', #510 ) ;
#3699 = VERTEX_POINT ( 'NONE', #509 ) ;
#3700 = VERTEX_POINT ( 'NONE', #508 ) ;
#3701 = VERTEX_POINT ( 'NONE', #507 ) ;
#3702 = VERTEX_POINT ( 'NONE', #506 ) ;
#3703 = VERTEX_POINT ( 'NONE', #505 ) ;
#3704 = VERTEX_POINT ( 'NONE', #504 ) ;
#3705 = VERTEX_POINT ( 'NONE', #503 ) ;
#3706 = VERTEX_POINT ( 'NONE', #502 ) ;
#3707 = VERTEX_POINT ( 'NONE', #501 ) ;
#3708 = VERTEX_POINT ( 'NONE', #500 ) ;
#3709 = VERTEX_POINT ( 'NONE', #499 ) ;
#3710 = VERTEX_POINT ( 'NONE', #498 ) ;
#3711 = VERTEX_POINT ( 'NONE', #497 ) ;
#3712 = VERTEX_POINT ( 'NONE', #496 ) ;
#3713 = VERTEX_POINT ( 'NONE', #495 ) ;
#3714 = VERTEX_POINT ( 'NONE', #494 ) ;
#3715 = VERTEX_POINT ( 'NONE', #493 ) ;
#3716 = VERTEX_POINT ( 'NONE', #492 ) ;
#3717 = VERTEX_POINT ( 'NONE', #491 ) ;
#3718 = VERTEX_POINT ( 'NONE', #490 ) ;
#3719 = VERTEX_POINT ( 'NONE', #489 ) ;
#3720 = VERTEX_POINT ( 'NONE', #488 ) ;
#3721 = VERTEX_POINT ( 'NONE', #487 ) ;
#3722 = VERTEX_POINT ( 'NONE', #486 ) ;
#3723 = VERTEX_POINT ( 'NONE', #485 ) ;
#3724 = VERTEX_POINT ( 'NONE', #484 ) ;
#3725 = VERTEX_POINT ( 'NONE', #483 ) ;
#3726 = VERTEX_POINT ( 'NONE', #482 ) ;
#3727 = VERTEX_POINT ( 'NONE', #481 ) ;
#3728 = VERTEX_POINT ( 'NONE', #480 ) ;
#3729 = VERTEX_POINT ( 'NONE', #479 ) ;
#3730 = VERTEX_POINT ( 'NONE', #478 ) ;
#3731 = VERTEX_POINT ( 'NONE', #477 ) ;
#3732 = PRODUCT ( 'prnt_63744', 'prnt_63744', '', ( #2911 ) ) ;
#3733 = VERTEX_POINT ( 'NONE', #476 ) ;
#3734 = VERTEX_POINT ( 'NONE', #475 ) ;
#3735 = VERTEX_POINT ( 'NONE', #474 ) ;
#3736 = VERTEX_POINT ( 'NONE', #473 ) ;
#3737 = VERTEX_POINT ( 'NONE', #472 ) ;
#3738 = VERTEX_POINT ( 'NONE', #471 ) ;
#3739 = VERTEX_POINT ( 'NONE', #470 ) ;
#3740 = VERTEX_POINT ( 'NONE', #469 ) ;
#3741 = VERTEX_POINT ( 'NONE', #468 ) ;
#3742 = VERTEX_POINT ( 'NONE', #467 ) ;
#3743 = VERTEX_POINT ( 'NONE', #466 ) ;
#3744 = ORIENTED_EDGE ( 'NONE', *, *, #398, .F. ) ;
#3745 = ORIENTED_EDGE ( 'NONE', *, *, #398, .T. ) ;
#3746 = ORIENTED_EDGE ( 'NONE', *, *, #399, .F. ) ;
#3747 = ORIENTED_EDGE ( 'NONE', *, *, #431, .T. ) ;
#3748 = ORIENTED_EDGE ( 'NONE', *, *, #395, .T. ) ;
#3749 = ORIENTED_EDGE ( 'NONE', *, *, #2093, .T. ) ;
#3750 = ORIENTED_EDGE ( 'NONE', *, *, #3606, .T. ) ;
#3751 = ORIENTED_EDGE ( 'NONE', *, *, #2084, .T. ) ;
#3752 = ORIENTED_EDGE ( 'NONE', *, *, #407, .T. ) ;
#3753 = ORIENTED_EDGE ( 'NONE', *, *, #2072, .F. ) ;
#3754 = ORIENTED_EDGE ( 'NONE', *, *, #2082, .T. ) ;
#3755 = ORIENTED_EDGE ( 'NONE', *, *, #2083, .F. ) ;
#3756 = ORIENTED_EDGE ( 'NONE', *, *, #2067, .T. ) ;
#3757 = ORIENTED_EDGE ( 'NONE', *, *, #3613, .F. ) ;
#3758 = ORIENTED_EDGE ( 'NONE', *, *, #406, .T. ) ;
#3759 = ORIENTED_EDGE ( 'NONE', *, *, #421, .T. ) ;
#3760 = VERTEX_POINT ( 'NONE', #464 ) ;
#3761 = VERTEX_POINT ( 'NONE', #460 ) ;
#3762 = VERTEX_POINT ( 'NONE', #459 ) ;
#3763 = VERTEX_POINT ( 'NONE', #458 ) ;
#3764 = VERTEX_POINT ( 'NONE', #457 ) ;
#3765 = VERTEX_POINT ( 'NONE', #456 ) ;
#3766 = VERTEX_POINT ( 'NONE', #463 ) ;
#3767 = VERTEX_POINT ( 'NONE', #455 ) ;
#3768 = VERTEX_POINT ( 'NONE', #454 ) ;
#3769 = VERTEX_POINT ( 'NONE', #453 ) ;
#3770 = VERTEX_POINT ( 'NONE', #452 ) ;
#3771 = VERTEX_POINT ( 'NONE', #451 ) ;
#3772 = VERTEX_POINT ( 'NONE', #462 ) ;
#3773 = VERTEX_POINT ( 'NONE', #450 ) ;
#3774 = VERTEX_POINT ( 'NONE', #461 ) ;
#3775 = VERTEX_POINT ( 'NONE', #449 ) ;
#3776 = VERTEX_POINT ( 'NONE', #465 ) ;
#3777 = VERTEX_POINT ( 'NONE', #448 ) ;
#3778 = VERTEX_POINT ( 'NONE', #447 ) ;
#3779 = VERTEX_POINT ( 'NONE', #446 ) ;
#3780 = VERTEX_POINT ( 'NONE', #445 ) ;
#3781 = VERTEX_POINT ( 'NONE', #444 ) ;
#3782 = VERTEX_POINT ( 'NONE', #443 ) ;
#3783 = VERTEX_POINT ( 'NONE', #442 ) ;
#3784 = VERTEX_POINT ( 'NONE', #441 ) ;
#3785 = VERTEX_POINT ( 'NONE', #440 ) ;
#3786 = VERTEX_POINT ( 'NONE', #439 ) ;
#3787 = VERTEX_POINT ( 'NONE', #438 ) ;
#3788 = VERTEX_POINT ( 'NONE', #437 ) ;
#3789 = VERTEX_POINT ( 'NONE', #436 ) ;
#3790 = VERTEX_POINT ( 'NONE', #435 ) ;
#3791 = VERTEX_POINT ( 'NONE', #434 ) ;
#3792 = VERTEX_POINT ( 'NONE', #433 ) ;
#3793 = VERTEX_POINT ( 'NONE', #4774 ) ;
#3794 = VERTEX_POINT ( 'NONE', #4773 ) ;
#3795 = VERTEX_POINT ( 'NONE', #4772 ) ;
#3796 = VERTEX_POINT ( 'NONE', #4771 ) ;
#3797 = VERTEX_POINT ( 'NONE', #4770 ) ;
#3798 = VERTEX_POINT ( 'NONE', #4769 ) ;
#3799 = VERTEX_POINT ( 'NONE', #4768 ) ;
#3800 = VERTEX_POINT ( 'NONE', #4767 ) ;
#3801 = VERTEX_POINT ( 'NONE', #4766 ) ;
#3802 = VERTEX_POINT ( 'NONE', #4765 ) ;
#3803 = VERTEX_POINT ( 'NONE', #4764 ) ;
#3804 = VERTEX_POINT ( 'NONE', #4763 ) ;
#3805 = VERTEX_POINT ( 'NONE', #4762 ) ;
#3806 = VERTEX_POINT ( 'NONE', #4761 ) ;
#3807 = VERTEX_POINT ( 'NONE', #4760 ) ;
#3808 = VERTEX_POINT ( 'NONE', #4759 ) ;
#3809 = VERTEX_POINT ( 'NONE', #4758 ) ;
#3810 = VERTEX_POINT ( 'NONE', #4757 ) ;
#3811 = VERTEX_POINT ( 'NONE', #4756 ) ;
#3812 = VERTEX_POINT ( 'NONE', #4755 ) ;
#3813 = VERTEX_POINT ( 'NONE', #4754 ) ;
#3814 = VERTEX_POINT ( 'NONE', #4753 ) ;
#3815 = VERTEX_POINT ( 'NONE', #4752 ) ;
#3816 = VERTEX_POINT ( 'NONE', #4751 ) ;
#3817 = VERTEX_POINT ( 'NONE', #4750 ) ;
#3818 = VERTEX_POINT ( 'NONE', #4749 ) ;
#3819 = VERTEX_POINT ( 'NONE', #4748 ) ;
#3820 = VERTEX_POINT ( 'NONE', #4747 ) ;
#3821 = VERTEX_POINT ( 'NONE', #4746 ) ;
#3822 = VERTEX_POINT ( 'NONE', #4745 ) ;
#3823 = VERTEX_POINT ( 'NONE', #4744 ) ;
#3824 = VERTEX_POINT ( 'NONE', #4743 ) ;
#3825 = VERTEX_POINT ( 'NONE', #4742 ) ;
#3826 = VERTEX_POINT ( 'NONE', #4741 ) ;
#3827 = VERTEX_POINT ( 'NONE', #4740 ) ;
#3828 = VERTEX_POINT ( 'NONE', #4739 ) ;
#3829 = ORIENTED_EDGE ( 'NONE', *, *, #4804, .T. ) ;
#3830 = ORIENTED_EDGE ( 'NONE', *, *, #4807, .T. ) ;
#3831 = ORIENTED_EDGE ( 'NONE', *, *, #2446, .F. ) ;
#3832 = ORIENTED_EDGE ( 'NONE', *, *, #2445, .F. ) ;
#3833 = ORIENTED_EDGE ( 'NONE', *, *, #4300, .T. ) ;
#3834 = ORIENTED_EDGE ( 'NONE', *, *, #2444, .T. ) ;
#3835 = ORIENTED_EDGE ( 'NONE', *, *, #2439, .T. ) ;
#3836 = ORIENTED_EDGE ( 'NONE', *, *, #2441, .F. ) ;
#3837 = ORIENTED_EDGE ( 'NONE', *, *, #2448, .F. ) ;
#3838 = ORIENTED_EDGE ( 'NONE', *, *, #2445, .T. ) ;
#3839 = ORIENTED_EDGE ( 'NONE', *, *, #2438, .F. ) ;
#3840 = ORIENTED_EDGE ( 'NONE', *, *, #4789, .T. ) ;
#3841 = ORIENTED_EDGE ( 'NONE', *, *, #2443, .T. ) ;
#3842 = ORIENTED_EDGE ( 'NONE', *, *, #2447, .F. ) ;
#3843 = ORIENTED_EDGE ( 'NONE', *, *, #2440, .T. ) ;
#3844 = ORIENTED_EDGE ( 'NONE', *, *, #4302, .F. ) ;
#3845 = ORIENTED_EDGE ( 'NONE', *, *, #4312, .F. ) ;
#3846 = ORIENTED_EDGE ( 'NONE', *, *, #2420, .T. ) ;
#3847 = ORIENTED_EDGE ( 'NONE', *, *, #2432, .T. ) ;
#3848 = ORIENTED_EDGE ( 'NONE', *, *, #2430, .T. ) ;
#3849 = ORIENTED_EDGE ( 'NONE', *, *, #5477, .T. ) ;
#3850 = ORIENTED_EDGE ( 'NONE', *, *, #4779, .T. ) ;
#3851 = ORIENTED_EDGE ( 'NONE', *, *, #5482, .T. ) ;
#3852 = ORIENTED_EDGE ( 'NONE', *, *, #5495, .T. ) ;
#3853 = ORIENTED_EDGE ( 'NONE', *, *, #5484, .T. ) ;
#3854 = ORIENTED_EDGE ( 'NONE', *, *, #2423, .T. ) ;
#3855 = ORIENTED_EDGE ( 'NONE', *, *, #4821, .T. ) ;
#3856 = ORIENTED_EDGE ( 'NONE', *, *, #4354, .T. ) ;
#3857 = ORIENTED_EDGE ( 'NONE', *, *, #5488, .T. ) ;
#3858 = ORIENTED_EDGE ( 'NONE', *, *, #2442, .T. ) ;
#3859 = ORIENTED_EDGE ( 'NONE', *, *, #5485, .T. ) ;
#3860 = ORIENTED_EDGE ( 'NONE', *, *, #4341, .F. ) ;
#3861 = ORIENTED_EDGE ( 'NONE', *, *, #395, .F. ) ;
#3862 = ORIENTED_EDGE ( 'NONE', *, *, #5480, .T. ) ;
#3863 = ORIENTED_EDGE ( 'NONE', *, *, #5498, .T. ) ;
#3864 = ORIENTED_EDGE ( 'NONE', *, *, #408, .T. ) ;
#3865 = ORIENTED_EDGE ( 'NONE', *, *, #4793, .T. ) ;
#3866 = ORIENTED_EDGE ( 'NONE', *, *, #4803, .T. ) ;
#3867 = ORIENTED_EDGE ( 'NONE', *, *, #4801, .T. ) ;
#3868 = ORIENTED_EDGE ( 'NONE', *, *, #4783, .T. ) ;
#3869 = ORIENTED_EDGE ( 'NONE', *, *, #5528, .T. ) ;
#3870 = ORIENTED_EDGE ( 'NONE', *, *, #4786, .T. ) ;
#3871 = ORIENTED_EDGE ( 'NONE', *, *, #5473, .T. ) ;
#3872 = ORIENTED_EDGE ( 'NONE', *, *, #2425, .T. ) ;
#3873 = ORIENTED_EDGE ( 'NONE', *, *, #2441, .T. ) ;
#3874 = ORIENTED_EDGE ( 'NONE', *, *, #409, .F. ) ;
#3875 = ORIENTED_EDGE ( 'NONE', *, *, #2431, .T. ) ;
#3876 = ORIENTED_EDGE ( 'NONE', *, *, #2440, .F. ) ;
#3877 = ORIENTED_EDGE ( 'NONE', *, *, #3595, .T. ) ;
#3878 = ORIENTED_EDGE ( 'NONE', *, *, #5490, .T. ) ;
#3879 = ORIENTED_EDGE ( 'NONE', *, *, #2439, .F. ) ;
#3880 = ORIENTED_EDGE ( 'NONE', *, *, #2098, .T. ) ;
#3881 = ORIENTED_EDGE ( 'NONE', *, *, #2433, .F. ) ;
#3882 = ORIENTED_EDGE ( 'NONE', *, *, #2438, .T. ) ;
#3883 = ORIENTED_EDGE ( 'NONE', *, *, #4284, .F. ) ;
#3884 = ORIENTED_EDGE ( 'NONE', *, *, #2422, .T. ) ;
#3885 = ORIENTED_EDGE ( 'NONE', *, *, #2437, .T. ) ;
#3886 = ORIENTED_EDGE ( 'NONE', *, *, #3598, .F. ) ;
#3887 = ORIENTED_EDGE ( 'NONE', *, *, #414, .T. ) ;
#3888 = ORIENTED_EDGE ( 'NONE', *, *, #2091, .F. ) ;
#3889 = ORIENTED_EDGE ( 'NONE', *, *, #5540, .T. ) ;
#3890 = ORIENTED_EDGE ( 'NONE', *, *, #5471, .T. ) ;
#3891 = ORIENTED_EDGE ( 'NONE', *, *, #4822, .T. ) ;
#3892 = ORIENTED_EDGE ( 'NONE', *, *, #5543, .T. ) ;
#3893 = ORIENTED_EDGE ( 'NONE', *, *, #2447, .T. ) ;
#3894 = ORIENTED_EDGE ( 'NONE', *, *, #2096, .F. ) ;
#3895 = ORIENTED_EDGE ( 'NONE', *, *, #2077, .F. ) ;
#3896 = ORIENTED_EDGE ( 'NONE', *, *, #5529, .T. ) ;
#3897 = ORIENTED_EDGE ( 'NONE', *, *, #4314, .T. ) ;
#3898 = ORIENTED_EDGE ( 'NONE', *, *, #2086, .F. ) ;
#3899 = ORIENTED_EDGE ( 'NONE', *, *, #4308, .F. ) ;
#3900 = ORIENTED_EDGE ( 'NONE', *, *, #4344, .T. ) ;
#3901 = ORIENTED_EDGE ( 'NONE', *, *, #4310, .T. ) ;
#3902 = ORIENTED_EDGE ( 'NONE', *, *, #2087, .T. ) ;
#3903 = ORIENTED_EDGE ( 'NONE', *, *, #2436, .F. ) ;
#3904 = ORIENTED_EDGE ( 'NONE', *, *, #2094, .T. ) ;
#3905 = ORIENTED_EDGE ( 'NONE', *, *, #5536, .T. ) ;
#3906 = ORIENTED_EDGE ( 'NONE', *, *, #2086, .T. ) ;
#3907 = ORIENTED_EDGE ( 'NONE', *, *, #5476, .T. ) ;
#3908 = ORIENTED_EDGE ( 'NONE', *, *, #2435, .T. ) ;
#3909 = ORIENTED_EDGE ( 'NONE', *, *, #4307, .F. ) ;
#3910 = ORIENTED_EDGE ( 'NONE', *, *, #5532, .T. ) ;
#3911 = ORIENTED_EDGE ( 'NONE', *, *, #4776, .T. ) ;
#3912 = ORIENTED_EDGE ( 'NONE', *, *, #4311, .T. ) ;
#3913 = ORIENTED_EDGE ( 'NONE', *, *, #2092, .F. ) ;
#3914 = ORIENTED_EDGE ( 'NONE', *, *, #5541, .T. ) ;
#3915 = ORIENTED_EDGE ( 'NONE', *, *, #2088, .F. ) ;
#3916 = ORIENTED_EDGE ( 'NONE', *, *, #4780, .T. ) ;
#3917 = ORIENTED_EDGE ( 'NONE', *, *, #2095, .T. ) ;
#3918 = ORIENTED_EDGE ( 'NONE', *, *, #4274, .F. ) ;
#3919 = ORIENTED_EDGE ( 'NONE', *, *, #2089, .T. ) ;
#3920 = ORIENTED_EDGE ( 'NONE', *, *, #2087, .F. ) ;
#3921 = ORIENTED_EDGE ( 'NONE', *, *, #2068, .F. ) ;
#3922 = ORIENTED_EDGE ( 'NONE', *, *, #5525, .T. ) ;
#3923 = ORIENTED_EDGE ( 'NONE', *, *, #4309, .T. ) ;
#3924 = ORIENTED_EDGE ( 'NONE', *, *, #4301, .T. ) ;
#3925 = ORIENTED_EDGE ( 'NONE', *, *, #4273, .T. ) ;
#3926 = ORIENTED_EDGE ( 'NONE', *, *, #2102, .F. ) ;
#3927 = ORIENTED_EDGE ( 'NONE', *, *, #4305, .F. ) ;
#3928 = ORIENTED_EDGE ( 'NONE', *, *, #2088, .T. ) ;
#3929 = ORIENTED_EDGE ( 'NONE', *, *, #4304, .T. ) ;
#3930 = ORIENTED_EDGE ( 'NONE', *, *, #4292, .F. ) ;
#3931 = ORIENTED_EDGE ( 'NONE', *, *, #4306, .T. ) ;
#3932 = ORIENTED_EDGE ( 'NONE', *, *, #2090, .F. ) ;
#3933 = ORIENTED_EDGE ( 'NONE', *, *, #4809, .T. ) ;
#3934 = ORIENTED_EDGE ( 'NONE', *, *, #4298, .F. ) ;
#3935 = ORIENTED_EDGE ( 'NONE', *, *, #2444, .F. ) ;
#3936 = ORIENTED_EDGE ( 'NONE', *, *, #2092, .T. ) ;
#3937 = ORIENTED_EDGE ( 'NONE', *, *, #4813, .T. ) ;
#3938 = ORIENTED_EDGE ( 'NONE', *, *, #4296, .T. ) ;
#3939 = ORIENTED_EDGE ( 'NONE', *, *, #4287, .F. ) ;
#3940 = ORIENTED_EDGE ( 'NONE', *, *, #2095, .F. ) ;
#3941 = ORIENTED_EDGE ( 'NONE', *, *, #4293, .T. ) ;
#3942 = ORIENTED_EDGE ( 'NONE', *, *, #2096, .T. ) ;
#3943 = ORIENTED_EDGE ( 'NONE', *, *, #2097, .F. ) ;
#3944 = ORIENTED_EDGE ( 'NONE', *, *, #2098, .F. ) ;
#3945 = ORIENTED_EDGE ( 'NONE', *, *, #2099, .F. ) ;
#3946 = ORIENTED_EDGE ( 'NONE', *, *, #2429, .T. ) ;
#3947 = ORIENTED_EDGE ( 'NONE', *, *, #2091, .T. ) ;
#3948 = ORIENTED_EDGE ( 'NONE', *, *, #4294, .F. ) ;
#3949 = ORIENTED_EDGE ( 'NONE', *, *, #2082, .F. ) ;
#3950 = ORIENTED_EDGE ( 'NONE', *, *, #2081, .F. ) ;
#3951 = ORIENTED_EDGE ( 'NONE', *, *, #2080, .T. ) ;
#3952 = ORIENTED_EDGE ( 'NONE', *, *, #2071, .T. ) ;
#3953 = ORIENTED_EDGE ( 'NONE', *, *, #2090, .T. ) ;
#3954 = ORIENTED_EDGE ( 'NONE', *, *, #5510, .T. ) ;
#3955 = ORIENTED_EDGE ( 'NONE', *, *, #2078, .T. ) ;
#3956 = ORIENTED_EDGE ( 'NONE', *, *, #2081, .T. ) ;
#3957 = ORIENTED_EDGE ( 'NONE', *, *, #2073, .F. ) ;
#3958 = ORIENTED_EDGE ( 'NONE', *, *, #2079, .F. ) ;
#3959 = ORIENTED_EDGE ( 'NONE', *, *, #2085, .T. ) ;
#3960 = ORIENTED_EDGE ( 'NONE', *, *, #2058, .F. ) ;
#3961 = ORIENTED_EDGE ( 'NONE', *, *, #3614, .T. ) ;
#3962 = ORIENTED_EDGE ( 'NONE', *, *, #4276, .T. ) ;
#3963 = ORIENTED_EDGE ( 'NONE', *, *, #2101, .T. ) ;
#3964 = ORIENTED_EDGE ( 'NONE', *, *, #3606, .F. ) ;
#3965 = ORIENTED_EDGE ( 'NONE', *, *, #3598, .T. ) ;
#3966 = ORIENTED_EDGE ( 'NONE', *, *, #4283, .F. ) ;
#3967 = ORIENTED_EDGE ( 'NONE', *, *, #2093, .F. ) ;
#3968 = ORIENTED_EDGE ( 'NONE', *, *, #3621, .T. ) ;
#3969 = ORIENTED_EDGE ( 'NONE', *, *, #4275, .F. ) ;
#3970 = ORIENTED_EDGE ( 'NONE', *, *, #5530, .T. ) ;
#3971 = ORIENTED_EDGE ( 'NONE', *, *, #3604, .T. ) ;
#3972 = ORIENTED_EDGE ( 'NONE', *, *, #2462, .F. ) ;
#3973 = ORIENTED_EDGE ( 'NONE', *, *, #2059, .T. ) ;
#3974 = ORIENTED_EDGE ( 'NONE', *, *, #2066, .T. ) ;
#3975 = ORIENTED_EDGE ( 'NONE', *, *, #2434, .F. ) ;
#3976 = ORIENTED_EDGE ( 'NONE', *, *, #2455, .T. ) ;
#3977 = ORIENTED_EDGE ( 'NONE', *, *, #5511, .T. ) ;
#3978 = ORIENTED_EDGE ( 'NONE', *, *, #2065, .T. ) ;
#3979 = ORIENTED_EDGE ( 'NONE', *, *, #2063, .F. ) ;
#3980 = ORIENTED_EDGE ( 'NONE', *, *, #5509, .T. ) ;
#3981 = ORIENTED_EDGE ( 'NONE', *, *, #4327, .T. ) ;
#3982 = ORIENTED_EDGE ( 'NONE', *, *, #2062, .T. ) ;
#3983 = ORIENTED_EDGE ( 'NONE', *, *, #2064, .F. ) ;
#3984 = ORIENTED_EDGE ( 'NONE', *, *, #2456, .F. ) ;
#3985 = ORIENTED_EDGE ( 'NONE', *, *, #2063, .T. ) ;
#3986 = ORIENTED_EDGE ( 'NONE', *, *, #2461, .F. ) ;
#3987 = ORIENTED_EDGE ( 'NONE', *, *, #2451, .F. ) ;
#3988 = ORIENTED_EDGE ( 'NONE', *, *, #2450, .F. ) ;
#3989 = ORIENTED_EDGE ( 'NONE', *, *, #2057, .T. ) ;
#3990 = ORIENTED_EDGE ( 'NONE', *, *, #2460, .F. ) ;
#3991 = ORIENTED_EDGE ( 'NONE', *, *, #2058, .T. ) ;
#3992 = ORIENTED_EDGE ( 'NONE', *, *, #2064, .T. ) ;
#3993 = ORIENTED_EDGE ( 'NONE', *, *, #2065, .F. ) ;
#3994 = ORIENTED_EDGE ( 'NONE', *, *, #4322, .T. ) ;
#3995 = ORIENTED_EDGE ( 'NONE', *, *, #2060, .F. ) ;
#3996 = ORIENTED_EDGE ( 'NONE', *, *, #2061, .F. ) ;
#3997 = ORIENTED_EDGE ( 'NONE', *, *, #2060, .T. ) ;
#3998 = ORIENTED_EDGE ( 'NONE', *, *, #2449, .T. ) ;
#3999 = ORIENTED_EDGE ( 'NONE', *, *, #2436, .T. ) ;
#4000 = ORIENTED_EDGE ( 'NONE', *, *, #427, .T. ) ;
#4001 = ORIENTED_EDGE ( 'NONE', *, *, #2417, .F. ) ;
#4002 = ORIENTED_EDGE ( 'NONE', *, *, #430, .T. ) ;
#4003 = ORIENTED_EDGE ( 'NONE', *, *, #4259, .T. ) ;
#4004 = ORIENTED_EDGE ( 'NONE', *, *, #2402, .T. ) ;
#4005 = ORIENTED_EDGE ( 'NONE', *, *, #428, .T. ) ;
#4006 = ORIENTED_EDGE ( 'NONE', *, *, #4277, .F. ) ;
#4007 = ORIENTED_EDGE ( 'NONE', *, *, #4279, .T. ) ;
#4008 = ORIENTED_EDGE ( 'NONE', *, *, #2075, .F. ) ;
#4009 = ORIENTED_EDGE ( 'NONE', *, *, #4303, .T. ) ;
#4010 = ORIENTED_EDGE ( 'NONE', *, *, #2074, .T. ) ;
#4011 = EDGE_LOOP ( 'NONE', ( #5007, #5010, #5017, #5037 ) ) ;
#4012 = EDGE_LOOP ( 'NONE', ( #1799, #1727, #1792, #1775 ) ) ;
#4013 = EDGE_LOOP ( 'NONE', ( #3939, #3940, #3941, #3942, #3943, #3944, #3945, #4234 ) ) ;
#4014 = EDGE_LOOP ( 'NONE', ( #4976, #4975, #4974, #5003 ) ) ;
#4015 = ORIENTED_EDGE ( 'NONE', *, *, #4815, .T. ) ;
#4016 = EDGE_LOOP ( 'NONE', ( #335, #336, #333, #334 ) ) ;
#4017 = ORIENTED_EDGE ( 'NONE', *, *, #4291, .T. ) ;
#4018 = ORIENTED_EDGE ( 'NONE', *, *, #2068, .T. ) ;
#4019 = ORIENTED_EDGE ( 'NONE', *, *, #5521, .T. ) ;
#4020 = ORIENTED_EDGE ( 'NONE', *, *, #2419, .T. ) ;
#4021 = ORIENTED_EDGE ( 'NONE', *, *, #410, .F. ) ;
#4022 = ORIENTED_EDGE ( 'NONE', *, *, #3613, .T. ) ;
#4023 = EDGE_LOOP ( 'NONE', ( #4217, #3877, #3886, #3880 ) ) ;
#4024 = EDGE_LOOP ( 'NONE', ( #4186, #4164, #4010, #4008 ) ) ;
#4025 = EDGE_LOOP ( 'NONE', ( #4962, #4963, #5005, #5006, #5009 ) ) ;
#4026 = EDGE_LOOP ( 'NONE', ( #5068, #5069, #5080, #5081 ) ) ;
#4027 = EDGE_LOOP ( 'NONE', ( #1836, #1850, #1829, #1849, #1774, #1883, #1797, #1830 ) ) ;
#4028 = ORIENTED_EDGE ( 'NONE', *, *, #4280, .T. ) ;
#4029 = ORIENTED_EDGE ( 'NONE', *, *, #4261, .T. ) ;
#4030 = ORIENTED_EDGE ( 'NONE', *, *, #4252, .T. ) ;
#4031 = ORIENTED_EDGE ( 'NONE', *, *, #4806, .T. ) ;
#4032 = ORIENTED_EDGE ( 'NONE', *, *, #5538, .T. ) ;
#4033 = ORIENTED_EDGE ( 'NONE', *, *, #2075, .T. ) ;
#4034 = ORIENTED_EDGE ( 'NONE', *, *, #4323, .F. ) ;
#4035 = ORIENTED_EDGE ( 'NONE', *, *, #429, .F. ) ;
#4036 = ORIENTED_EDGE ( 'NONE', *, *, #5516, .T. ) ;
#4037 = ORIENTED_EDGE ( 'NONE', *, *, #4269, .F. ) ;
#4038 = ORIENTED_EDGE ( 'NONE', *, *, #4811, .T. ) ;
#4039 = ORIENTED_EDGE ( 'NONE', *, *, #2070, .F. ) ;
#4040 = ORIENTED_EDGE ( 'NONE', *, *, #4281, .F. ) ;
#4041 = ORIENTED_EDGE ( 'NONE', *, *, #408, .F. ) ;
#4042 = ORIENTED_EDGE ( 'NONE', *, *, #2459, .T. ) ;
#4043 = ORIENTED_EDGE ( 'NONE', *, *, #2076, .F. ) ;
#4044 = ORIENTED_EDGE ( 'NONE', *, *, #421, .F. ) ;
#4045 = ORIENTED_EDGE ( 'NONE', *, *, #2085, .F. ) ;
#4046 = ORIENTED_EDGE ( 'NONE', *, *, #2072, .T. ) ;
#4047 = ORIENTED_EDGE ( 'NONE', *, *, #403, .F. ) ;
#4048 = ORIENTED_EDGE ( 'NONE', *, *, #4787, .T. ) ;
#4049 = ORIENTED_EDGE ( 'NONE', *, *, #2070, .T. ) ;
#4050 = EDGE_LOOP ( 'NONE', ( #3934, #3936, #3833, #3947 ) ) ;
#4051 = EDGE_LOOP ( 'NONE', ( #308, #305, #323, #322 ) ) ;
#4052 = ORIENTED_EDGE ( 'NONE', *, *, #4335, .F. ) ;
#4053 = ORIENTED_EDGE ( 'NONE', *, *, #2089, .F. ) ;
#4054 = EDGE_LOOP ( 'NONE', ( #3926, #3925, #4074, #4153 ) ) ;
#4055 = EDGE_LOOP ( 'NONE', ( #250, #251, #249, #241, #235, #4999, #5001 ) ) ;
#4056 = EDGE_LOOP ( 'NONE', ( #3753, #3955, #3951, #3950 ) ) ;
#4057 = EDGE_LOOP ( 'NONE', ( #3966, #4188 ) ) ;
#4058 = EDGE_LOOP ( 'NONE', ( #4040, #4182, #4138, #4144 ) ) ;
#4059 = EDGE_LOOP ( 'NONE', ( #3907, #3851, #3849, #4020, #3875, #3854 ) ) ;
#4060 = ORIENTED_EDGE ( 'NONE', *, *, #413, .T. ) ;
#4061 = ORIENTED_EDGE ( 'NONE', *, *, #405, .F. ) ;
#4062 = ORIENTED_EDGE ( 'NONE', *, *, #417, .F. ) ;
#4063 = ORIENTED_EDGE ( 'NONE', *, *, #424, .F. ) ;
#4064 = ORIENTED_EDGE ( 'NONE', *, *, #431, .F. ) ;
#4065 = ORIENTED_EDGE ( 'NONE', *, *, #418, .T. ) ;
#4066 = ORIENTED_EDGE ( 'NONE', *, *, #415, .F. ) ;
#4067 = ORIENTED_EDGE ( 'NONE', *, *, #5523, .T. ) ;
#4068 = ORIENTED_EDGE ( 'NONE', *, *, #2412, .T. ) ;
#4069 = ORIENTED_EDGE ( 'NONE', *, *, #4266, .T. ) ;
#4070 = ORIENTED_EDGE ( 'NONE', *, *, #2402, .F. ) ;
#4071 = ORIENTED_EDGE ( 'NONE', *, *, #425, .F. ) ;
#4072 = ORIENTED_EDGE ( 'NONE', *, *, #424, .T. ) ;
#4073 = ORIENTED_EDGE ( 'NONE', *, *, #413, .F. ) ;
#4074 = ORIENTED_EDGE ( 'NONE', *, *, #2403, .F. ) ;
#4075 = ORIENTED_EDGE ( 'NONE', *, *, #432, .T. ) ;
#4076 = ORIENTED_EDGE ( 'NONE', *, *, #2401, .F. ) ;
#4077 = ORIENTED_EDGE ( 'NONE', *, *, #3595, .F. ) ;
#4078 = ORIENTED_EDGE ( 'NONE', *, *, #426, .F. ) ;
#4079 = ORIENTED_EDGE ( 'NONE', *, *, #5518, .T. ) ;
#4080 = ORIENTED_EDGE ( 'NONE', *, *, #409, .T. ) ;
#4081 = ORIENTED_EDGE ( 'NONE', *, *, #428, .F. ) ;
#4082 = ORIENTED_EDGE ( 'NONE', *, *, #4260, .F. ) ;
#4083 = ORIENTED_EDGE ( 'NONE', *, *, #4898, .F. ) ;
#4084 = ORIENTED_EDGE ( 'NONE', *, *, #2414, .F. ) ;
#4085 = ORIENTED_EDGE ( 'NONE', *, *, #2056, .F. ) ;
#4086 = ORIENTED_EDGE ( 'NONE', *, *, #4794, .T. ) ;
#4087 = ORIENTED_EDGE ( 'NONE', *, *, #2457, .F. ) ;
#4088 = ORIENTED_EDGE ( 'NONE', *, *, #2462, .T. ) ;
#4089 = ORIENTED_EDGE ( 'NONE', *, *, #2443, .F. ) ;
#4090 = ORIENTED_EDGE ( 'NONE', *, *, #2456, .T. ) ;
#4091 = ORIENTED_EDGE ( 'NONE', *, *, #2454, .T. ) ;
#4092 = ORIENTED_EDGE ( 'NONE', *, *, #2457, .T. ) ;
#4093 = ORIENTED_EDGE ( 'NONE', *, *, #2442, .F. ) ;
#4094 = ORIENTED_EDGE ( 'NONE', *, *, #2455, .F. ) ;
#4095 = ORIENTED_EDGE ( 'NONE', *, *, #2458, .T. ) ;
#4096 = ORIENTED_EDGE ( 'NONE', *, *, #4329, .F. ) ;
#4097 = ORIENTED_EDGE ( 'NONE', *, *, #2446, .T. ) ;
#4098 = ORIENTED_EDGE ( 'NONE', *, *, #2057, .F. ) ;
#4099 = ORIENTED_EDGE ( 'NONE', *, *, #2448, .T. ) ;
#4100 = ORIENTED_EDGE ( 'NONE', *, *, #2453, .F. ) ;
#4101 = ORIENTED_EDGE ( 'NONE', *, *, #4265, .F. ) ;
#4102 = ORIENTED_EDGE ( 'NONE', *, *, #4247, .T. ) ;
#4103 = ORIENTED_EDGE ( 'NONE', *, *, #2435, .F. ) ;
#4104 = ORIENTED_EDGE ( 'NONE', *, *, #2459, .F. ) ;
#4105 = ORIENTED_EDGE ( 'NONE', *, *, #2458, .F. ) ;
#4106 = ORIENTED_EDGE ( 'NONE', *, *, #2450, .T. ) ;
#4107 = ORIENTED_EDGE ( 'NONE', *, *, #2056, .T. ) ;
#4108 = ORIENTED_EDGE ( 'NONE', *, *, #2461, .T. ) ;
#4109 = ORIENTED_EDGE ( 'NONE', *, *, #2460, .T. ) ;
#4110 = ORIENTED_EDGE ( 'NONE', *, *, #2452, .F. ) ;
#4111 = ORIENTED_EDGE ( 'NONE', *, *, #420, .T. ) ;
#4112 = ORIENTED_EDGE ( 'NONE', *, *, #2097, .T. ) ;
#4113 = ORIENTED_EDGE ( 'NONE', *, *, #2100, .F. ) ;
#4114 = ORIENTED_EDGE ( 'NONE', *, *, #4295, .F. ) ;
#4115 = ORIENTED_EDGE ( 'NONE', *, *, #4799, .T. ) ;
#4116 = ORIENTED_EDGE ( 'NONE', *, *, #2449, .F. ) ;
#4117 = ORIENTED_EDGE ( 'NONE', *, *, #2452, .T. ) ;
#4118 = ORIENTED_EDGE ( 'NONE', *, *, #4316, .F. ) ;
#4119 = ORIENTED_EDGE ( 'NONE', *, *, #416, .T. ) ;
#4120 = ORIENTED_EDGE ( 'NONE', *, *, #4897, .F. ) ;
#4121 = ORIENTED_EDGE ( 'NONE', *, *, #399, .T. ) ;
#4122 = ORIENTED_EDGE ( 'NONE', *, *, #2454, .F. ) ;
#4123 = ORIENTED_EDGE ( 'NONE', *, *, #4333, .T. ) ;
#4124 = ORIENTED_EDGE ( 'NONE', *, *, #4250, .T. ) ;
#4125 = ORIENTED_EDGE ( 'NONE', *, *, #4249, .T. ) ;
#4126 = ORIENTED_EDGE ( 'NONE', *, *, #426, .T. ) ;
#4127 = ORIENTED_EDGE ( 'NONE', *, *, #4328, .T. ) ;
#4128 = ORIENTED_EDGE ( 'NONE', *, *, #2453, .T. ) ;
#4129 = ORIENTED_EDGE ( 'NONE', *, *, #2437, .F. ) ;
#4130 = ORIENTED_EDGE ( 'NONE', *, *, #2451, .T. ) ;
#4131 = ORIENTED_EDGE ( 'NONE', *, *, #410, .T. ) ;
#4132 = ORIENTED_EDGE ( 'NONE', *, *, #5526, .T. ) ;
#4133 = ORIENTED_EDGE ( 'NONE', *, *, #2078, .F. ) ;
#4134 = ORIENTED_EDGE ( 'NONE', *, *, #4270, .T. ) ;
#4135 = ORIENTED_EDGE ( 'NONE', *, *, #2102, .T. ) ;
#4136 = ORIENTED_EDGE ( 'NONE', *, *, #5508, .T. ) ;
#4137 = ORIENTED_EDGE ( 'NONE', *, *, #4778, .T. ) ;
#4138 = ORIENTED_EDGE ( 'NONE', *, *, #4282, .T. ) ;
#4139 = ORIENTED_EDGE ( 'NONE', *, *, #5515, .T. ) ;
#4140 = ORIENTED_EDGE ( 'NONE', *, *, #419, .T. ) ;
#4141 = ORIENTED_EDGE ( 'NONE', *, *, #427, .F. ) ;
#4142 = ORIENTED_EDGE ( 'NONE', *, *, #2413, .T. ) ;
#4143 = ORIENTED_EDGE ( 'NONE', *, *, #2412, .F. ) ;
#4144 = ORIENTED_EDGE ( 'NONE', *, *, #422, .F. ) ;
#4145 = ORIENTED_EDGE ( 'NONE', *, *, #5505, .T. ) ;
#4146 = EDGE_LOOP ( 'NONE', ( #78, #248, #244, #242 ) ) ;
#4147 = EDGE_LOOP ( 'NONE', ( #306, #303, #279, #304 ) ) ;
#4148 = ORIENTED_EDGE ( 'NONE', *, *, #2417, .T. ) ;
#4149 = ORIENTED_EDGE ( 'NONE', *, *, #419, .F. ) ;
#4150 = ORIENTED_EDGE ( 'NONE', *, *, #2077, .T. ) ;
#4151 = ORIENTED_EDGE ( 'NONE', *, *, #2080, .F. ) ;
#4152 = ORIENTED_EDGE ( 'NONE', *, *, #406, .F. ) ;
#4153 = ORIENTED_EDGE ( 'NONE', *, *, #4290, .T. ) ;
#4154 = ORIENTED_EDGE ( 'NONE', *, *, #4288, .F. ) ;
#4155 = ORIENTED_EDGE ( 'NONE', *, *, #423, .T. ) ;
#4156 = ORIENTED_EDGE ( 'NONE', *, *, #5506, .T. ) ;
#4157 = ORIENTED_EDGE ( 'NONE', *, *, #2066, .F. ) ;
#4158 = ORIENTED_EDGE ( 'NONE', *, *, #2083, .T. ) ;
#4159 = ORIENTED_EDGE ( 'NONE', *, *, #4263, .F. ) ;
#4160 = ORIENTED_EDGE ( 'NONE', *, *, #2434, .T. ) ;
#4161 = ORIENTED_EDGE ( 'NONE', *, *, #422, .T. ) ;
#4162 = ORIENTED_EDGE ( 'NONE', *, *, #5513, .T. ) ;
#4163 = ORIENTED_EDGE ( 'NONE', *, *, #2069, .T. ) ;
#4164 = ORIENTED_EDGE ( 'NONE', *, *, #2073, .T. ) ;
#4165 = ORIENTED_EDGE ( 'NONE', *, *, #4321, .T. ) ;
#4166 = ORIENTED_EDGE ( 'NONE', *, *, #429, .T. ) ;
#4167 = ORIENTED_EDGE ( 'NONE', *, *, #403, .T. ) ;
#4168 = ORIENTED_EDGE ( 'NONE', *, *, #2062, .F. ) ;
#4169 = ORIENTED_EDGE ( 'NONE', *, *, #2071, .F. ) ;
#4170 = ORIENTED_EDGE ( 'NONE', *, *, #2061, .T. ) ;
#4171 = ORIENTED_EDGE ( 'NONE', *, *, #4239, .F. ) ;
#4172 = ORIENTED_EDGE ( 'NONE', *, *, #425, .T. ) ;
#4173 = ORIENTED_EDGE ( 'NONE', *, *, #2409, .T. ) ;
#4174 = ORIENTED_EDGE ( 'NONE', *, *, #2076, .T. ) ;
#4175 = ORIENTED_EDGE ( 'NONE', *, *, #2079, .T. ) ;
#4176 = ORIENTED_EDGE ( 'NONE', *, *, #2067, .F. ) ;
#4177 = ORIENTED_EDGE ( 'NONE', *, *, #4824, .T. ) ;
#4178 = EDGE_LOOP ( 'NONE', ( #5028, #5027, #4983, #4982 ) ) ;
#4179 = ORIENTED_EDGE ( 'NONE', *, *, #3612, .F. ) ;
#4180 = ORIENTED_EDGE ( 'NONE', *, *, #2410, .F. ) ;
#4181 = ORIENTED_EDGE ( 'NONE', *, *, #4289, .T. ) ;
#4182 = ORIENTED_EDGE ( 'NONE', *, *, #3604, .F. ) ;
#4183 = ORIENTED_EDGE ( 'NONE', *, *, #5492, .T. ) ;
#4184 = ORIENTED_EDGE ( 'NONE', *, *, #5487, .T. ) ;
#4185 = ORIENTED_EDGE ( 'NONE', *, *, #5501, .T. ) ;
#4186 = ORIENTED_EDGE ( 'NONE', *, *, #2069, .F. ) ;
#4187 = ORIENTED_EDGE ( 'NONE', *, *, #4278, .T. ) ;
#4188 = ORIENTED_EDGE ( 'NONE', *, *, #2094, .F. ) ;
#4189 = ORIENTED_EDGE ( 'NONE', *, *, #2074, .F. ) ;
#4190 = ORIENTED_EDGE ( 'NONE', *, *, #3612, .T. ) ;
#4191 = ORIENTED_EDGE ( 'NONE', *, *, #414, .F. ) ;
#4192 = ORIENTED_EDGE ( 'NONE', *, *, #4272, .T. ) ;
#4193 = ORIENTED_EDGE ( 'NONE', *, *, #2403, .T. ) ;
#4194 = ORIENTED_EDGE ( 'NONE', *, *, #2411, .F. ) ;
#4195 = ORIENTED_EDGE ( 'NONE', *, *, #4251, .T. ) ;
#4196 = VERTEX_POINT ( 'NONE', #4738 ) ;
#4197 = VERTEX_POINT ( 'NONE', #4737 ) ;
#4198 = VERTEX_POINT ( 'NONE', #4736 ) ;
#4199 = ORIENTED_EDGE ( 'NONE', *, *, #4816, .T. ) ;
#4200 = ORIENTED_EDGE ( 'NONE', *, *, #2059, .F. ) ;
#4201 = EDGE_LOOP ( 'NONE', ( #1730, #1733, #1789, #1859 ) ) ;
#4202 = ORIENTED_EDGE ( 'NONE', *, *, #4315, .T. ) ;
#4203 = ORIENTED_EDGE ( 'NONE', *, *, #2084, .F. ) ;
#4204 = ORIENTED_EDGE ( 'NONE', *, *, #4248, .T. ) ;
#4205 = ORIENTED_EDGE ( 'NONE', *, *, #4262, .F. ) ;
#4206 = ORIENTED_EDGE ( 'NONE', *, *, #2414, .T. ) ;
#4207 = ORIENTED_EDGE ( 'NONE', *, *, #412, .F. ) ;
#4208 = ORIENTED_EDGE ( 'NONE', *, *, #4798, .T. ) ;
#4209 = ORIENTED_EDGE ( 'NONE', *, *, #4267, .F. ) ;
#4210 = ORIENTED_EDGE ( 'NONE', *, *, #407, .F. ) ;
#4211 = ORIENTED_EDGE ( 'NONE', *, *, #4286, .T. ) ;
#4212 = EDGE_LOOP ( 'NONE', ( #3987, #3999, #4106, #4110 ) ) ;
#4213 = EDGE_LOOP ( 'NONE', ( #243, #194, #291, #324, #298 ) ) ;
#4214 = EDGE_LOOP ( 'NONE', ( #4996, #5000, #5002, #75, #5008, #4993, #285, #283, #318, #302, #300, #299, #294 ) ) ;
#4215 = EDGE_LOOP ( 'NONE', ( #349, #89, #187, #301 ) ) ;
#4216 = EDGE_LOOP ( 'NONE', ( #4118, #4045, #4165, #3884, #3881, #3846 ) ) ;
#4217 = ORIENTED_EDGE ( 'NONE', *, *, #416, .F. ) ;
#4218 = ORIENTED_EDGE ( 'NONE', *, *, #5503, .T. ) ;
#4219 = EDGE_LOOP ( 'NONE', ( #281, #277, #264, #267 ) ) ;
#4220 = EDGE_LOOP ( 'NONE', ( #3909, #3920 ) ) ;
#4221 = ORIENTED_EDGE ( 'NONE', *, *, #5519, .T. ) ;
#4222 = ORIENTED_EDGE ( 'NONE', *, *, #4896, .T. ) ;
#4223 = ORIENTED_EDGE ( 'NONE', *, *, #411, .T. ) ;
#4224 = ORIENTED_EDGE ( 'NONE', *, *, #415, .T. ) ;
#4225 = EDGE_LOOP ( 'NONE', ( #93, #4915, #4914, #4916 ) ) ;
#4226 = ORIENTED_EDGE ( 'NONE', *, *, #411, .F. ) ;
#4227 = ORIENTED_EDGE ( 'NONE', *, *, #4245, .T. ) ;
#4228 = ORIENTED_EDGE ( 'NONE', *, *, #2101, .F. ) ;
#4229 = ORIENTED_EDGE ( 'NONE', *, *, #3614, .F. ) ;
#4230 = ORIENTED_EDGE ( 'NONE', *, *, #5534, .T. ) ;
#4231 = ORIENTED_EDGE ( 'NONE', *, *, #3621, .F. ) ;
#4232 = ORIENTED_EDGE ( 'NONE', *, *, #412, .T. ) ;
#4233 = ORIENTED_EDGE ( 'NONE', *, *, #4253, .F. ) ;
#4234 = ORIENTED_EDGE ( 'NONE', *, *, #2100, .T. ) ;
#4235 = ORIENTED_EDGE ( 'NONE', *, *, #2099, .T. ) ;
#4236 = EDGE_LOOP ( 'NONE', ( #4159, #3874, #4007, #4021 ) ) ;
#4237 = EDGE_CURVE ( 'NONE', #5234, #5236, #733, .T. ) ;
#4238 = EDGE_CURVE ( 'NONE', #5099, #3827, #800, .T. ) ;
#4239 = EDGE_CURVE ( 'NONE', #5194, #5196, #804, .T. ) ;
#4240 = EDGE_CURVE ( 'NONE', #3824, #4988, #808, .T. ) ;
#4241 = EDGE_CURVE ( 'NONE', #3826, #4988, #1094, .T. ) ;
#4242 = EDGE_CURVE ( 'NONE', #5234, #3827, #4720, .T. ) ;
#4243 = EDGE_CURVE ( 'NONE', #5235, #3823, #4735, .T. ) ;
#4244 = EDGE_CURVE ( 'NONE', #3826, #5245, #812, .T. ) ;
#4245 = EDGE_CURVE ( 'NONE', #5198, #5185, #829, .T. ) ;
#4246 = EDGE_CURVE ( 'NONE', #5245, #5112, #4713, .T. ) ;
#4247 = EDGE_CURVE ( 'NONE', #5235, #3817, #840, .T. ) ;
#4248 = EDGE_CURVE ( 'NONE', #5225, #5197, #4708, .T. ) ;
#4249 = EDGE_CURVE ( 'NONE', #5192, #5130, #1215, .T. ) ;
#4250 = EDGE_CURVE ( 'NONE', #5193, #5132, #833, .T. ) ;
#4251 = EDGE_CURVE ( 'NONE', #5195, #5124, #964, .T. ) ;
#4252 = EDGE_CURVE ( 'NONE', #5126, #5127, #1217, .T. ) ;
#4253 = EDGE_CURVE ( 'NONE', #5198, #5184, #1223, .T. ) ;
#4254 = EDGE_CURVE ( 'NONE', #3818, #3822, #794, .T. ) ;
#4255 = EDGE_CURVE ( 'NONE', #4989, #5235, #655, .T. ) ;
#4256 = EDGE_CURVE ( 'NONE', #5112, #3823, #664, .T. ) ;
#4257 = EDGE_CURVE ( 'NONE', #5236, #5099, #1201, .T. ) ;
#4258 = EDGE_CURVE ( 'NONE', #5192, #5110, #656, .T. ) ;
#4259 = EDGE_CURVE ( 'NONE', #5130, #5232, #682, .T. ) ;
#4260 = EDGE_CURVE ( 'NONE', #5136, #5131, #704, .T. ) ;
#4261 = EDGE_CURVE ( 'NONE', #5110, #5131, #1184, .T. ) ;
#4262 = EDGE_CURVE ( 'NONE', #5110, #5132, #1179, .T. ) ;
#4263 = EDGE_CURVE ( 'NONE', #5184, #5186, #3591, .T. ) ;
#4264 = EDGE_CURVE ( 'NONE', #5234, #3822, #1185, .T. ) ;
#4265 = EDGE_CURVE ( 'NONE', #5235, #5194, #3586, .T. ) ;
#4266 = EDGE_CURVE ( 'NONE', #4989, #5196, #3583, .T. ) ;
#4267 = EDGE_CURVE ( 'NONE', #5182, #5125, #762, .T. ) ;
#4268 = EDGE_CURVE ( 'NONE', #5184, #5127, #737, .T. ) ;
#4269 = EDGE_CURVE ( 'NONE', #5128, #5204, #3579, .T. ) ;
#4270 = EDGE_CURVE ( 'NONE', #3820, #5137, #3574, .T. ) ;
#4271 = EDGE_CURVE ( 'NONE', #5204, #5137, #781, .T. ) ;
#4272 = EDGE_CURVE ( 'NONE', #5129, #5125, #3570, .T. ) ;
#4273 = EDGE_CURVE ( 'NONE', #5133, #5225, #802, .T. ) ;
#4274 = EDGE_CURVE ( 'NONE', #5129, #5226, #769, .T. ) ;
#4275 = EDGE_CURVE ( 'NONE', #3820, #5128, #824, .T. ) ;
#4276 = EDGE_CURVE ( 'NONE', #5185, #5133, #3559, .T. ) ;
#4277 = EDGE_CURVE ( 'NONE', #5226, #5182, #3548, .T. ) ;
#4278 = EDGE_CURVE ( 'NONE', #5138, #5186, #831, .T. ) ;
#4279 = EDGE_CURVE ( 'NONE', #5127, #5138, #3554, .T. ) ;
#4280 = EDGE_CURVE ( 'NONE', #5135, #5139, #798, .T. ) ;
#4281 = EDGE_CURVE ( 'NONE', #5135, #5137, #3541, .T. ) ;
#4282 = EDGE_CURVE ( 'NONE', #5139, #5204, #3539, .T. ) ;
#4283 = EDGE_CURVE ( 'NONE', #5142, #5191, #899, .T. ) ;
#4284 = EDGE_CURVE ( 'NONE', #5191, #5144, #3529, .T. ) ;
#4285 = EDGE_CURVE ( 'NONE', #5144, #5145, #898, .T. ) ;
#4286 = EDGE_CURVE ( 'NONE', #5142, #5145, #3531, .T. ) ;
#4287 = EDGE_CURVE ( 'NONE', #5144, #5143, #3650, .T. ) ;
#4288 = EDGE_CURVE ( 'NONE', #5143, #5147, #897, .T. ) ;
#4289 = EDGE_CURVE ( 'NONE', #5134, #5147, #1069, .T. ) ;
#4290 = EDGE_CURVE ( 'NONE', #5141, #5134, #919, .T. ) ;
#4291 = EDGE_CURVE ( 'NONE', #5140, #5141, #1079, .T. ) ;
#4292 = EDGE_CURVE ( 'NONE', #5140, #5151, #896, .T. ) ;
#4293 = EDGE_CURVE ( 'NONE', #5145, #5151, #3649, .T. ) ;
#4294 = EDGE_CURVE ( 'NONE', #5149, #5146, #828, .T. ) ;
#4295 = EDGE_CURVE ( 'NONE', #5146, #5154, #889, .T. ) ;
#4296 = EDGE_CURVE ( 'NONE', #5149, #5154, #816, .T. ) ;
#4297 = EDGE_CURVE ( 'NONE', #5148, #5150, #805, .T. ) ;
#4298 = EDGE_CURVE ( 'NONE', #5150, #5157, #358, .T. ) ;
#4299 = EDGE_CURVE ( 'NONE', #5157, #5158, #785, .T. ) ;
#4300 = EDGE_CURVE ( 'NONE', #5148, #5158, #3624, .T. ) ;
#4301 = EDGE_CURVE ( 'NONE', #5155, #5156, #765, .T. ) ;
#4302 = EDGE_CURVE ( 'NONE', #5155, #5150, #372, .T. ) ;
#4303 = EDGE_CURVE ( 'NONE', #5156, #5148, #383, .T. ) ;
#4304 = EDGE_CURVE ( 'NONE', #5161, #5153, #750, .T. ) ;
#4305 = EDGE_CURVE ( 'NONE', #5161, #5158, #376, .T. ) ;
#4306 = EDGE_CURVE ( 'NONE', #5153, #5157, #362, .T. ) ;
#4307 = EDGE_CURVE ( 'NONE', #5163, #5159, #729, .T. ) ;
#4308 = EDGE_CURVE ( 'NONE', #5159, #5165, #1054, .T. ) ;
#4309 = EDGE_CURVE ( 'NONE', #5164, #5165, #713, .T. ) ;
#4310 = EDGE_CURVE ( 'NONE', #5163, #5164, #365, .T. ) ;
#4311 = EDGE_CURVE ( 'NONE', #5160, #5166, #698, .T. ) ;
#4312 = EDGE_CURVE ( 'NONE', #5160, #5169, #2214, .T. ) ;
#4313 = EDGE_CURVE ( 'NONE', #5169, #5170, #720, .T. ) ;
#4314 = EDGE_CURVE ( 'NONE', #5166, #5170, #2312, .T. ) ;
#4315 = EDGE_CURVE ( 'NONE', #5167, #5168, #679, .T. ) ;
#4316 = EDGE_CURVE ( 'NONE', #5167, #5173, #2227, .T. ) ;
#4317 = EDGE_CURVE ( 'NONE', #5173, #5174, #1075, .T. ) ;
#4318 = EDGE_CURVE ( 'NONE', #5152, #5174, #665, .T. ) ;
#4319 = EDGE_CURVE ( 'NONE', #5171, #5152, #646, .T. ) ;
#4320 = EDGE_CURVE ( 'NONE', #5171, #5177, #1067, .T. ) ;
#4321 = EDGE_CURVE ( 'NONE', #5168, #5177, #2383, .T. ) ;
#4322 = EDGE_CURVE ( 'NONE', #5175, #5162, #642, .T. ) ;
#4323 = EDGE_CURVE ( 'NONE', #5175, #5180, #2387, .T. ) ;
#4324 = EDGE_CURVE ( 'NONE', #5180, #5181, #1070, .T. ) ;
#4325 = EDGE_CURVE ( 'NONE', #5172, #5181, #931, .T. ) ;
#4326 = EDGE_CURVE ( 'NONE', #5172, #5222, #1073, .T. ) ;
#4327 = EDGE_CURVE ( 'NONE', #5162, #5222, #2350, .T. ) ;
#4328 = EDGE_CURVE ( 'NONE', #5179, #5178, #914, .T. ) ;
#4329 = EDGE_CURVE ( 'NONE', #5179, #5221, #2348, .T. ) ;
#4330 = EDGE_CURVE ( 'NONE', #5221, #5210, #1084, .T. ) ;
#4331 = EDGE_CURVE ( 'NONE', #5176, #5210, #711, .T. ) ;
#4332 = EDGE_CURVE ( 'NONE', #5176, #5212, #1085, .T. ) ;
#4333 = EDGE_CURVE ( 'NONE', #5178, #5212, #2319, .T. ) ;
#4334 = EDGE_CURVE ( 'NONE', #5200, #5237, #1083, .T. ) ;
#4335 = EDGE_CURVE ( 'NONE', #5237, #5215, #2311, .T. ) ;
#4336 = EDGE_CURVE ( 'NONE', #5215, #5216, #1074, .T. ) ;
#4337 = EDGE_CURVE ( 'NONE', #5216, #5217, #1092, .T. ) ;
#4338 = EDGE_CURVE ( 'NONE', #5217, #5218, #2294, .T. ) ;
#4339 = EDGE_CURVE ( 'NONE', #5218, #5200, #1090, .T. ) ;
#4340 = EDGE_CURVE ( 'NONE', #5214, #5213, #1078, .T. ) ;
#4341 = EDGE_CURVE ( 'NONE', #5213, #5220, #2274, .T. ) ;
#4342 = EDGE_CURVE ( 'NONE', #5220, #5227, #1071, .T. ) ;
#4343 = EDGE_CURVE ( 'NONE', #5227, #5214, #2263, .T. ) ;
#4344 = EDGE_CURVE ( 'NONE', #5170, #5169, #1051, .T. ) ;
#4345 = EDGE_CURVE ( 'NONE', #5170, #5201, #2267, .T. ) ;
#4346 = EDGE_CURVE ( 'NONE', #5219, #5201, #715, .T. ) ;
#4347 = EDGE_CURVE ( 'NONE', #5169, #5219, #2256, .T. ) ;
#4348 = EDGE_CURVE ( 'NONE', #5228, #5216, #639, .T. ) ;
#4349 = EDGE_CURVE ( 'NONE', #5228, #5209, #2250, .T. ) ;
#4350 = EDGE_CURVE ( 'NONE', #5217, #5209, #962, .T. ) ;
#4351 = EDGE_CURVE ( 'NONE', #5206, #5211, #583, .T. ) ;
#4352 = EDGE_CURVE ( 'NONE', #5211, #5238, #2237, .T. ) ;
#4353 = EDGE_CURVE ( 'NONE', #5238, #5084, #807, .T. ) ;
#4354 = EDGE_CURVE ( 'NONE', #5206, #5084, #2244, .T. ) ;
#4355 = EDGE_CURVE ( 'NONE', #5183, #5229, #559, .T. ) ;
#4356 = CARTESIAN_POINT ( 'NONE',  ( 92.95929148161205500, -7.811471545823072100, 11.79973618290585900 ) ) ;
#4357 = CARTESIAN_POINT ( 'NONE',  ( 93.21563250507115600, -7.700936857404389700, 11.87291057935211000 ) ) ;
#4358 = DIRECTION ( 'NONE',  ( 0.0000000000000000000, 0.8660254037844433700, 0.4999999999999919000 ) ) ;
#4359 = DIRECTION ( 'NONE',  ( 0.0000000000000000000, 0.4999999999999919500, -0.8660254037844432600 ) ) ;
#4360 = CARTESIAN_POINT ( 'NONE',  ( 93.00007200000004600, -7.491195408394737900, 12.97513105676665100 ) ) ;
#4361 = CARTESIAN_POINT ( 'NONE',  ( 93.47216881131900800, -7.589384949860309400, 11.94452469501630900 ) ) ;
#4362 = DIRECTION ( 'NONE',  ( 0.0000000000000000000, -0.8660254037844360400, 0.5000000000000045500 ) ) ;
#4363 = DIRECTION ( 'NONE',  ( 0.0000000000000000000, 0.5000000000000041100, 0.8660254037844364900 ) ) ;
#4364 = CARTESIAN_POINT ( 'NONE',  ( 93.00007200000004600, -7.491195408394919900, -12.97513105676654800 ) ) ;
#4365 = DIRECTION ( 'NONE',  ( 0.0000000000000000000, 0.0000000000000000000, -1.000000000000000000 ) ) ;
#4366 = DIRECTION ( 'NONE',  ( 0.0000000000000000000, -1.000000000000000000, 0.0000000000000000000 ) ) ;
#4367 = CARTESIAN_POINT ( 'NONE',  ( 93.00007200000004600, 14.98239081678971700, 0.0000000000000000000 ) ) ;
#4368 = CARTESIAN_POINT ( 'NONE',  ( 93.72884975399802000, -7.476837846185861600, 12.01456439157176000 ) ) ;
#4369 = CARTESIAN_POINT ( 'NONE',  ( 89.00007200000004600, 14.00592448119149200, 3.752876153986561400 ) ) ;
#4370 = CARTESIAN_POINT ( 'NONE',  ( 89.00007200000003100, 14.04281944807289900, 3.615182263041540400 ) ) ;
#4371 = CARTESIAN_POINT ( 'NONE',  ( 89.01268273913527200, 14.09006454560160500, 3.479188317924292800 ) ) ;
#4372 = CARTESIAN_POINT ( 'NONE',  ( 89.06001880528101800, 14.19934584004450600, 3.223263636837590400 ) ) ;
#4373 = CARTESIAN_POINT ( 'NONE',  ( 89.09468669089010000, 14.26186225781471600, 3.101366620917437100 ) ) ;
#4374 = CARTESIAN_POINT ( 'NONE',  ( 93.76963027238601000, -6.728749816007215200, 12.44896733110679300 ) ) ;
#4375 = CARTESIAN_POINT ( 'NONE',  ( 89.50007200000004600, 14.80983713014837200, 2.380908267548048900 ) ) ;
#4376 = CARTESIAN_POINT ( 'NONE',  ( 89.50007200000004600, 14.80983713014837200, -2.380908267548047500 ) ) ;
#4377 = CARTESIAN_POINT ( 'NONE',  ( 89.35356573223242500, 14.63388029985665500, -2.552396597278489700 ) ) ;
#4378 = CARTESIAN_POINT ( 'NONE',  ( 89.22780060752582200, 14.47009341850550600, -2.754471963029506900 ) ) ;
#4379 = CARTESIAN_POINT ( 'NONE',  ( 89.09486757666057600, 14.26212532829990900, -3.100971040495337200 ) ) ;
#4380 = CARTESIAN_POINT ( 'NONE',  ( 89.05942879577092700, 14.19824620402161000, -3.225471242628610700 ) ) ;
#4381 = CARTESIAN_POINT ( 'NONE',  ( 89.01221082754149400, 14.08870665455321200, -3.482744299006597100 ) ) ;
#4382 = CARTESIAN_POINT ( 'NONE',  ( 89.22864318023249600, 14.47137164505551600, 2.752427970458617000 ) ) ;
#4383 = CARTESIAN_POINT ( 'NONE',  ( 89.35339447149328900, 14.63367461243268700, 2.552597061180486900 ) ) ;
#4384 = CARTESIAN_POINT ( 'NONE',  ( 97.00007200000007400, 14.00592448119146000, 3.752876153986555600 ) ) ;
#4385 = CARTESIAN_POINT ( 'NONE',  ( 97.00007200000004600, 13.96902951431006900, 3.890570044931583200 ) ) ;
#4386 = CARTESIAN_POINT ( 'NONE',  ( 96.98746126086481900, 13.94194799641557700, 4.031966804928338800 ) ) ;
#4387 = CARTESIAN_POINT ( 'NONE',  ( 96.94012519471905900, 13.90862603301822500, 4.308244727426303400 ) ) ;
#4388 = CARTESIAN_POINT ( 'NONE',  ( 96.90545730911000500, 13.90181833100074900, 4.445068848743773100 ) ) ;
#4389 = CARTESIAN_POINT ( 'NONE',  ( 96.50007200000004600, 14.01614931439253400, 5.342991521297196100 ) ) ;
#4390 = CARTESIAN_POINT ( 'NONE',  ( 96.64674952850678800, 13.94943249567234000, 5.106223405608551100 ) ) ;
#4391 = CARTESIAN_POINT ( 'NONE',  ( 89.00007200000004600, 14.04270923707449900, -3.615593576087134500 ) ) ;
#4392 = CARTESIAN_POINT ( 'NONE',  ( 96.50007200000004600, 11.63524104684461200, 9.466845608851041800 ) ) ;
#4393 = CARTESIAN_POINT ( 'NONE',  ( 96.64657826776766600, 11.39711379697738500, 9.527380443704315000 ) ) ;
#4394 = CARTESIAN_POINT ( 'NONE',  ( 96.77234339247431200, 11.15423251404514600, 9.620489403248159400 ) ) ;
#4395 = CARTESIAN_POINT ( 'NONE',  ( 96.90527642333954400, 10.80087732601765200, 9.816582361618644700 ) ) ;
#4396 = CARTESIAN_POINT ( 'NONE',  ( 96.94071520422916400, 10.68330628055450900, 9.892463137303206400 ) ) ;
#4397 = CARTESIAN_POINT ( 'NONE',  ( 97.00007200000004600, 10.25304832720507000, 10.25304832720481800 ) ) ;
#4398 = DIRECTION ( 'NONE',  ( 0.0000000000000000000, 0.0000000000000000000, 1.000000000000000000 ) ) ;
#4399 = DIRECTION ( 'NONE',  ( 1.000000000000000000, -0.0000000000000000000, -0.0000000000000000000 ) ) ;
#4400 = CARTESIAN_POINT ( 'NONE',  ( 89.00007200000004600, 0.0000000000000000000, 0.0000000000000000000 ) ) ;
#4401 = CARTESIAN_POINT ( 'NONE',  ( 96.77150081976758100, 13.90878945745318000, 4.852013278023766100 ) ) ;
#4402 = CARTESIAN_POINT ( 'NONE',  ( 96.98793317245858200, 10.45980571980677900, 10.06049836510161200 ) ) ;
#4403 = DIRECTION ( 'NONE',  ( 0.0000000000000000000, 0.0000000000000000000, 1.000000000000000000 ) ) ;
#4404 = DIRECTION ( 'NONE',  ( -1.000000000000000000, 0.0000000000000000000, 0.0000000000000000000 ) ) ;
#4405 = CARTESIAN_POINT ( 'NONE',  ( 89.00007200000004600, 0.0000000000000000000, 0.0000000000000000000 ) ) ;
#4406 = CARTESIAN_POINT ( 'NONE',  ( 89.00007200000004600, 14.00592448119149200, -3.752876153986559600 ) ) ;
#4407 = DIRECTION ( 'NONE',  ( 0.0000000000000000000, -8.881784197001252300E-016, 1.000000000000000000 ) ) ;
#4408 = DIRECTION ( 'NONE',  ( 1.000000000000000000, -0.0000000000000000000, -0.0000000000000000000 ) ) ;
#4409 = CARTESIAN_POINT ( 'NONE',  ( 97.00007200000004600, 0.0000000000000000000, 0.0000000000000000000 ) ) ;
#4410 = CARTESIAN_POINT ( 'NONE',  ( 97.00007200000003100, 10.35354614922146900, 10.15255050518839900 ) ) ;
#4411 = DIRECTION ( 'NONE',  ( -1.000000000000000000, 0.0000000000000000000, 0.0000000000000000000 ) ) ;
#4412 = DIRECTION ( 'NONE',  ( 0.0000000000000000000, -6.217248937900876600E-015, 1.000000000000000000 ) ) ;
#4413 = DIRECTION ( 'NONE',  ( 1.000000000000000000, -0.0000000000000000000, -0.0000000000000000000 ) ) ;
#4414 = CARTESIAN_POINT ( 'NONE',  ( 89.50007200000004600, 0.0000000000000000000, 0.0000000000000000000 ) ) ;
#4415 = LINE ( 'NONE', #4432, #907 ) ;
#4416 = DIRECTION ( 'NONE',  ( 1.000000000000000000, -0.0000000000000000000, -0.0000000000000000000 ) ) ;
#4417 = CARTESIAN_POINT ( 'NONE',  ( 94.00007200000004600, 14.80983713014837000, -2.380908267548048000 ) ) ;
#4418 = CARTESIAN_POINT ( 'NONE',  ( 91.98295126624970000, 14.98239081678971600, -0.7266122851804457400 ) ) ;
#4419 = CARTESIAN_POINT ( 'NONE',  ( 92.09443187948180300, 14.97354425772082800, -0.9090240170726270300 ) ) ;
#4420 = CARTESIAN_POINT ( 'NONE',  ( 92.25415420545519400, 14.96232115170824900, -1.067720134422923700 ) ) ;
#4421 = DIRECTION ( 'NONE',  ( -1.000000000000000000, -0.0000000000000000000, -0.0000000000000000000 ) ) ;
#4422 = DIRECTION ( 'NONE',  ( 0.0000000000000000000, 0.0000000000000000000, 1.000000000000000000 ) ) ;
#4423 = CARTESIAN_POINT ( 'NONE',  ( 92.62830615468377000, 14.94586258813698100, -1.277604018792864800 ) ) ;
#4424 = LINE ( 'NONE', #4417, #983 ) ;
#4425 = CARTESIAN_POINT ( 'NONE',  ( 93.06223369800388000, 14.94192921941830400, -1.318617155164300400 ) ) ;
#4426 = CARTESIAN_POINT ( 'NONE',  ( 91.98295126624970000, 14.98239081678971700, 0.7266122851804475100 ) ) ;
#4427 = CARTESIAN_POINT ( 'NONE',  ( 91.83256700628726300, 14.99260006514720400, 0.5161025649938315600 ) ) ;
#4428 = CARTESIAN_POINT ( 'NONE',  ( 91.75009020361808600, 14.99999848303183300, 0.2578132471353066800 ) ) ;
#4429 = FACE_OUTER_BOUND ( 'NONE', #1760, .T. ) ;
#4430 = CARTESIAN_POINT ( 'NONE',  ( 91.75005380261595200, 15.00000151644867200, -0.2576366974895157900 ) ) ;
#4431 = CARTESIAN_POINT ( 'NONE',  ( 91.98295126624970000, 14.98239081678971600, -0.7266122851804457400 ) ) ;
#4432 = CARTESIAN_POINT ( 'NONE',  ( 94.00007200000004600, 14.80983713014837000, 2.380908267548049700 ) ) ;
#4433 = CARTESIAN_POINT ( 'NONE',  ( 92.93791030199632500, 14.94192921941830200, 1.318617155164281600 ) ) ;
#4434 = CARTESIAN_POINT ( 'NONE',  ( 92.84100582660615000, 14.94240519870139000, 1.313223589086394400 ) ) ;
#4435 = CARTESIAN_POINT ( 'NONE',  ( 92.74341130650866200, 14.94404052081719000, 1.294824178285884500 ) ) ;
#4436 = CARTESIAN_POINT ( 'NONE',  ( 92.55815687642093800, 14.94914596762946800, 1.234484337287136100 ) ) ;
#4437 = CARTESIAN_POINT ( 'NONE',  ( 92.47061415668363800, 14.95256648931628300, 1.193102246524727600 ) ) ;
#4438 = CARTESIAN_POINT ( 'NONE',  ( 91.98295126624970000, 14.98239081678971700, 0.7266122851804475100 ) ) ;
#4439 = CARTESIAN_POINT ( 'NONE',  ( 92.08467773938141900, 14.97431829882145500, 0.8930636672212664000 ) ) ;
#4440 = CARTESIAN_POINT ( 'NONE',  ( 92.84712010289933900, 14.94087261584691500, -1.330590073698523000 ) ) ;
#4441 = CARTESIAN_POINT ( 'NONE',  ( 89.00007200000004600, 14.00592448119149200, -3.752876153986559600 ) ) ;
#4442 = CARTESIAN_POINT ( 'NONE',  ( 89.00007200000004600, 13.96902951431006700, -3.890570044931576100 ) ) ;
#4443 = CARTESIAN_POINT ( 'NONE',  ( 89.01268273913528600, 13.94194799641557700, -4.031966804928329900 ) ) ;
#4444 = CARTESIAN_POINT ( 'NONE',  ( 89.06001880528103200, 13.90862603301822600, -4.308244727426296300 ) ) ;
#4445 = CARTESIAN_POINT ( 'NONE',  ( 89.09468669089014300, 13.90181833100075300, -4.445068848743772200 ) ) ;
#4446 = CARTESIAN_POINT ( 'NONE',  ( 89.50007200000004600, 14.01614931439253400, -5.342991521297196100 ) ) ;
#4447 = DIRECTION ( 'NONE',  ( 0.0000000000000000000, 0.0000000000000000000, 1.000000000000000000 ) ) ;
#4448 = DIRECTION ( 'NONE',  ( -1.000000000000000000, 0.0000000000000000000, 0.0000000000000000000 ) ) ;
#4449 = CARTESIAN_POINT ( 'NONE',  ( 89.00007200000004600, 0.0000000000000000000, 0.0000000000000000000 ) ) ;
#4450 = CARTESIAN_POINT ( 'NONE',  ( 92.22263289053063300, 14.96450564873510600, 1.036591067532181000 ) ) ;
#4451 = CARTESIAN_POINT ( 'NONE',  ( 89.22864318023249600, 13.90878945745318300, -4.852013278023767000 ) ) ;
#4452 = DIRECTION ( 'NONE',  ( 0.0000000000000000000, 1.243449787580175300E-014, -1.000000000000000000 ) ) ;
#4453 = DIRECTION ( 'NONE',  ( -1.000000000000000000, -0.0000000000000000000, -0.0000000000000000000 ) ) ;
#4454 = CARTESIAN_POINT ( 'NONE',  ( 88.20399305170617800, 0.0000000000000000000, 0.0000000000000000000 ) ) ;
#4455 = DIRECTION ( 'NONE',  ( 0.0000000000000000000, 0.0000000000000000000, 1.000000000000000000 ) ) ;
#4456 = DIRECTION ( 'NONE',  ( -1.000000000000000000, -0.0000000000000000000, -0.0000000000000000000 ) ) ;
#4457 = CARTESIAN_POINT ( 'NONE',  ( 91.41056700000004300, 0.0000000000000000000, 0.0000000000000000000 ) ) ;
#4458 = CARTESIAN_POINT ( 'NONE',  ( 89.35339447149330300, 13.94943249567234000, -5.106223405608553800 ) ) ;
#4459 = CARTESIAN_POINT ( 'NONE',  ( 88.70399305170617800, 0.5000000000000000000, -4.773887304912036300 ) ) ;
#4460 = CARTESIAN_POINT ( 'NONE',  ( 88.67066558521521800, 0.5000000000000000000, -4.807397069374218300 ) ) ;
#4461 = DIRECTION ( 'NONE',  ( 0.0000000000000000000, 0.0000000000000000000, 1.000000000000000000 ) ) ;
#4462 = DIRECTION ( 'NONE',  ( -1.000000000000000000, -0.0000000000000000000, -0.0000000000000000000 ) ) ;
#4463 = CARTESIAN_POINT ( 'NONE',  ( 86.40399305170613800, 0.0000000000000000000, 0.0000000000000000000 ) ) ;
#4464 = CARTESIAN_POINT ( 'NONE',  ( 88.63733620479169400, 0.5000000000000000000, -4.840904931430744200 ) ) ;
#4465 = CARTESIAN_POINT ( 'NONE',  ( 88.60400502585312700, 0.5000000000000000000, -4.874411005804048200 ) ) ;
#4466 = CARTESIAN_POINT ( 'NONE',  ( 88.70399305170617800, 0.5000000000000000000, -3.264840812186848000 ) ) ;
#4467 = CARTESIAN_POINT ( 'NONE',  ( 88.20399305170617800, 0.5000000000000000000, -2.972471263769962000 ) ) ;
#4468 = DIRECTION ( 'NONE',  ( 0.0000000000000000000, -8.881784197001252300E-015, -1.000000000000000000 ) ) ;
#4469 = DIRECTION ( 'NONE',  ( -1.000000000000000000, -0.0000000000000000000, -0.0000000000000000000 ) ) ;
#4470 = FACE_OUTER_BOUND ( 'NONE', #1761, .T. ) ;
#4471 = CARTESIAN_POINT ( 'NONE',  ( 88.20399305170617800, 0.0000000000000000000, 0.0000000000000000000 ) ) ;
#4472 = CARTESIAN_POINT ( 'NONE',  ( 88.53727877298041400, 0.5000000000000000000, -3.167466069373261500 ) ) ;
#4473 = DIRECTION ( 'NONE',  ( 0.0000000000000000000, 0.0000000000000000000, 1.000000000000000000 ) ) ;
#4474 = DIRECTION ( 'NONE',  ( -0.0000000000000000000, 0.0000000000000000000, 1.000000000000000000 ) ) ;
#4475 = CYLINDRICAL_SURFACE ( 'NONE', #924, 12.69999999999999800 ) ;
#4476 = CARTESIAN_POINT ( 'NONE',  ( 88.37060745456445000, 0.5000000000000000000, -3.070017542575994800 ) ) ;
#4477 = FACE_OUTER_BOUND ( 'NONE', #1643, .T. ) ;
#4478 = DIRECTION ( 'NONE',  ( 0.0000000000000000000, 0.0000000000000000000, -1.000000000000000000 ) ) ;
#4479 = DIRECTION ( 'NONE',  ( 0.0000000000000000000, 0.0000000000000000000, -1.000000000000000000 ) ) ;
#4480 = FACE_OUTER_BOUND ( 'NONE', #1769, .T. ) ;
#4481 = CARTESIAN_POINT ( 'NONE',  ( 88.70399305170617800, -0.5000000000000000000, 6.659504250618444300 ) ) ;
#4482 = DIRECTION ( 'NONE',  ( -1.000000000000000000, -0.0000000000000000000, -0.0000000000000000000 ) ) ;
#4483 = CARTESIAN_POINT ( 'NONE',  ( 93.72884975399802000, 13.79999999999999900, 0.4678493189881342000 ) ) ;
#4484 = PLANE ( 'NONE',  #922 ) ;
#4485 = DIRECTION ( 'NONE',  ( 1.000000000000000000, -0.0000000000000000000, -0.0000000000000000000 ) ) ;
#4486 = DIRECTION ( 'NONE',  ( -0.4586648237399935100, -0.0000000000000000000, -0.8886093514382801300 ) ) ;
#4487 = LINE ( 'NONE', #4481, #994 ) ;
#4488 = DIRECTION ( 'NONE',  ( 0.0000000000000000000, 0.0000000000000000000, -1.000000000000000000 ) ) ;
#4489 = DIRECTION ( 'NONE',  ( 0.0000000000000000000, 0.0000000000000000000, 1.000000000000000000 ) ) ;
#4490 = DIRECTION ( 'NONE',  ( 1.000000000000000000, 0.0000000000000000000, 0.0000000000000000000 ) ) ;
#4491 = CARTESIAN_POINT ( 'NONE',  ( 88.70399305170617800, 0.0000000000000000000, 0.0000000000000000000 ) ) ;
#4492 = LINE ( 'NONE', #4496, #992 ) ;
#4493 = DIRECTION ( 'NONE',  ( 0.0000000000000000000, 0.0000000000000000000, 1.000000000000000000 ) ) ;
#4494 = DIRECTION ( 'NONE',  ( 1.000000000000000000, -0.0000000000000000000, -0.0000000000000000000 ) ) ;
#4495 = CARTESIAN_POINT ( 'NONE',  ( 91.11056700000004600, 0.0000000000000000000, 0.0000000000000000000 ) ) ;
#4496 = CARTESIAN_POINT ( 'NONE',  ( 88.70399305170617800, -0.5000000000000000000, 6.659504250618444300 ) ) ;
#4497 = CARTESIAN_POINT ( 'NONE',  ( 101.0000720000000300, 9.699999999999999300, 0.0000000000000000000 ) ) ;
#4498 = FACE_OUTER_BOUND ( 'NONE', #1629, .T. ) ;
#4499 = CARTESIAN_POINT ( 'NONE',  ( -0.2602784179578964700, -0.5000000000000000000, -9.613612288161103700 ) ) ;
#4500 = DIRECTION ( 'NONE',  ( 0.0000000000000000000, 0.0000000000000000000, 1.000000000000000000 ) ) ;
#4501 = DIRECTION ( 'NONE',  ( -1.000000000000000000, -0.0000000000000000000, -0.0000000000000000000 ) ) ;
#4502 = CARTESIAN_POINT ( 'NONE',  ( 92.41056700000004300, 0.0000000000000000000, 0.0000000000000000000 ) ) ;
#4503 = DIRECTION ( 'NONE',  ( -1.000000000000000000, -0.0000000000000000000, -0.0000000000000000000 ) ) ;
#4504 = CARTESIAN_POINT ( 'NONE',  ( 91.83352027579574900, 14.99253534982948100, -0.5174369632715494200 ) ) ;
#4505 = DIRECTION ( 'NONE',  ( 0.0000000000000000000, 0.0000000000000000000, 1.000000000000000000 ) ) ;
#4506 = DIRECTION ( 'NONE',  ( -1.000000000000000000, -0.0000000000000000000, -0.0000000000000000000 ) ) ;
#4507 = CARTESIAN_POINT ( 'NONE',  ( 91.41056700000004300, 0.0000000000000000000, 0.0000000000000000000 ) ) ;
#4508 = DIRECTION ( 'NONE',  ( 0.0000000000000000000, 0.0000000000000000000, 1.000000000000000000 ) ) ;
#4509 = DIRECTION ( 'NONE',  ( -1.000000000000000000, -0.0000000000000000000, -0.0000000000000000000 ) ) ;
#4510 = CARTESIAN_POINT ( 'NONE',  ( 88.70401700000003600, 0.0000000000000000000, 0.0000000000000000000 ) ) ;
#4511 = DIRECTION ( 'NONE',  ( 0.0000000000000000000, 0.0000000000000000000, 1.000000000000000000 ) ) ;
#4512 = DIRECTION ( 'NONE',  ( 0.0000000000000000000, 0.0000000000000000000, 1.000000000000000000 ) ) ;
#4513 = DIRECTION ( 'NONE',  ( 1.000000000000000000, -0.0000000000000000000, -0.0000000000000000000 ) ) ;
#4514 = CARTESIAN_POINT ( 'NONE',  ( 100.7000720000000600, 0.0000000000000000000, 0.0000000000000000000 ) ) ;
#4515 = DIRECTION ( 'NONE',  ( 0.0000000000000000000, 0.0000000000000000000, 1.000000000000000000 ) ) ;
#4516 = CARTESIAN_POINT ( 'NONE',  ( -0.7602784179578964100, -0.5000000000000000000, -9.613612288161103700 ) ) ;
#4517 = CARTESIAN_POINT ( 'NONE',  ( 88.20399305170617800, 0.5000000000000000000, 2.972471263769962000 ) ) ;
#4518 = CARTESIAN_POINT ( 'NONE',  ( 88.70399305170617800, 0.5000000000000000000, 3.264840812186848000 ) ) ;
#4519 = DIRECTION ( 'NONE',  ( 0.0000000000000000000, 0.0000000000000000000, -1.000000000000000000 ) ) ;
#4520 = DIRECTION ( 'NONE',  ( -1.000000000000000000, -0.0000000000000000000, -0.0000000000000000000 ) ) ;
#4521 = CARTESIAN_POINT ( 'NONE',  ( 88.20399305170617800, 0.0000000000000000000, 0.0000000000000000000 ) ) ;
#4522 = CARTESIAN_POINT ( 'NONE',  ( 88.37060745456445000, 0.5000000000000000000, 3.070017542575997900 ) ) ;
#4523 = CARTESIAN_POINT ( 'NONE',  ( 88.53727877298041400, 0.5000000000000000000, 3.167466069373260100 ) ) ;
#4524 = LINE ( 'NONE', #4516, #1052 ) ;
#4525 = DIRECTION ( 'NONE',  ( 0.0000000000000000000, 0.0000000000000000000, 1.000000000000000000 ) ) ;
#4526 = CYLINDRICAL_SURFACE ( 'NONE', #913, 7.476579299099265400 ) ;
#4527 = CARTESIAN_POINT ( 'NONE',  ( 27.60589579493226300, 0.0000000000000000000, 0.0000000000000000000 ) ) ;
#4528 = CARTESIAN_POINT ( 'NONE',  ( 0.6963980372276983300, 0.0000000000000000000, 0.0000000000000000000 ) ) ;
#4529 = FACE_OUTER_BOUND ( 'NONE', #1636, .T. ) ;
#4530 = CYLINDRICAL_SURFACE ( 'NONE', #977, 9.000000000000001800 ) ;
#4531 = CARTESIAN_POINT ( 'NONE',  ( 42.57817699999996800, 1.540743955509788700E-030, 0.0000000000000000000 ) ) ;
#4532 = DIRECTION ( 'NONE',  ( -1.000000000000000000, -0.0000000000000000000, -0.0000000000000000000 ) ) ;
#4533 = DIRECTION ( 'NONE',  ( -1.000000000000000000, -0.0000000000000000000, -0.0000000000000000000 ) ) ;
#4534 = FACE_OUTER_BOUND ( 'NONE', #1557, .T. ) ;
#4535 = DIRECTION ( 'NONE',  ( 0.0000000000000000000, 0.0000000000000000000, 1.000000000000000000 ) ) ;
#4536 = CYLINDRICAL_SURFACE ( 'NONE', #597, 9.000000000000007100 ) ;
#4537 = CARTESIAN_POINT ( 'NONE',  ( -70.66685078617111100, 1.540743955509788700E-030, 0.0000000000000000000 ) ) ;
#4538 = FACE_OUTER_BOUND ( 'NONE', #4050, .T. ) ;
#4539 = DIRECTION ( 'NONE',  ( 0.0000000000000000000, 0.0000000000000000000, -1.000000000000000000 ) ) ;
#4540 = DIRECTION ( 'NONE',  ( 1.000000000000000000, 0.0000000000000000000, 0.0000000000000000000 ) ) ;
#4541 = DIRECTION ( 'NONE',  ( -1.000000000000000000, -0.0000000000000000000, -0.0000000000000000000 ) ) ;
#4542 = PLANE ( 'NONE',  #606 ) ;
#4543 = FACE_OUTER_BOUND ( 'NONE', #4057, .T. ) ;
#4544 = DIRECTION ( 'NONE',  ( 0.0000000000000000000, 0.0000000000000000000, 1.000000000000000000 ) ) ;
#4545 = DIRECTION ( 'NONE',  ( 0.0000000000000000000, 0.0000000000000000000, 1.000000000000000000 ) ) ;
#4546 = FACE_BOUND ( 'NONE', #1767, .T. ) ;
#4547 = CARTESIAN_POINT ( 'NONE',  ( 0.6963980372276983300, 0.0000000000000000000, 0.0000000000000000000 ) ) ;
#4548 = CARTESIAN_POINT ( 'NONE',  ( 31.65551498271948500, -1.380648743666006500E-018, 6.172809005006423900E-019 ) ) ;
#4549 = FACE_OUTER_BOUND ( 'NONE', #1667, .T. ) ;
#4550 = CARTESIAN_POINT ( 'NONE',  ( 0.3119750422968985400, -5.245791185050430900E-027, 0.0000000000000000000 ) ) ;
#4551 = DIRECTION ( 'NONE',  ( -1.000000000000000000, 0.0000000000000000000, 0.0000000000000000000 ) ) ;
#4552 = FACE_OUTER_BOUND ( 'NONE', #4013, .T. ) ;
#4553 = DIRECTION ( 'NONE',  ( 0.0000000000000000000, -0.0000000000000000000, -1.000000000000000000 ) ) ;
#4554 = DIRECTION ( 'NONE',  ( 0.0000000000000000000, -1.000000000000000000, 0.0000000000000000000 ) ) ;
#4555 = DIRECTION ( 'NONE',  ( -1.000000000000000000, -0.0000000000000000000, -0.0000000000000000000 ) ) ;
#4556 = PLANE ( 'NONE',  #990 ) ;
#4557 = FACE_OUTER_BOUND ( 'NONE', #1768, .T. ) ;
#4558 = DIRECTION ( 'NONE',  ( 0.0000000000000000000, -0.0000000000000000000, 1.000000000000000000 ) ) ;
#4559 = DIRECTION ( 'NONE',  ( 0.0000000000000000000, 1.000000000000000000, 0.0000000000000000000 ) ) ;
#4560 = DIRECTION ( 'NONE',  ( 0.0000000000000000000, 0.0000000000000000000, 1.000000000000000000 ) ) ;
#4561 = PLANE ( 'NONE',  #981 ) ;
#4562 = FACE_OUTER_BOUND ( 'NONE', #1613, .T. ) ;
#4563 = FACE_OUTER_BOUND ( 'NONE', #1604, .T. ) ;
#4564 = CARTESIAN_POINT ( 'NONE',  ( 91.41056700000004300, 0.0000000000000000000, 0.0000000000000000000 ) ) ;
#4565 = DIRECTION ( 'NONE',  ( 0.0000000000000000000, -0.0000000000000000000, 1.000000000000000000 ) ) ;
#4566 = CARTESIAN_POINT ( 'NONE',  ( 27.60589579493226300, 0.0000000000000000000, 0.0000000000000000000 ) ) ;
#4567 = DIRECTION ( 'NONE',  ( -1.000000000000000000, 0.0000000000000000000, -0.0000000000000000000 ) ) ;
#4568 = PLANE ( 'NONE',  #930 ) ;
#4569 = DIRECTION ( 'NONE',  ( 0.0000000000000000000, 1.000000000000000000, 0.0000000000000000000 ) ) ;
#4570 = DIRECTION ( 'NONE',  ( 0.8886093514382801300, 0.0000000000000000000, -0.4586648237399935100 ) ) ;
#4571 = CARTESIAN_POINT ( 'NONE',  ( -0.2602784179578964700, -0.5000000000000000000, -9.613612288161103700 ) ) ;
#4572 = PLANE ( 'NONE',  #1019 ) ;
#4573 = FACE_OUTER_BOUND ( 'NONE', #1648, .T. ) ;
#4574 = DIRECTION ( 'NONE',  ( 0.0000000000000000000, -0.0000000000000000000, -1.000000000000000000 ) ) ;
#4575 = DIRECTION ( 'NONE',  ( 0.0000000000000000000, -1.000000000000000000, 0.0000000000000000000 ) ) ;
#4576 = CARTESIAN_POINT ( 'NONE',  ( -0.2602784179578964700, 0.5000000000000000000, -9.613612288161103700 ) ) ;
#4577 = CARTESIAN_POINT ( 'NONE',  ( -0.2602784179578964700, 0.5000000000000000000, -9.613612288161103700 ) ) ;
#4578 = PLANE ( 'NONE',  #989 ) ;
#4579 = FACE_OUTER_BOUND ( 'NONE', #1758, .T. ) ;
#4580 = PLANE ( 'NONE',  #689 ) ;
#4581 = PLANE ( 'NONE',  #677 ) ;
#4582 = DIRECTION ( 'NONE',  ( -0.0000000000000000000, 0.0000000000000000000, 1.000000000000000000 ) ) ;
#4583 = CARTESIAN_POINT ( 'NONE',  ( 92.23051372761408100, -7.843998617804874800, 12.79177336217608000 ) ) ;
#4584 = CARTESIAN_POINT ( 'NONE',  ( 93.75603784626660800, -6.982500927932444600, 12.31181316383606900 ) ) ;
#4585 = CARTESIAN_POINT ( 'NONE',  ( -0.2774828918387035000, 7.476579299099265400, 0.0000000000000000000 ) ) ;
#4586 = DIRECTION ( 'NONE',  ( 0.0000000000000000000, 0.0000000000000000000, -1.000000000000000000 ) ) ;
#4587 = DIRECTION ( 'NONE',  ( -0.04708928653799524700, -0.8650647081692879300, -0.4994453421279721500 ) ) ;
#4588 = CARTESIAN_POINT ( 'NONE',  ( 92.23051372761408100, -7.416747051617210000, 12.05175194192565300 ) ) ;
#4589 = CARTESIAN_POINT ( 'NONE',  ( 93.52653594324519300, -6.591408614459587600, 12.52320116593538100 ) ) ;
#4590 = DIRECTION ( 'NONE',  ( 0.8415200649002865200, -0.4678493189881389700, -0.2701129302579793300 ) ) ;
#4591 = DIRECTION ( 'NONE',  ( -1.000000000000000000, -0.0000000000000000000, -0.0000000000000000000 ) ) ;
#4592 = CARTESIAN_POINT ( 'NONE',  ( 93.72884975399802000, -7.476837846185861600, 12.01456439157176000 ) ) ;
#4593 = CARTESIAN_POINT ( 'NONE',  ( 93.76963027238601000, -7.416747051617385000, -12.05175194192555000 ) ) ;
#4594 = DIRECTION ( 'NONE',  ( 1.000000000000000000, 0.0000000000000000000, 0.0000000000000000000 ) ) ;
#4595 = CARTESIAN_POINT ( 'NONE',  ( 93.04085251838803600, -7.811471545823244400, -11.79973618290575200 ) ) ;
#4596 = CARTESIAN_POINT ( 'NONE',  ( 92.23051372761408100, -6.728749816007398200, -12.44896733110670400 ) ) ;
#4597 = FACE_BOUND ( 'NONE', #1651, .T. ) ;
#4598 = PLANE ( 'NONE',  #672 ) ;
#4599 = DIRECTION ( 'NONE',  ( 0.0000000000000000000, 0.0000000000000000000, -1.000000000000000000 ) ) ;
#4600 = CARTESIAN_POINT ( 'NONE',  ( 92.27129424600207100, -7.476837846186038300, -12.01456439157166000 ) ) ;
#4601 = DIRECTION ( 'NONE',  ( 0.0000000000000000000, 0.0000000000000000000, -1.000000000000000000 ) ) ;
#4602 = DIRECTION ( 'NONE',  ( -1.000000000000000000, -0.0000000000000000000, -0.0000000000000000000 ) ) ;
#4603 = FACE_BOUND ( 'NONE', #1644, .T. ) ;
#4604 = CARTESIAN_POINT ( 'NONE',  ( 15.87817699999999400, 7.900000000000000400, 0.0000000000000000000 ) ) ;
#4605 = DIRECTION ( 'NONE',  ( 0.0000000000000000000, -0.4999999999999919500, 0.8660254037844432600 ) ) ;
#4606 = CARTESIAN_POINT ( 'NONE',  ( 92.23051372761408100, -7.843998617804874800, 12.79177336217608000 ) ) ;
#4607 = DIRECTION ( 'NONE',  ( 1.000000000000000000, 0.0000000000000000000, 0.0000000000000000000 ) ) ;
#4608 = FACE_OUTER_BOUND ( 'NONE', #1640, .T. ) ;
#4609 = CARTESIAN_POINT ( 'NONE',  ( -0.7602784179578964100, 0.5000000000000000000, -9.613612288161103700 ) ) ;
#4610 = DIRECTION ( 'NONE',  ( -0.0000000000000000000, -0.0000000000000000000, -1.000000000000000000 ) ) ;
#4611 = CARTESIAN_POINT ( 'NONE',  ( 93.74244010460329000, -6.920931915128141700, -12.34652841959816200 ) ) ;
#4612 = LINE ( 'NONE', #4609, #668 ) ;
#4613 = CARTESIAN_POINT ( 'NONE',  ( 92.52797518868108300, -7.589384949860486200, -11.94452469501618500 ) ) ;
#4614 = CARTESIAN_POINT ( 'NONE',  ( 92.27129424600207100, -6.666499055411906100, 12.48241371055989100 ) ) ;
#4615 = LINE ( 'NONE', #4583, #625 ) ;
#4616 = DIRECTION ( 'NONE',  ( 0.04708928653799347700, 0.8650647081692878200, 0.4994453421279726500 ) ) ;
#4617 = LINE ( 'NONE', #4673, #879 ) ;
#4618 = CARTESIAN_POINT ( 'NONE',  ( 93.00007200000004600, -7.499999999999879200, 12.99038105676664900 ) ) ;
#4619 = CARTESIAN_POINT ( 'NONE',  ( 92.47360805675489800, -7.549706039172929400, 11.96992788981342500 ) ) ;
#4620 = CARTESIAN_POINT ( 'NONE',  ( 92.71655614958099500, -7.681292881022836000, 11.88591496861749500 ) ) ;
#4621 = CARTESIAN_POINT ( 'NONE',  ( 92.95929148161205500, -7.649168013191862200, 11.51861821814068400 ) ) ;
#4622 = CARTESIAN_POINT ( 'NONE',  ( 92.95929148161205500, -7.811471545823072100, 11.79973618290585900 ) ) ;
#4623 = CARTESIAN_POINT ( 'NONE',  ( 93.74244010460327600, -7.231941302354422300, 12.16696706616257600 ) ) ;
#4624 = CARTESIAN_POINT ( 'NONE',  ( 93.47216881131900800, -6.549569347084482000, -12.54486251318649800 ) ) ;
#4625 = CARTESIAN_POINT ( 'NONE',  ( 42.87817699999998700, 7.900000000000000400, 0.0000000000000000000 ) ) ;
#4626 = DIRECTION ( 'NONE',  ( 0.0000000000000000000, -0.4999999999999919500, 0.8660254037844432600 ) ) ;
#4627 = CARTESIAN_POINT ( 'NONE',  ( 93.72884975399802000, -6.666499055412084700, -12.48241371055979900 ) ) ;
#4628 = CARTESIAN_POINT ( 'NONE',  ( 92.27129424600207100, -7.476837846186038300, -12.01456439157166000 ) ) ;
#4629 = CARTESIAN_POINT ( 'NONE',  ( 93.04085251838803600, -6.313135519439122800, 12.66480089107513500 ) ) ;
#4630 = CARTESIAN_POINT ( 'NONE',  ( 92.47360805675489800, -6.591408614459767000, -12.52320116593528400 ) ) ;
#4631 = CARTESIAN_POINT ( 'NONE',  ( 92.71655614958098100, -6.452857869532999200, -12.59515225318310300 ) ) ;
#4632 = CARTESIAN_POINT ( 'NONE',  ( 92.78451149492893500, -7.700936857404564700, -11.87291057935198800 ) ) ;
#4633 = CARTESIAN_POINT ( 'NONE',  ( 92.95929148161205500, -6.313135519439304800, -12.66480089107504300 ) ) ;
#4634 = LINE ( 'NONE', #4636, #641 ) ;
#4635 = FACE_OUTER_BOUND ( 'NONE', #1588, .T. ) ;
#4636 = CARTESIAN_POINT ( 'NONE',  ( 93.76963027238601000, -7.243998617805053700, -11.75254287763464600 ) ) ;
#4637 = CARTESIAN_POINT ( 'NONE',  ( 92.78451149492893500, -6.431773749877498500, 12.60566224112828100 ) ) ;
#4638 = DIRECTION ( 'NONE',  ( 0.0000000000000000000, -0.5000000000000040000, -0.8660254037844363800 ) ) ;
#4639 = CARTESIAN_POINT ( 'NONE',  ( 93.76963027238601000, -7.843998617805058700, -12.79177336217597000 ) ) ;
#4640 = CARTESIAN_POINT ( 'NONE',  ( 92.23051372761408100, -7.416747051617210000, 12.05175194192565300 ) ) ;
#4641 = DIRECTION ( 'NONE',  ( -0.8415200649002864100, -0.4678493189881354800, 0.2701129302579859900 ) ) ;
#4642 = CARTESIAN_POINT ( 'NONE',  ( -0.2774828918387035000, 7.476579299099265400, 0.0000000000000000000 ) ) ;
#4643 = FACE_OUTER_BOUND ( 'NONE', #1603, .T. ) ;
#4644 = DIRECTION ( 'NONE',  ( -0.0000000000000000000, 0.0000000000000000000, 1.000000000000000000 ) ) ;
#4645 = CARTESIAN_POINT ( 'NONE',  ( 86.36129646089580100, 0.0000000000000000000, 0.0000000000000000000 ) ) ;
#4646 = CARTESIAN_POINT ( 'NONE',  ( 93.28358785041911000, -7.681292881022995000, -11.88591496861738500 ) ) ;
#4647 = CARTESIAN_POINT ( 'NONE',  ( 93.52653594324519300, -7.549706039173091000, -11.96992788981331800 ) ) ;
#4648 = CARTESIAN_POINT ( 'NONE',  ( 93.04085251838803600, -7.811471545823244400, -11.79973618290575200 ) ) ;
#4649 = CARTESIAN_POINT ( 'NONE',  ( 92.52797518868108300, -6.549569347084293700, 12.54486251318659400 ) ) ;
#4650 = CARTESIAN_POINT ( 'NONE',  ( 92.23051372761408100, -6.728749816007398200, -12.44896733110670400 ) ) ;
#4651 = CARTESIAN_POINT ( 'NONE',  ( 92.24410615373348300, -6.982500927932626700, -12.31181316383595900 ) ) ;
#4652 = CARTESIAN_POINT ( 'NONE',  ( 93.28358785041911000, -6.452857869532817100, 12.59515225318319600 ) ) ;
#4653 = CARTESIAN_POINT ( 'NONE',  ( 93.76963027238601000, -7.416747051617385000, -12.05175194192555000 ) ) ;
#4654 = FACE_OUTER_BOUND ( 'NONE', #1652, .T. ) ;
#4655 = PLANE ( 'NONE',  #658 ) ;
#4656 = DIRECTION ( 'NONE',  ( -1.000000000000000000, 0.0000000000000000000, -0.0000000000000000000 ) ) ;
#4657 = CARTESIAN_POINT ( 'NONE',  ( 92.23051372761408100, -7.243998617804884100, 11.75254287763474900 ) ) ;
#4658 = CARTESIAN_POINT ( 'NONE',  ( 92.25770389539683000, -7.231941302354602600, -12.16696706616246200 ) ) ;
#4659 = CARTESIAN_POINT ( 'NONE',  ( 93.76963027238601000, -6.728749816007215200, 12.44896733110679300 ) ) ;
#4660 = CARTESIAN_POINT ( 'NONE',  ( 93.72884975399802000, -6.666499055412084700, -12.48241371055979900 ) ) ;
#4661 = LINE ( 'NONE', #4621, #624 ) ;
#4662 = PLANE ( 'NONE',  #681 ) ;
#4663 = LINE ( 'NONE', #4665, #628 ) ;
#4664 = LINE ( 'NONE', #4639, #649 ) ;
#4665 = CARTESIAN_POINT ( 'NONE',  ( 93.72884975399802000, -7.305169395386864800, 11.71722591273125300 ) ) ;
#4666 = CARTESIAN_POINT ( 'NONE',  ( 93.72884975399802000, -7.905169395386855600, 12.75645639727258600 ) ) ;
#4667 = CARTESIAN_POINT ( 'NONE',  ( 89.20007199999994900, 0.0000000000000000000, 0.0000000000000000000 ) ) ;
#4668 = LINE ( 'NONE', #4670, #1022 ) ;
#4669 = LINE ( 'NONE', #4606, #626 ) ;
#4670 = CARTESIAN_POINT ( 'NONE',  ( 93.76963027238601000, -6.556001382194889300, 12.14975826681588900 ) ) ;
#4671 = DIRECTION ( 'NONE',  ( 0.0000000000000000000, -0.4999999999999919500, 0.8660254037844432600 ) ) ;
#4672 = CARTESIAN_POINT ( 'NONE',  ( -0.7602784179578970800, 0.0000000000000000000, 0.0000000000000000000 ) ) ;
#4673 = CARTESIAN_POINT ( 'NONE',  ( 93.76963027238601000, -7.156001382194879100, 13.18898875135722000 ) ) ;
#4674 = DIRECTION ( 'NONE',  ( -0.8415200649002864100, 0.4678493189881393100, 0.2701129302579795000 ) ) ;
#4675 = LINE ( 'NONE', #4677, #886 ) ;
#4676 = LINE ( 'NONE', #4679, #900 ) ;
#4677 = CARTESIAN_POINT ( 'NONE',  ( 93.04085251838803600, -6.150831986807910200, 12.38368292630995300 ) ) ;
#4678 = DIRECTION ( 'NONE',  ( 0.0000000000000000000, -0.4999999999999919500, 0.8660254037844432600 ) ) ;
#4679 = CARTESIAN_POINT ( 'NONE',  ( 92.27129424600207100, -6.494830604612908500, 12.18507523171938300 ) ) ;
#4680 = DIRECTION ( 'NONE',  ( 0.0000000000000000000, -0.4999999999999919500, 0.8660254037844432600 ) ) ;
#4681 = DIRECTION ( 'NONE',  ( 1.000000000000000000, 0.0000000000000000000, 0.0000000000000000000 ) ) ;
#4682 = LINE ( 'NONE', #4687, #635 ) ;
#4683 = LINE ( 'NONE', #4688, #620 ) ;
#4684 = CARTESIAN_POINT ( 'NONE',  ( 93.75603784626662200, -7.171092502563417300, -12.20292976745597700 ) ) ;
#4685 = DIRECTION ( 'NONE',  ( 0.04708928653799347700, 0.8650647081692878200, 0.4994453421279726500 ) ) ;
#4686 = DIRECTION ( 'NONE',  ( 0.8886093514382797900, 0.3972153891811487900, 0.2293324118699932900 ) ) ;
#4687 = CARTESIAN_POINT ( 'NONE',  ( 92.27129424600207100, -7.094830604612898400, 13.22430571626071400 ) ) ;
#4688 = CARTESIAN_POINT ( 'NONE',  ( 93.72884975399802000, -7.905169395386855600, 12.75645639727258600 ) ) ;
#4689 = DIRECTION ( 'NONE',  ( 0.0000000000000000000, -0.4999999999999919500, 0.8660254037844432600 ) ) ;
#4690 = DIRECTION ( 'NONE',  ( -0.8886093514382801300, -0.3972153891811484600, -0.2293324118699930900 ) ) ;
#4691 = CARTESIAN_POINT ( 'NONE',  ( 93.04085251838803600, -6.313135519439122800, 12.66480089107513500 ) ) ;
#4692 = CARTESIAN_POINT ( 'NONE',  ( 92.27129424600207100, -6.666499055411906100, 12.48241371055989100 ) ) ;
#4693 = LINE ( 'NONE', #4666, #631 ) ;
#4694 = CARTESIAN_POINT ( 'NONE',  ( 92.24410615373346900, -7.171092502563234400, 12.20292976745608700 ) ) ;
#4695 = CARTESIAN_POINT ( 'NONE',  ( 92.25770389539681600, -6.920931915127956900, 12.34652841959827400 ) ) ;
#4696 = LINE ( 'NONE', #4657, #636 ) ;
#4697 = CARTESIAN_POINT ( 'NONE',  ( 92.95929148161205500, -6.313135519439304800, -12.66480089107504300 ) ) ;
#4698 = CARTESIAN_POINT ( 'NONE',  ( 93.21563250507115600, -6.431773749877687700, -12.60566224112818500 ) ) ;
#4699 = DIRECTION ( 'NONE',  ( 0.0000000000000000000, -0.4999999999999919500, 0.8660254037844432600 ) ) ;
#4700 = FACE_OUTER_BOUND ( 'NONE', #1634, .T. ) ;
#4701 = DIRECTION ( 'NONE',  ( -1.000000000000000000, 0.0000000000000000000, -0.0000000000000000000 ) ) ;
#4702 = CYLINDRICAL_SURFACE ( 'NONE', #699, 1.249999999999997100 ) ;
#4703 = DIRECTION ( 'NONE',  ( 0.7071067811865393600, 0.0000000000000000000, -0.7071067811865556800 ) ) ;
#4704 = DIRECTION ( 'NONE',  ( 0.0000000000000000000, 0.0000000000000000000, -1.000000000000000000 ) ) ;
#4705 = DIRECTION ( 'NONE',  ( -1.000000000000000000, -0.0000000000000000000, -0.0000000000000000000 ) ) ;
#4706 = CARTESIAN_POINT ( 'NONE',  ( -0.2774828918387026200, 0.0000000000000000000, 0.0000000000000000000 ) ) ;
#4707 = CARTESIAN_POINT ( 'NONE',  ( -10.65463392176689600, -0.5000000000000000000, 7.733854149129011400 ) ) ;
#4708 = LINE ( 'NONE', #4707, #826 ) ;
#4709 = DIRECTION ( 'NONE',  ( 0.0000000000000000000, 1.243449787580175300E-014, 1.000000000000000000 ) ) ;
#4710 = DIRECTION ( 'NONE',  ( 1.000000000000000000, -0.0000000000000000000, -0.0000000000000000000 ) ) ;
#4711 = CARTESIAN_POINT ( 'NONE',  ( 88.40401700000003900, 0.0000000000000000000, 0.0000000000000000000 ) ) ;
#4712 = CARTESIAN_POINT ( 'NONE',  ( 88.70401700000003600, 0.0000000000000000000, -5.000000000000004400 ) ) ;
#4713 = LINE ( 'NONE', #4712, #820 ) ;
#4714 = DIRECTION ( 'NONE',  ( 0.7071067811865393600, 8.659560562355032700E-017, 0.7071067811865556800 ) ) ;
#4715 = CARTESIAN_POINT ( 'NONE',  ( 88.70401700000003600, 6.123233995736772200E-016, 5.000000000000004400 ) ) ;
#4716 = DIRECTION ( 'NONE',  ( 0.7071067811865515700, 8.659560562354884800E-017, 0.7071067811865435800 ) ) ;
#4717 = CARTESIAN_POINT ( 'NONE',  ( 91.41056700000004300, 8.327598234201994200E-016, 6.799999999999993600 ) ) ;
#4718 = CARTESIAN_POINT ( 'NONE',  ( 88.60400502585304100, -0.5000000000000000000, -4.874411005804129900 ) ) ;
#4719 = CARTESIAN_POINT ( 'NONE',  ( 88.53733485005946600, -0.5000000000000000000, -4.807390998118707500 ) ) ;
#4720 = LINE ( 'NONE', #4717, #773 ) ;
#4721 = DIRECTION ( 'NONE',  ( 0.0000000000000000000, 0.0000000000000000000, 1.000000000000000000 ) ) ;
#4722 = DIRECTION ( 'NONE',  ( 1.000000000000000000, 0.0000000000000000000, 0.0000000000000000000 ) ) ;
#4723 = CARTESIAN_POINT ( 'NONE',  ( 88.60400502585311200, 0.0000000000000000000, 0.0000000000000000000 ) ) ;
#4724 = CARTESIAN_POINT ( 'NONE',  ( 88.47067184791455900, -0.5000000000000000000, -4.740363835842248200 ) ) ;
#4725 = DIRECTION ( 'NONE',  ( 0.0000000000000000000, 0.0000000000000000000, -1.000000000000000000 ) ) ;
#4726 = DIRECTION ( 'NONE',  ( -1.000000000000000000, -0.0000000000000000000, -0.0000000000000000000 ) ) ;
#4727 = CARTESIAN_POINT ( 'NONE',  ( 88.20399305170617800, 0.0000000000000000000, 0.0000000000000000000 ) ) ;
#4728 = DIRECTION ( 'NONE',  ( 0.0000000000000000000, 0.0000000000000000000, 1.000000000000000000 ) ) ;
#4729 = DIRECTION ( 'NONE',  ( -1.000000000000000000, -0.0000000000000000000, -0.0000000000000000000 ) ) ;
#4730 = CARTESIAN_POINT ( 'NONE',  ( 91.41056700000004300, 0.0000000000000000000, 0.0000000000000000000 ) ) ;
#4731 = CARTESIAN_POINT ( 'NONE',  ( 88.40401700000003900, -0.5000000000000000000, -4.673328578219171800 ) ) ;
#4732 = DIRECTION ( 'NONE',  ( 0.0000000000000000000, 0.0000000000000000000, 1.000000000000000000 ) ) ;
#4733 = DIRECTION ( 'NONE',  ( 1.000000000000000000, -0.0000000000000000000, -0.0000000000000000000 ) ) ;
#4734 = CARTESIAN_POINT ( 'NONE',  ( 91.11056700000004600, 0.0000000000000000000, 0.0000000000000000000 ) ) ;
#4735 = LINE ( 'NONE', #4715, #806 ) ;
#4736 = CARTESIAN_POINT ( 'NONE',  ( 96.50007200000004600, 2.380908267548000900, -14.80983713014837700 ) ) ;
#4737 = CARTESIAN_POINT ( 'NONE',  ( 89.50007200000004600, -9.466845608851247800, -11.63524104684444500 ) ) ;
#4738 = CARTESIAN_POINT ( 'NONE',  ( 96.50007200000004600, -5.342991521297240500, -14.01614931439251600 ) ) ;
#4739 = CARTESIAN_POINT ( 'NONE',  ( 101.0000720000000300, 0.0000000000000000000, -9.999999999999987600 ) ) ;
#4740 = CARTESIAN_POINT ( 'NONE',  ( 91.41056700000004300, 8.327598234201994200E-016, 6.799999999999993600 ) ) ;
#4741 = CARTESIAN_POINT ( 'NONE',  ( 88.40401700000003900, -0.5000000000000000000, -4.673328578219171800 ) ) ;
#4742 = CARTESIAN_POINT ( 'NONE',  ( 101.0000720000000300, 1.224646799147351700E-015, 9.999999999999987600 ) ) ;
#4743 = CARTESIAN_POINT ( 'NONE',  ( 88.60400502585312700, -0.5000000000000000000, 4.874411005804048200 ) ) ;
#4744 = CARTESIAN_POINT ( 'NONE',  ( 88.70401700000003600, 6.123233995736772200E-016, 5.000000000000004400 ) ) ;
#4745 = CARTESIAN_POINT ( 'NONE',  ( 88.70401700000005000, 0.0000000000000000000, 6.500000000000002700 ) ) ;
#4746 = CARTESIAN_POINT ( 'NONE',  ( 92.41056700000004300, 1.187907395172932400E-015, -9.699999999999999300 ) ) ;
#4747 = CARTESIAN_POINT ( 'NONE',  ( 15.87817699999999400, 0.0000000000000000000, 9.000000000000001800 ) ) ;
#4748 = CARTESIAN_POINT ( 'NONE',  ( 96.90007200000005100, 1.561424668912875300E-015, 12.69999999999999900 ) ) ;
#4749 = CARTESIAN_POINT ( 'NONE',  ( 88.70401700000005000, 7.960204194457798400E-016, -6.500000000000002700 ) ) ;
#4750 = CARTESIAN_POINT ( 'NONE',  ( 88.40401700000003900, -0.5000000000000000000, 4.673328578219171800 ) ) ;
#4751 = CARTESIAN_POINT ( 'NONE',  ( 89.00007200000004600, 14.00592448119149200, 3.752876153986561400 ) ) ;
#4752 = CARTESIAN_POINT ( 'NONE',  ( 89.00007200000004600, 3.752876153986704800, 14.00592448119144800 ) ) ;
#4753 = CARTESIAN_POINT ( 'NONE',  ( 89.50007200000004600, 5.342991521297341800, 14.01614931439247500 ) ) ;
#4754 = CARTESIAN_POINT ( 'NONE',  ( 91.98295126624970000, -6.861930710726603900, 13.33843719935687000 ) ) ;
#4755 = CARTESIAN_POINT ( 'NONE',  ( 96.50007200000004600, -14.80983713014838800, -2.380908267547946300 ) ) ;
#4756 = CARTESIAN_POINT ( 'NONE',  ( 97.00007200000004600, -10.25304832720499900, -10.25304832720489000 ) ) ;
#4757 = CARTESIAN_POINT ( 'NONE',  ( 97.00007200000004600, 3.752876153986707000, 14.00592448119145500 ) ) ;
#4758 = CARTESIAN_POINT ( 'NONE',  ( 89.50007200000004600, 9.466845608851326000, 11.63524104684438000 ) ) ;
#4759 = CARTESIAN_POINT ( 'NONE',  ( 89.50007200000004600, -11.63524104684441500, 9.466845608851286900 ) ) ;
#4760 = CARTESIAN_POINT ( 'NONE',  ( 96.50007200000004600, -5.342991521297045100, 14.01614931439258900 ) ) ;
#4761 = CARTESIAN_POINT ( 'NONE',  ( 89.00007200000004600, -3.752876153986413500, 14.00592448119153000 ) ) ;
#4762 = CARTESIAN_POINT ( 'NONE',  ( 96.50007200000004600, -9.466845608851086200, 11.63524104684457900 ) ) ;
#4763 = CARTESIAN_POINT ( 'NONE',  ( 89.50007200000004600, -5.342991521297049600, 14.01614931439259100 ) ) ;
#4764 = CARTESIAN_POINT ( 'NONE',  ( 89.50007200000004600, -14.80983713014835400, 2.380908267548151000 ) ) ;
#4765 = CARTESIAN_POINT ( 'NONE',  ( 91.98295126624970000, -8.120460106062873600, 12.61182491417643300 ) ) ;
#4766 = CARTESIAN_POINT ( 'NONE',  ( 97.00007200000004600, -14.00592448119146700, 3.752876153986658200 ) ) ;
#4767 = CARTESIAN_POINT ( 'NONE',  ( 96.50007200000004600, -11.63524104684441700, 9.466845608851286900 ) ) ;
#4768 = CARTESIAN_POINT ( 'NONE',  ( 89.50007200000004600, -9.466845608851086200, 11.63524104684457900 ) ) ;
#4769 = CARTESIAN_POINT ( 'NONE',  ( 89.00007200000004600, -10.25304832720485100, 10.25304832720502700 ) ) ;
#4770 = CARTESIAN_POINT ( 'NONE',  ( 96.50007200000004600, -14.01614931439249600, 5.342991521297290300 ) ) ;
#4771 = CARTESIAN_POINT ( 'NONE',  ( 96.50007200000004600, -14.80983713014835400, 2.380908267548151400 ) ) ;
#4772 = CARTESIAN_POINT ( 'NONE',  ( 89.50007200000004600, -14.01614931439256900, -5.342991521297098400 ) ) ;
#4773 = CARTESIAN_POINT ( 'NONE',  ( 96.50007200000004600, 2.380908267548200700, 14.80983713014834700 ) ) ;
#4774 = CARTESIAN_POINT ( 'NONE',  ( 89.50007200000004600, 2.380908267548203000, 14.80983713014834700 ) ) ;
#4775 = EDGE_CURVE ( 'NONE', #3791, #3801, #556, .T. ) ;
#4776 = EDGE_CURVE ( 'NONE', #3801, #3797, #1088, .T. ) ;
#4777 = EDGE_CURVE ( 'NONE', #3797, #3800, #580, .T. ) ;
#4778 = EDGE_CURVE ( 'NONE', #3815, #3793, #1076, .T. ) ;
#4779 = EDGE_CURVE ( 'NONE', #3800, #3791, #1093, .T. ) ;
#4780 = EDGE_CURVE ( 'NONE', #3799, #3798, #1091, .T. ) ;
#4781 = EDGE_CURVE ( 'NONE', #3819, #5207, #2176, .T. ) ;
#4782 = EDGE_CURVE ( 'NONE', #3798, #3806, #585, .T. ) ;
#4783 = EDGE_CURVE ( 'NONE', #3806, #3804, #1068, .T. ) ;
#4784 = EDGE_CURVE ( 'NONE', #5242, #5207, #1016, .T. ) ;
#4785 = EDGE_CURVE ( 'NONE', #5190, #5242, #2161, .T. ) ;
#4786 = EDGE_CURVE ( 'NONE', #3805, #3799, #2162, .T. ) ;
#4787 = EDGE_CURVE ( 'NONE', #3793, #3794, #2151, .T. ) ;
#4788 = EDGE_CURVE ( 'NONE', #3804, #3799, #956, .T. ) ;
#4789 = EDGE_CURVE ( 'NONE', #5208, #5243, #2147, .T. ) ;
#4790 = EDGE_CURVE ( 'NONE', #5208, #5244, #932, .T. ) ;
#4791 = EDGE_CURVE ( 'NONE', #5181, #5172, #1072, .T. ) ;
#4792 = EDGE_CURVE ( 'NONE', #5210, #5176, #1089, .T. ) ;
#4793 = EDGE_CURVE ( 'NONE', #3804, #3807, #1924, .T. ) ;
#4794 = EDGE_CURVE ( 'NONE', #5212, #3813, #1081, .T. ) ;
#4795 = EDGE_CURVE ( 'NONE', #5207, #5242, #1035, .T. ) ;
#4796 = EDGE_CURVE ( 'NONE', #5190, #3819, #1033, .T. ) ;
#4797 = EDGE_CURVE ( 'NONE', #5246, #5171, #1077, .T. ) ;
#4798 = EDGE_CURVE ( 'NONE', #3813, #3802, #1082, .T. ) ;
#4799 = EDGE_CURVE ( 'NONE', #3802, #5221, #1888, .T. ) ;
#4800 = EDGE_CURVE ( 'NONE', #5229, #3791, #842, .T. ) ;
#4801 = EDGE_CURVE ( 'NONE', #3791, #3805, #1905, .T. ) ;
#4802 = EDGE_CURVE ( 'NONE', #3805, #3807, #811, .T. ) ;
#4803 = EDGE_CURVE ( 'NONE', #3807, #5229, #1904, .T. ) ;
#4804 = EDGE_CURVE ( 'NONE', #5241, #5244, #2010, .T. ) ;
#4805 = EDGE_CURVE ( 'NONE', #5241, #5243, #940, .T. ) ;
#4806 = EDGE_CURVE ( 'NONE', #5243, #5247, #1894, .T. ) ;
#4807 = EDGE_CURVE ( 'NONE', #3816, #5241, #1891, .T. ) ;
#4808 = EDGE_CURVE ( 'NONE', #5247, #3816, #968, .T. ) ;
#4809 = EDGE_CURVE ( 'NONE', #5239, #5240, #1906, .T. ) ;
#4810 = EDGE_CURVE ( 'NONE', #5231, #5239, #1012, .T. ) ;
#4811 = EDGE_CURVE ( 'NONE', #3810, #5231, #1901, .T. ) ;
#4812 = EDGE_CURVE ( 'NONE', #5240, #3810, #1037, .T. ) ;
#4813 = EDGE_CURVE ( 'NONE', #3809, #5239, #1966, .T. ) ;
#4814 = EDGE_CURVE ( 'NONE', #3809, #3814, #832, .T. ) ;
#4815 = EDGE_CURVE ( 'NONE', #5231, #3814, #1956, .T. ) ;
#4816 = EDGE_CURVE ( 'NONE', #5247, #3809, #1902, .T. ) ;
#4817 = EDGE_CURVE ( 'NONE', #5174, #5246, #1889, .T. ) ;
#4818 = EDGE_CURVE ( 'NONE', #5246, #5152, #1928, .T. ) ;
#4819 = EDGE_CURVE ( 'NONE', #3815, #5247, #810, .T. ) ;
#4820 = EDGE_CURVE ( 'NONE', #5183, #5211, #1934, .T. ) ;
#4821 = EDGE_CURVE ( 'NONE', #5229, #5206, #1903, .T. ) ;
#4822 = EDGE_CURVE ( 'NONE', #3814, #3815, #1887, .T. ) ;
#4823 = EDGE_CURVE ( 'NONE', #3810, #5183, #791, .T. ) ;
#4824 = EDGE_CURVE ( 'NONE', #3794, #3810, #1886, .T. ) ;
#4825 = EDGE_CURVE ( 'NONE', #5211, #3794, #797, .T. ) ;
#4826 = ADVANCED_FACE ( 'NONE', ( #1574, #1591 ), #1576, .T. ) ;
#4827 = ADVANCED_FACE ( 'NONE', ( #1558 ), #1554, .T. ) ;
#4828 = ADVANCED_FACE ( 'NONE', ( #1552 ), #743, .T. ) ;
#4829 = ADVANCED_FACE ( 'NONE', ( #1548 ), #725, .T. ) ;
#4830 = ADVANCED_FACE ( 'NONE', ( #1544 ), #722, .T. ) ;
#4831 = ADVANCED_FACE ( 'NONE', ( #1540 ), #1537, .F. ) ;
#4832 = ADVANCED_FACE ( 'NONE', ( #1535 ), #1532, .T. ) ;
#4833 = ADVANCED_FACE ( 'NONE', ( #1530 ), #1527, .F. ) ;
#4834 = ADVANCED_FACE ( 'NONE', ( #1525 ), #1522, .T. ) ;
#4835 = ADVANCED_FACE ( 'NONE', ( #1520 ), #684, .T. ) ;
#4836 = ADVANCED_FACE ( 'NONE', ( #1516 ), #675, .T. ) ;
#4837 = ADVANCED_FACE ( 'NONE', ( #1512 ), #671, .T. ) ;
#4838 = ADVANCED_FACE ( 'NONE', ( #1508 ), #1505, .T. ) ;
#4839 = ADVANCED_FACE ( 'NONE', ( #1503 ), #687, .F. ) ;
#4840 = ADVANCED_FACE ( 'NONE', ( #1499 ), #654, .T. ) ;
#4841 = ADVANCED_FACE ( 'NONE', ( #1495 ), #638, .F. ) ;
#4842 = ADVANCED_FACE ( 'NONE', ( #1491 ), #601, .F. ) ;
#4843 = ADVANCED_FACE ( 'NONE', ( #1487 ), #1484, .T. ) ;
#4844 = ADVANCED_FACE ( 'NONE', ( #1482 ), #1479, .T. ) ;
#4845 = ADVANCED_FACE ( 'NONE', ( #1477 ), #560, .F. ) ;
#4846 = ADVANCED_FACE ( 'NONE', ( #1473 ), #563, .T. ) ;
#4847 = ADVANCED_FACE ( 'NONE', ( #1469 ), #564, .T. ) ;
#4848 = ADVANCED_FACE ( 'NONE', ( #1465 ), #4702, .F. ) ;
#4849 = ADVANCED_FACE ( 'NONE', ( #2959 ), #2962, .F. ) ;
#4850 = ADVANCED_FACE ( 'NONE', ( #2965 ), #2968, .F. ) ;
#4851 = ADVANCED_FACE ( 'NONE', ( #2970 ), #848, .T. ) ;
#4852 = ADVANCED_FACE ( 'NONE', ( #2974 ), #2977, .F. ) ;
#4853 = ADVANCED_FACE ( 'NONE', ( #2979 ), #2982, .F. ) ;
#4854 = ADVANCED_FACE ( 'NONE', ( #2984 ), #2987, .F. ) ;
#4855 = ADVANCED_FACE ( 'NONE', ( #2989 ), #837, .F. ) ;
#4856 = ADVANCED_FACE ( 'NONE', ( #2993 ), #761, .T. ) ;
#4857 = ADVANCED_FACE ( 'NONE', ( #2997 ), #3000, .F. ) ;
#4858 = ADVANCED_FACE ( 'NONE', ( #3002 ), #841, .T. ) ;
#4859 = ADVANCED_FACE ( 'NONE', ( #3006 ), #3009, .F. ) ;
#4860 = ADVANCED_FACE ( 'NONE', ( #3011 ), #933, .T. ) ;
#4861 = ADVANCED_FACE ( 'NONE', ( #3015 ), #554, .T. ) ;
#4862 = ADVANCED_FACE ( 'NONE', ( #3019 ), #3022, .T. ) ;
#4863 = ADVANCED_FACE ( 'NONE', ( #3024 ), #571, .F. ) ;
#4864 = ADVANCED_FACE ( 'NONE', ( #3028 ), #3031, .F. ) ;
#4865 = ADVANCED_FACE ( 'NONE', ( #3033 ), #969, .T. ) ;
#4866 = ADVANCED_FACE ( 'NONE', ( #3037 ), #3040, .T. ) ;
#4867 = ADVANCED_FACE ( 'NONE', ( #3042 ), #1038, .F. ) ;
#4868 = ADVANCED_FACE ( 'NONE', ( #3046 ), #893, .T. ) ;
#4869 = ADVANCED_FACE ( 'NONE', ( #3050 ), #941, .T. ) ;
#4870 = ADVANCED_FACE ( 'NONE', ( #3054 ), #868, .F. ) ;
#4871 = ADVANCED_FACE ( 'NONE', ( #3058 ), #3061, .T. ) ;
#4872 = ADVANCED_FACE ( 'NONE', ( #3063 ), #643, .F. ) ;
#4873 = ADVANCED_FACE ( 'NONE', ( #3067 ), #3070, .F. ) ;
#4874 = ADVANCED_FACE ( 'NONE', ( #3072 ), #3075, .F. ) ;
#4875 = ADVANCED_FACE ( 'NONE', ( #3077 ), #1047, .T. ) ;
#4876 = ADVANCED_FACE ( 'NONE', ( #3080 ), #669, .T. ) ;
#4877 = ADVANCED_FACE ( 'NONE', ( #3085 ), #3088, .F. ) ;
#4878 = EDGE_CURVE ( 'NONE', #5202, #3821, #3092, .T. ) ;
#4879 = EDGE_CURVE ( 'NONE', #5189, #5205, #3090, .T. ) ;
#4880 = EDGE_CURVE ( 'NONE', #5203, #5188, #3096, .T. ) ;
#4881 = EDGE_CURVE ( 'NONE', #5187, #5233, #1050, .T. ) ;
#4882 = EDGE_CURVE ( 'NONE', #5188, #3819, #3097, .T. ) ;
#4883 = EDGE_CURVE ( 'NONE', #3819, #5190, #618, .T. ) ;
#4884 = EDGE_CURVE ( 'NONE', #5202, #3828, #3100, .T. ) ;
#4885 = EDGE_CURVE ( 'NONE', #5199, #5230, #3107, .T. ) ;
#4886 = EDGE_CURVE ( 'NONE', #5230, #5190, #3106, .T. ) ;
#4887 = EDGE_CURVE ( 'NONE', #5199, #5203, #1013, .T. ) ;
#4888 = EDGE_CURVE ( 'NONE', #5224, #5223, #617, .T. ) ;
#4889 = EDGE_CURVE ( 'NONE', #5187, #5224, #3120, .T. ) ;
#4890 = EDGE_CURVE ( 'NONE', #5189, #3825, #3125, .T. ) ;
#4891 = EDGE_CURVE ( 'NONE', #3821, #5205, #1045, .T. ) ;
#4892 = EDGE_CURVE ( 'NONE', #5188, #5230, #609, .T. ) ;
#4893 = EDGE_CURVE ( 'NONE', #5189, #5202, #611, .T. ) ;
#4894 = EDGE_CURVE ( 'NONE', #5233, #5223, #3131, .T. ) ;
#4895 = EDGE_CURVE ( 'NONE', #3828, #3825, #766, .T. ) ;
#4896 = EDGE_CURVE ( 'NONE', #5197, #5126, #593, .T. ) ;
#4897 = EDGE_CURVE ( 'NONE', #3824, #3817, #1884, .T. ) ;
#4898 = EDGE_CURVE ( 'NONE', #5192, #5136, #3152, .T. ) ;
#4899 = EDGE_CURVE ( 'NONE', #5236, #3818, #3155, .T. ) ;
#4900 = EDGE_CURVE ( 'NONE', #5193, #5124, #1896, .T. ) ;
#4901 = EDGE_CURVE ( 'NONE', #5195, #5232, #1908, .T. ) ;
#4902 = ADVANCED_FACE ( 'NONE', ( #3162 ), #574, .T. ) ;
#4903 = ADVANCED_FACE ( 'NONE', ( #3169 ), #3172, .F. ) ;
#4904 = ADVANCED_FACE ( 'NONE', ( #3174 ), #3175, .F. ) ;
#4905 = ADVANCED_FACE ( 'NONE', ( #3180 ), #3181, .F. ) ;
#4906 = ADVANCED_FACE ( 'NONE', ( #3185 ), #600, .F. ) ;
#4907 = ADVANCED_FACE ( 'NONE', ( #3188 ), #589, .T. ) ;
#4908 = ADVANCED_FACE ( 'NONE', ( #3192 ), #3193, .T. ) ;
#4909 = ADVANCED_FACE ( 'NONE', ( #3199, #3195 ), #3200, .T. ) ;
#4910 = ADVANCED_FACE ( 'NONE', ( #3204 ), #3205, .T. ) ;
#4911 = ADVANCED_FACE ( 'NONE', ( #3209 ), #3210, .T. ) ;
#4912 = ADVANCED_FACE ( 'NONE', ( #3214 ), #1023, .T. ) ;
#4913 = ADVANCED_FACE ( 'NONE', ( #3217 ), #3218, .F. ) ;
#4914 = ORIENTED_EDGE ( 'NONE', *, *, #5506, .F. ) ;
#4915 = ORIENTED_EDGE ( 'NONE', *, *, #5507, .T. ) ;
#4916 = ORIENTED_EDGE ( 'NONE', *, *, #5514, .T. ) ;
#4917 = ORIENTED_EDGE ( 'NONE', *, *, #5505, .F. ) ;
#4918 = ORIENTED_EDGE ( 'NONE', *, *, #5504, .F. ) ;
#4919 = ORIENTED_EDGE ( 'NONE', *, *, #4336, .F. ) ;
#4920 = ORIENTED_EDGE ( 'NONE', *, *, #5499, .T. ) ;
#4921 = ORIENTED_EDGE ( 'NONE', *, *, #4347, .T. ) ;
#4922 = ORIENTED_EDGE ( 'NONE', *, *, #5510, .F. ) ;
#4923 = ORIENTED_EDGE ( 'NONE', *, *, #4788, .F. ) ;
#4924 = ORIENTED_EDGE ( 'NONE', *, *, #5531, .F. ) ;
#4925 = ORIENTED_EDGE ( 'NONE', *, *, #5527, .F. ) ;
#4926 = ORIENTED_EDGE ( 'NONE', *, *, #4355, .F. ) ;
#4927 = ORIENTED_EDGE ( 'NONE', *, *, #4354, .F. ) ;
#4928 = ORIENTED_EDGE ( 'NONE', *, *, #4353, .T. ) ;
#4929 = ORIENTED_EDGE ( 'NONE', *, *, #4351, .T. ) ;
#4930 = ORIENTED_EDGE ( 'NONE', *, *, #4350, .F. ) ;
#4931 = ORIENTED_EDGE ( 'NONE', *, *, #4349, .T. ) ;
#4932 = ORIENTED_EDGE ( 'NONE', *, *, #4348, .F. ) ;
#4933 = ORIENTED_EDGE ( 'NONE', *, *, #4347, .F. ) ;
#4934 = ORIENTED_EDGE ( 'NONE', *, *, #4346, .F. ) ;
#4935 = ORIENTED_EDGE ( 'NONE', *, *, #4345, .T. ) ;
#4936 = ORIENTED_EDGE ( 'NONE', *, *, #4344, .F. ) ;
#4937 = ORIENTED_EDGE ( 'NONE', *, *, #4343, .T. ) ;
#4938 = ORIENTED_EDGE ( 'NONE', *, *, #4342, .T. ) ;
#4939 = ORIENTED_EDGE ( 'NONE', *, *, #4341, .T. ) ;
#4940 = ORIENTED_EDGE ( 'NONE', *, *, #4340, .T. ) ;
#4941 = ORIENTED_EDGE ( 'NONE', *, *, #4339, .T. ) ;
#4942 = ORIENTED_EDGE ( 'NONE', *, *, #4338, .T. ) ;
#4943 = ORIENTED_EDGE ( 'NONE', *, *, #4337, .T. ) ;
#4944 = ORIENTED_EDGE ( 'NONE', *, *, #4331, .F. ) ;
#4945 = ORIENTED_EDGE ( 'NONE', *, *, #4332, .T. ) ;
#4946 = ORIENTED_EDGE ( 'NONE', *, *, #4330, .T. ) ;
#4947 = ORIENTED_EDGE ( 'NONE', *, *, #4336, .T. ) ;
#4948 = ORIENTED_EDGE ( 'NONE', *, *, #4335, .T. ) ;
#4949 = ORIENTED_EDGE ( 'NONE', *, *, #4334, .T. ) ;
#4950 = ORIENTED_EDGE ( 'NONE', *, *, #4333, .F. ) ;
#4951 = ORIENTED_EDGE ( 'NONE', *, *, #4821, .F. ) ;
#4952 = ORIENTED_EDGE ( 'NONE', *, *, #4351, .F. ) ;
#4953 = ORIENTED_EDGE ( 'NONE', *, *, #4820, .T. ) ;
#4954 = ORIENTED_EDGE ( 'NONE', *, *, #4824, .F. ) ;
#4955 = ORIENTED_EDGE ( 'NONE', *, *, #4825, .F. ) ;
#4956 = ORIENTED_EDGE ( 'NONE', *, *, #4352, .F. ) ;
#4957 = ORIENTED_EDGE ( 'NONE', *, *, #4825, .T. ) ;
#4958 = ORIENTED_EDGE ( 'NONE', *, *, #4781, .T. ) ;
#4959 = ORIENTED_EDGE ( 'NONE', *, *, #4796, .T. ) ;
#4960 = ORIENTED_EDGE ( 'NONE', *, *, #4787, .F. ) ;
#4961 = ORIENTED_EDGE ( 'NONE', *, *, #5496, .T. ) ;
#4962 = ORIENTED_EDGE ( 'NONE', *, *, #4778, .F. ) ;
#4963 = ORIENTED_EDGE ( 'NONE', *, *, #5537, .F. ) ;
#4964 = ORIENTED_EDGE ( 'NONE', *, *, #4318, .T. ) ;
#4965 = ORIENTED_EDGE ( 'NONE', *, *, #4817, .T. ) ;
#4966 = ORIENTED_EDGE ( 'NONE', *, *, #4818, .T. ) ;
#4967 = ORIENTED_EDGE ( 'NONE', *, *, #4818, .F. ) ;
#4968 = ORIENTED_EDGE ( 'NONE', *, *, #4795, .F. ) ;
#4969 = ORIENTED_EDGE ( 'NONE', *, *, #4785, .T. ) ;
#4970 = ORIENTED_EDGE ( 'NONE', *, *, #4883, .T. ) ;
#4971 = ORIENTED_EDGE ( 'NONE', *, *, #4781, .F. ) ;
#4972 = ORIENTED_EDGE ( 'NONE', *, *, #4784, .F. ) ;
#4973 = ORIENTED_EDGE ( 'NONE', *, *, #4785, .F. ) ;
#4974 = ORIENTED_EDGE ( 'NONE', *, *, #4822, .F. ) ;
#4975 = ORIENTED_EDGE ( 'NONE', *, *, #4819, .F. ) ;
#4976 = ORIENTED_EDGE ( 'NONE', *, *, #4816, .F. ) ;
#4977 = ORIENTED_EDGE ( 'NONE', *, *, #4810, .T. ) ;
#4978 = ORIENTED_EDGE ( 'NONE', *, *, #4814, .T. ) ;
#4979 = ORIENTED_EDGE ( 'NONE', *, *, #4813, .F. ) ;
#4980 = ORIENTED_EDGE ( 'NONE', *, *, #4812, .F. ) ;
#4981 = ORIENTED_EDGE ( 'NONE', *, *, #4809, .F. ) ;
#4982 = ORIENTED_EDGE ( 'NONE', *, *, #4808, .F. ) ;
#4983 = ORIENTED_EDGE ( 'NONE', *, *, #4807, .F. ) ;
#4984 = ORIENTED_EDGE ( 'NONE', *, *, #4805, .T. ) ;
#4985 = ORIENTED_EDGE ( 'NONE', *, *, #4804, .F. ) ;
#4986 = ORIENTED_EDGE ( 'NONE', *, *, #4790, .T. ) ;
#4987 = ORIENTED_EDGE ( 'NONE', *, *, #4792, .T. ) ;
#4988 = VERTEX_POINT ( 'NONE', #3223 ) ;
#4989 = VERTEX_POINT ( 'NONE', #3219 ) ;
#4990 = ORIENTED_EDGE ( 'NONE', *, *, #4797, .T. ) ;
#4991 = ORIENTED_EDGE ( 'NONE', *, *, #4319, .T. ) ;
#4992 = ORIENTED_EDGE ( 'NONE', *, *, #4823, .F. ) ;
#4993 = ORIENTED_EDGE ( 'NONE', *, *, #4775, .T. ) ;
#4994 = ORIENTED_EDGE ( 'NONE', *, *, #5471, .F. ) ;
#4995 = ORIENTED_EDGE ( 'NONE', *, *, #2424, .T. ) ;
#4996 = ORIENTED_EDGE ( 'NONE', *, *, #2426, .T. ) ;
#4997 = ORIENTED_EDGE ( 'NONE', *, *, #2425, .F. ) ;
#4998 = ORIENTED_EDGE ( 'NONE', *, *, #2423, .F. ) ;
#4999 = ORIENTED_EDGE ( 'NONE', *, *, #4817, .F. ) ;
#5000 = ORIENTED_EDGE ( 'NONE', *, *, #4812, .T. ) ;
#5001 = ORIENTED_EDGE ( 'NONE', *, *, #4317, .F. ) ;
#5002 = ORIENTED_EDGE ( 'NONE', *, *, #4823, .T. ) ;
#5003 = ORIENTED_EDGE ( 'NONE', *, *, #4814, .F. ) ;
#5004 = ORIENTED_EDGE ( 'NONE', *, *, #4820, .F. ) ;
#5005 = ORIENTED_EDGE ( 'NONE', *, *, #5528, .F. ) ;
#5006 = ORIENTED_EDGE ( 'NONE', *, *, #4353, .F. ) ;
#5007 = ORIENTED_EDGE ( 'NONE', *, *, #4803, .F. ) ;
#5008 = ORIENTED_EDGE ( 'NONE', *, *, #4800, .T. ) ;
#5009 = ORIENTED_EDGE ( 'NONE', *, *, #5496, .F. ) ;
#5010 = ORIENTED_EDGE ( 'NONE', *, *, #4802, .F. ) ;
#5011 = ORIENTED_EDGE ( 'NONE', *, *, #4782, .F. ) ;
#5012 = ORIENTED_EDGE ( 'NONE', *, *, #4802, .T. ) ;
#5013 = ORIENTED_EDGE ( 'NONE', *, *, #4788, .T. ) ;
#5014 = ORIENTED_EDGE ( 'NONE', *, *, #4793, .F. ) ;
#5015 = ORIENTED_EDGE ( 'NONE', *, *, #4794, .F. ) ;
#5016 = ORIENTED_EDGE ( 'NONE', *, *, #4799, .F. ) ;
#5017 = ORIENTED_EDGE ( 'NONE', *, *, #4801, .F. ) ;
#5018 = ORIENTED_EDGE ( 'NONE', *, *, #4332, .F. ) ;
#5019 = ORIENTED_EDGE ( 'NONE', *, *, #4330, .F. ) ;
#5020 = ORIENTED_EDGE ( 'NONE', *, *, #4352, .T. ) ;
#5021 = ORIENTED_EDGE ( 'NONE', *, *, #4337, .F. ) ;
#5022 = ORIENTED_EDGE ( 'NONE', *, *, #4325, .T. ) ;
#5023 = ORIENTED_EDGE ( 'NONE', *, *, #4791, .T. ) ;
#5024 = ORIENTED_EDGE ( 'NONE', *, *, #4789, .F. ) ;
#5025 = ORIENTED_EDGE ( 'NONE', *, *, #4331, .T. ) ;
#5026 = ORIENTED_EDGE ( 'NONE', *, *, #4815, .F. ) ;
#5027 = ORIENTED_EDGE ( 'NONE', *, *, #4805, .F. ) ;
#5028 = ORIENTED_EDGE ( 'NONE', *, *, #4806, .F. ) ;
#5029 = ORIENTED_EDGE ( 'NONE', *, *, #4811, .F. ) ;
#5030 = ORIENTED_EDGE ( 'NONE', *, *, #4810, .F. ) ;
#5031 = ORIENTED_EDGE ( 'NONE', *, *, #2421, .T. ) ;
#5032 = ORIENTED_EDGE ( 'NONE', *, *, #2433, .T. ) ;
#5033 = ORIENTED_EDGE ( 'NONE', *, *, #4780, .F. ) ;
#5034 = ORIENTED_EDGE ( 'NONE', *, *, #4783, .F. ) ;
#5035 = ORIENTED_EDGE ( 'NONE', *, *, #4786, .F. ) ;
#5036 = ORIENTED_EDGE ( 'NONE', *, *, #4798, .F. ) ;
#5037 = ORIENTED_EDGE ( 'NONE', *, *, #4800, .F. ) ;
#5038 = ORIENTED_EDGE ( 'NONE', *, *, #4792, .F. ) ;
#5039 = ORIENTED_EDGE ( 'NONE', *, *, #2428, .F. ) ;
#5040 = ORIENTED_EDGE ( 'NONE', *, *, #4796, .F. ) ;
#5041 = ORIENTED_EDGE ( 'NONE', *, *, #4879, .T. ) ;
#5042 = ORIENTED_EDGE ( 'NONE', *, *, #4882, .T. ) ;
#5043 = ORIENTED_EDGE ( 'NONE', *, *, #2404, .T. ) ;
#5044 = ORIENTED_EDGE ( 'NONE', *, *, #3603, .T. ) ;
#5045 = ORIENTED_EDGE ( 'NONE', *, *, #4886, .F. ) ;
#5046 = ORIENTED_EDGE ( 'NONE', *, *, #4881, .T. ) ;
#5047 = ORIENTED_EDGE ( 'NONE', *, *, #4890, .F. ) ;
#5048 = ORIENTED_EDGE ( 'NONE', *, *, #2411, .T. ) ;
#5049 = ORIENTED_EDGE ( 'NONE', *, *, #3603, .F. ) ;
#5050 = ORIENTED_EDGE ( 'NONE', *, *, #396, .T. ) ;
#5051 = ORIENTED_EDGE ( 'NONE', *, *, #4895, .T. ) ;
#5052 = ORIENTED_EDGE ( 'NONE', *, *, #2407, .T. ) ;
#5053 = ORIENTED_EDGE ( 'NONE', *, *, #3611, .F. ) ;
#5054 = ORIENTED_EDGE ( 'NONE', *, *, #4885, .F. ) ;
#5055 = ORIENTED_EDGE ( 'NONE', *, *, #4884, .T. ) ;
#5056 = ORIENTED_EDGE ( 'NONE', *, *, #4880, .T. ) ;
#5057 = ORIENTED_EDGE ( 'NONE', *, *, #4891, .F. ) ;
#5058 = ORIENTED_EDGE ( 'NONE', *, *, #4887, .T. ) ;
#5059 = ORIENTED_EDGE ( 'NONE', *, *, #4878, .F. ) ;
#5060 = ORIENTED_EDGE ( 'NONE', *, *, #2404, .F. ) ;
#5061 = ORIENTED_EDGE ( 'NONE', *, *, #394, .F. ) ;
#5062 = ORIENTED_EDGE ( 'NONE', *, *, #4255, .F. ) ;
#5063 = ORIENTED_EDGE ( 'NONE', *, *, #3607, .T. ) ;
#5064 = ORIENTED_EDGE ( 'NONE', *, *, #405, .T. ) ;
#5065 = ORIENTED_EDGE ( 'NONE', *, *, #2413, .F. ) ;
#5066 = ORIENTED_EDGE ( 'NONE', *, *, #404, .F. ) ;
#5067 = ORIENTED_EDGE ( 'NONE', *, *, #4254, .F. ) ;
#5068 = ORIENTED_EDGE ( 'NONE', *, *, #4899, .F. ) ;
#5069 = ORIENTED_EDGE ( 'NONE', *, *, #2408, .T. ) ;
#5070 = ORIENTED_EDGE ( 'NONE', *, *, #4889, .F. ) ;
#5071 = ORIENTED_EDGE ( 'NONE', *, *, #2407, .F. ) ;
#5072 = ORIENTED_EDGE ( 'NONE', *, *, #2406, .F. ) ;
#5073 = ORIENTED_EDGE ( 'NONE', *, *, #4888, .F. ) ;
#5074 = ORIENTED_EDGE ( 'NONE', *, *, #4238, .T. ) ;
#5075 = ORIENTED_EDGE ( 'NONE', *, *, #2416, .T. ) ;
#5076 = ORIENTED_EDGE ( 'NONE', *, *, #4257, .T. ) ;
#5077 = ORIENTED_EDGE ( 'NONE', *, *, #2416, .F. ) ;
#5078 = ORIENTED_EDGE ( 'NONE', *, *, #4242, .F. ) ;
#5079 = ORIENTED_EDGE ( 'NONE', *, *, #2408, .F. ) ;
#5080 = ORIENTED_EDGE ( 'NONE', *, *, #4264, .T. ) ;
#5081 = ORIENTED_EDGE ( 'NONE', *, *, #404, .T. ) ;
#5082 = ORIENTED_EDGE ( 'NONE', *, *, #4256, .T. ) ;
#5083 = ORIENTED_EDGE ( 'NONE', *, *, #2405, .T. ) ;
#5084 = VERTEX_POINT ( 'NONE', #3226 ) ;
#5085 = ORIENTED_EDGE ( 'NONE', *, *, #397, .T. ) ;
#5086 = ORIENTED_EDGE ( 'NONE', *, *, #402, .F. ) ;
#5087 = VERTEX_POINT ( 'NONE', #3220 ) ;
#5088 = ORIENTED_EDGE ( 'NONE', *, *, #3611, .T. ) ;
#5089 = ORIENTED_EDGE ( 'NONE', *, *, #394, .T. ) ;
#5090 = ORIENTED_EDGE ( 'NONE', *, *, #2401, .T. ) ;
#5091 = ORIENTED_EDGE ( 'NONE', *, *, #432, .F. ) ;
#5092 = ORIENTED_EDGE ( 'NONE', *, *, #4900, .F. ) ;
#5093 = ORIENTED_EDGE ( 'NONE', *, *, #4894, .T. ) ;
#5094 = ORIENTED_EDGE ( 'NONE', *, *, #417, .T. ) ;
#5095 = ORIENTED_EDGE ( 'NONE', *, *, #2405, .F. ) ;
#5096 = ORIENTED_EDGE ( 'NONE', *, *, #2406, .T. ) ;
#5097 = ORIENTED_EDGE ( 'NONE', *, *, #3607, .F. ) ;
#5098 = ORIENTED_EDGE ( 'NONE', *, *, #4246, .T. ) ;
#5099 = VERTEX_POINT ( 'NONE', #3225 ) ;
#5100 = ORIENTED_EDGE ( 'NONE', *, *, #396, .F. ) ;
#5101 = ORIENTED_EDGE ( 'NONE', *, *, #397, .F. ) ;
#5102 = ORIENTED_EDGE ( 'NONE', *, *, #401, .T. ) ;
#5103 = ORIENTED_EDGE ( 'NONE', *, *, #402, .T. ) ;
#5104 = ORIENTED_EDGE ( 'NONE', *, *, #400, .F. ) ;
#5105 = ORIENTED_EDGE ( 'NONE', *, *, #4240, .T. ) ;
#5106 = ORIENTED_EDGE ( 'NONE', *, *, #430, .F. ) ;
#5107 = ORIENTED_EDGE ( 'NONE', *, *, #2410, .T. ) ;
#5108 = ORIENTED_EDGE ( 'NONE', *, *, #4901, .F. ) ;
#5109 = ORIENTED_EDGE ( 'NONE', *, *, #400, .T. ) ;
#5110 = VERTEX_POINT ( 'NONE', #3230 ) ;
#5111 = ORIENTED_EDGE ( 'NONE', *, *, #423, .F. ) ;
#5112 = VERTEX_POINT ( 'NONE', #3228 ) ;
#5113 = ORIENTED_EDGE ( 'NONE', *, *, #3619, .F. ) ;
#5114 = ORIENTED_EDGE ( 'NONE', *, *, #4241, .F. ) ;
#5115 = ORIENTED_EDGE ( 'NONE', *, *, #2409, .F. ) ;
#5116 = ORIENTED_EDGE ( 'NONE', *, *, #3619, .T. ) ;
#5117 = ORIENTED_EDGE ( 'NONE', *, *, #4244, .T. ) ;
#5118 = ORIENTED_EDGE ( 'NONE', *, *, #401, .F. ) ;
#5119 = ORIENTED_EDGE ( 'NONE', *, *, #2415, .T. ) ;
#5120 = ORIENTED_EDGE ( 'NONE', *, *, #2415, .F. ) ;
#5121 = ORIENTED_EDGE ( 'NONE', *, *, #420, .F. ) ;
#5122 = ORIENTED_EDGE ( 'NONE', *, *, #418, .F. ) ;
#5123 = ORIENTED_EDGE ( 'NONE', *, *, #4243, .F. ) ;
#5124 = VERTEX_POINT ( 'NONE', #3227 ) ;
#5125 = VERTEX_POINT ( 'NONE', #3233 ) ;
#5126 = VERTEX_POINT ( 'NONE', #3224 ) ;
#5127 = VERTEX_POINT ( 'NONE', #3234 ) ;
#5128 = VERTEX_POINT ( 'NONE', #3232 ) ;
#5129 = VERTEX_POINT ( 'NONE', #3235 ) ;
#5130 = VERTEX_POINT ( 'NONE', #3231 ) ;
#5131 = VERTEX_POINT ( 'NONE', #3236 ) ;
#5132 = VERTEX_POINT ( 'NONE', #3229 ) ;
#5133 = VERTEX_POINT ( 'NONE', #3237 ) ;
#5134 = VERTEX_POINT ( 'NONE', #3238 ) ;
#5135 = VERTEX_POINT ( 'NONE', #3239 ) ;
#5136 = VERTEX_POINT ( 'NONE', #3240 ) ;
#5137 = VERTEX_POINT ( 'NONE', #3241 ) ;
#5138 = VERTEX_POINT ( 'NONE', #3242 ) ;
#5139 = VERTEX_POINT ( 'NONE', #3243 ) ;
#5140 = VERTEX_POINT ( 'NONE', #3244 ) ;
#5141 = VERTEX_POINT ( 'NONE', #3245 ) ;
#5142 = VERTEX_POINT ( 'NONE', #3246 ) ;
#5143 = VERTEX_POINT ( 'NONE', #3247 ) ;
#5144 = VERTEX_POINT ( 'NONE', #3248 ) ;
#5145 = VERTEX_POINT ( 'NONE', #3249 ) ;
#5146 = VERTEX_POINT ( 'NONE', #3250 ) ;
#5147 = VERTEX_POINT ( 'NONE', #3251 ) ;
#5148 = VERTEX_POINT ( 'NONE', #3252 ) ;
#5149 = VERTEX_POINT ( 'NONE', #3253 ) ;
#5150 = VERTEX_POINT ( 'NONE', #3254 ) ;
#5151 = VERTEX_POINT ( 'NONE', #3255 ) ;
#5152 = VERTEX_POINT ( 'NONE', #3256 ) ;
#5153 = VERTEX_POINT ( 'NONE', #3257 ) ;
#5154 = VERTEX_POINT ( 'NONE', #3258 ) ;
#5155 = VERTEX_POINT ( 'NONE', #3259 ) ;
#5156 = VERTEX_POINT ( 'NONE', #3260 ) ;
#5157 = VERTEX_POINT ( 'NONE', #3261 ) ;
#5158 = VERTEX_POINT ( 'NONE', #3262 ) ;
#5159 = VERTEX_POINT ( 'NONE', #3263 ) ;
#5160 = VERTEX_POINT ( 'NONE', #3264 ) ;
#5161 = VERTEX_POINT ( 'NONE', #3265 ) ;
#5162 = VERTEX_POINT ( 'NONE', #3266 ) ;
#5163 = VERTEX_POINT ( 'NONE', #3267 ) ;
#5164 = VERTEX_POINT ( 'NONE', #3268 ) ;
#5165 = VERTEX_POINT ( 'NONE', #3269 ) ;
#5166 = VERTEX_POINT ( 'NONE', #3270 ) ;
#5167 = VERTEX_POINT ( 'NONE', #3271 ) ;
#5168 = VERTEX_POINT ( 'NONE', #3272 ) ;
#5169 = VERTEX_POINT ( 'NONE', #3273 ) ;
#5170 = VERTEX_POINT ( 'NONE', #3274 ) ;
#5171 = VERTEX_POINT ( 'NONE', #3275 ) ;
#5172 = VERTEX_POINT ( 'NONE', #3276 ) ;
#5173 = VERTEX_POINT ( 'NONE', #3277 ) ;
#5174 = VERTEX_POINT ( 'NONE', #3278 ) ;
#5175 = VERTEX_POINT ( 'NONE', #3279 ) ;
#5176 = VERTEX_POINT ( 'NONE', #3280 ) ;
#5177 = VERTEX_POINT ( 'NONE', #3281 ) ;
#5178 = VERTEX_POINT ( 'NONE', #3282 ) ;
#5179 = VERTEX_POINT ( 'NONE', #3283 ) ;
#5180 = VERTEX_POINT ( 'NONE', #3284 ) ;
#5181 = VERTEX_POINT ( 'NONE', #3285 ) ;
#5182 = VERTEX_POINT ( 'NONE', #3286 ) ;
#5183 = VERTEX_POINT ( 'NONE', #3287 ) ;
#5184 = VERTEX_POINT ( 'NONE', #3288 ) ;
#5185 = VERTEX_POINT ( 'NONE', #3289 ) ;
#5186 = VERTEX_POINT ( 'NONE', #3290 ) ;
#5187 = VERTEX_POINT ( 'NONE', #3291 ) ;
#5188 = VERTEX_POINT ( 'NONE', #3292 ) ;
#5189 = VERTEX_POINT ( 'NONE', #3293 ) ;
#5190 = VERTEX_POINT ( 'NONE', #3294 ) ;
#5191 = VERTEX_POINT ( 'NONE', #3295 ) ;
#5192 = VERTEX_POINT ( 'NONE', #3296 ) ;
#5193 = VERTEX_POINT ( 'NONE', #3297 ) ;
#5194 = VERTEX_POINT ( 'NONE', #3298 ) ;
#5195 = VERTEX_POINT ( 'NONE', #3299 ) ;
#5196 = VERTEX_POINT ( 'NONE', #3300 ) ;
#5197 = VERTEX_POINT ( 'NONE', #3301 ) ;
#5198 = VERTEX_POINT ( 'NONE', #3302 ) ;
#5199 = VERTEX_POINT ( 'NONE', #3303 ) ;
#5200 = VERTEX_POINT ( 'NONE', #3304 ) ;
#5201 = VERTEX_POINT ( 'NONE', #3305 ) ;
#5202 = VERTEX_POINT ( 'NONE', #3306 ) ;
#5203 = VERTEX_POINT ( 'NONE', #3307 ) ;
#5204 = VERTEX_POINT ( 'NONE', #3308 ) ;
#5205 = VERTEX_POINT ( 'NONE', #3309 ) ;
#5206 = VERTEX_POINT ( 'NONE', #3310 ) ;
#5207 = VERTEX_POINT ( 'NONE', #3311 ) ;
#5208 = VERTEX_POINT ( 'NONE', #3312 ) ;
#5209 = VERTEX_POINT ( 'NONE', #3313 ) ;
#5210 = VERTEX_POINT ( 'NONE', #3314 ) ;
#5211 = VERTEX_POINT ( 'NONE', #3315 ) ;
#5212 = VERTEX_POINT ( 'NONE', #3316 ) ;
#5213 = VERTEX_POINT ( 'NONE', #3317 ) ;
#5214 = VERTEX_POINT ( 'NONE', #3318 ) ;
#5215 = VERTEX_POINT ( 'NONE', #3319 ) ;
#5216 = VERTEX_POINT ( 'NONE', #3320 ) ;
#5217 = VERTEX_POINT ( 'NONE', #3321 ) ;
#5218 = VERTEX_POINT ( 'NONE', #3322 ) ;
#5219 = VERTEX_POINT ( 'NONE', #3323 ) ;
#5220 = VERTEX_POINT ( 'NONE', #3324 ) ;
#5221 = VERTEX_POINT ( 'NONE', #3325 ) ;
#5222 = VERTEX_POINT ( 'NONE', #3326 ) ;
#5223 = VERTEX_POINT ( 'NONE', #3327 ) ;
#5224 = VERTEX_POINT ( 'NONE', #3328 ) ;
#5225 = VERTEX_POINT ( 'NONE', #3329 ) ;
#5226 = VERTEX_POINT ( 'NONE', #3330 ) ;
#5227 = VERTEX_POINT ( 'NONE', #3331 ) ;
#5228 = VERTEX_POINT ( 'NONE', #3332 ) ;
#5229 = VERTEX_POINT ( 'NONE', #3333 ) ;
#5230 = VERTEX_POINT ( 'NONE', #3334 ) ;
#5231 = VERTEX_POINT ( 'NONE', #3335 ) ;
#5232 = VERTEX_POINT ( 'NONE', #3336 ) ;
#5233 = VERTEX_POINT ( 'NONE', #3337 ) ;
#5234 = VERTEX_POINT ( 'NONE', #3338 ) ;
#5235 = VERTEX_POINT ( 'NONE', #3339 ) ;
#5236 = VERTEX_POINT ( 'NONE', #3340 ) ;
#5237 = VERTEX_POINT ( 'NONE', #3341 ) ;
#5238 = VERTEX_POINT ( 'NONE', #3342 ) ;
#5239 = VERTEX_POINT ( 'NONE', #3343 ) ;
#5240 = VERTEX_POINT ( 'NONE', #3344 ) ;
#5241 = VERTEX_POINT ( 'NONE', #3345 ) ;
#5242 = VERTEX_POINT ( 'NONE', #3346 ) ;
#5243 = VERTEX_POINT ( 'NONE', #3347 ) ;
#5244 = VERTEX_POINT ( 'NONE', #3348 ) ;
#5245 = VERTEX_POINT ( 'NONE', #3349 ) ;
#5246 = VERTEX_POINT ( 'NONE', #3350 ) ;
#5247 = VERTEX_POINT ( 'NONE', #3351 ) ;
#5248 = AXIS2_PLACEMENT_3D ( 'NONE', #3390, #3386, #3392 ) ;
#5249 = AXIS2_PLACEMENT_3D ( 'NONE', #3372, #3387, #3388 ) ;
#5250 = AXIS2_PLACEMENT_3D ( 'NONE', #3366, #3364, #3361 ) ;
#5251 = CC_DESIGN_SECURITY_CLASSIFICATION ( #5256, ( #5260 ) ) ;
#5252 = CC_DESIGN_APPROVAL ( #1922, ( #5256 ) ) ;
#5253 = LOCAL_TIME ( 8, 50, 47.00000000000000000, #2954 ) ;
#5254 = APPROVAL_PERSON_ORGANIZATION ( #2951, #1922, #2953 ) ;
#5255 = LOCAL_TIME ( 8, 50, 47.00000000000000000, #2947 ) ;
#5256 = SECURITY_CLASSIFICATION ( '', '', #2944 ) ;
#5257 = CC_DESIGN_APPROVAL ( #1917, ( #5260 ) ) ;
#5258 = LOCAL_TIME ( 8, 50, 47.00000000000000000, #2936 ) ;
#5259 = APPROVAL_PERSON_ORGANIZATION ( #2933, #1917, #2935 ) ;
#5260 = PRODUCT_DEFINITION_FORMATION_WITH_SPECIFIED_SOURCE ( 'ANY', '', #3732, .NOT_KNOWN. ) ;
#5261 = LOCAL_TIME ( 8, 50, 47.00000000000000000, #2929 ) ;
#5262 = CC_DESIGN_APPROVAL ( #1914, ( #1913 ) ) ;
#5263 = LOCAL_TIME ( 8, 50, 47.00000000000000000, #2923 ) ;
#5264 = APPROVAL_PERSON_ORGANIZATION ( #2920, #1914, #2922 ) ;
#5265 = ORGANIZATION ( 'UNSPECIFIED', 'UNSPECIFIED', '' ) ;
#5266 =( GEOMETRIC_REPRESENTATION_CONTEXT ( 3 ) GLOBAL_UNCERTAINTY_ASSIGNED_CONTEXT ( ( #5406 ) ) GLOBAL_UNIT_ASSIGNED_CONTEXT ( ( #2908, #2909, #2910 ) ) REPRESENTATION_CONTEXT ( 'NONE', 'WORKASPACE' ) );
#5267 = AXIS2_PLACEMENT_3D ( 'NONE', #2914, #2915, #2916 ) ;
#5268 = AXIS2_PLACEMENT_3D ( 'NONE', #2904, #2905, #2906 ) ;
#5269 = VECTOR ( 'NONE', #2907, 1000.000000000000000 ) ;
#5270 = VECTOR ( 'NONE', #2903, 1000.000000000000000 ) ;
#5271 = AXIS2_PLACEMENT_3D ( 'NONE', #2891, #2892, #2893 ) ;
#5272 = CIRCLE ( 'NONE', #5271, 14.50000000000000400 ) ;
#5273 = AXIS2_PLACEMENT_3D ( 'NONE', #2879, #2880, #2881 ) ;
#5274 = CIRCLE ( 'NONE', #5273, 14.50000000000000400 ) ;
#5275 = AXIS2_PLACEMENT_3D ( 'NONE', #2868, #2869, #2870 ) ;
#5276 = CIRCLE ( 'NONE', #5275, 15.00000000000000000 ) ;
#5277 = AXIS2_PLACEMENT_3D ( 'NONE', #2857, #2858, #2859 ) ;
#5278 = CIRCLE ( 'NONE', #5268, 15.00000000000000000 ) ;
#5279 = CIRCLE ( 'NONE', #5277, 14.50000000000000400 ) ;
#5280 = AXIS2_PLACEMENT_3D ( 'NONE', #2851, #2852, #2853 ) ;
#5281 = CIRCLE ( 'NONE', #5280, 15.00000000000000000 ) ;
#5282 = AXIS2_PLACEMENT_3D ( 'NONE', #2830, #2831, #2832 ) ;
#5283 = VECTOR ( 'NONE', #2849, 1000.000000000000000 ) ;
#5284 = AXIS2_PLACEMENT_3D ( 'NONE', #2811, #2812, #2813 ) ;
#5285 = CIRCLE ( 'NONE', #5284, 15.00000000000000000 ) ;
#5286 = AXIS2_PLACEMENT_3D ( 'NONE', #2799, #2800, #2801 ) ;
#5287 = CIRCLE ( 'NONE', #5282, 14.50000000000000400 ) ;
#5288 = CIRCLE ( 'NONE', #5286, 14.50000000000000400 ) ;
#5289 = AXIS2_PLACEMENT_3D ( 'NONE', #2793, #2794, #2795 ) ;
#5290 = VECTOR ( 'NONE', #2854, 1000.000000000000000 ) ;
#5291 = VECTOR ( 'NONE', #2796, 1000.000000000000000 ) ;
#5292 = AXIS2_PLACEMENT_3D ( 'NONE', #2780, #2781, #2782 ) ;
#5293 = CIRCLE ( 'NONE', #5289, 15.00000000000000000 ) ;
#5294 = AXIS2_PLACEMENT_3D ( 'NONE', #2761, #2762, #2763 ) ;
#5295 = CIRCLE ( 'NONE', #5294, 15.00000000000000000 ) ;
#5296 = AXIS2_PLACEMENT_3D ( 'NONE', #2753, #2754, #2755 ) ;
#5297 = CIRCLE ( 'NONE', #5296, 14.50000000000000400 ) ;
#5298 = CIRCLE ( 'NONE', #5292, 14.50000000000000400 ) ;
#5299 = AXIS2_PLACEMENT_3D ( 'NONE', #2723, #2724, #2725 ) ;
#5300 = VECTOR ( 'NONE', #2791, 1000.000000000000000 ) ;
#5301 = VECTOR ( 'NONE', #2726, 1000.000000000000000 ) ;
#5302 = AXIS2_PLACEMENT_3D ( 'NONE', #2708, #2709, #2710 ) ;
#5303 = VECTOR ( 'NONE', #2719, 1000.000000000000000 ) ;
#5304 = AXIS2_PLACEMENT_3D ( 'NONE', #2699, #2700, #2701 ) ;
#5305 = CIRCLE ( 'NONE', #5304, 15.00000000000000000 ) ;
#5306 = AXIS2_PLACEMENT_3D ( 'NONE', #2688, #2689, #2690 ) ;
#5307 = CIRCLE ( 'NONE', #5299, 15.00000000000000000 ) ;
#5308 = AXIS2_PLACEMENT_3D ( 'NONE', #2683, #2684, #2685 ) ;
#5309 = CIRCLE ( 'NONE', #5306, 14.50000000000000400 ) ;
#5310 = CIRCLE ( 'NONE', #5308, 15.00000000000000000 ) ;
#5311 = AXIS2_PLACEMENT_3D ( 'NONE', #2678, #2679, #2680 ) ;
#5312 = VECTOR ( 'NONE', #2681, 1000.000000000000000 ) ;
#5313 = AXIS2_PLACEMENT_3D ( 'NONE', #2675, #2676, #2677 ) ;
#5314 = CIRCLE ( 'NONE', #5313, 15.00000000000000000 ) ;
#5315 = AXIS2_PLACEMENT_3D ( 'NONE', #2664, #2665, #2666 ) ;
#5316 = CIRCLE ( 'NONE', #5315, 15.00000000000000000 ) ;
#5317 = AXIS2_PLACEMENT_3D ( 'NONE', #2653, #2654, #2655 ) ;
#5318 = CIRCLE ( 'NONE', #5317, 14.50000000000000400 ) ;
#5319 = AXIS2_PLACEMENT_3D ( 'NONE', #2644, #2645, #2646 ) ;
#5320 = CIRCLE ( 'NONE', #5302, 14.50000000000000400 ) ;
#5321 = CIRCLE ( 'NONE', #5311, 14.50000000000000400 ) ;
#5322 = AXIS2_PLACEMENT_3D ( 'NONE', #2632, #2633, #2634 ) ;
#5323 = CIRCLE ( 'NONE', #5319, 15.00000000000000000 ) ;
#5324 = AXIS2_PLACEMENT_3D ( 'NONE', #2614, #2615, #2616 ) ;
#5325 = CIRCLE ( 'NONE', #5324, 15.00000000000000000 ) ;
#5326 = AXIS2_PLACEMENT_3D ( 'NONE', #2602, #2603, #2604 ) ;
#5327 = CIRCLE ( 'NONE', #5322, 14.50000000000000400 ) ;
#5328 = VECTOR ( 'NONE', #2641, 1000.000000000000000 ) ;
#5329 = AXIS2_PLACEMENT_3D ( 'NONE', #2596, #2597, #2598 ) ;
#5330 = CIRCLE ( 'NONE', #5326, 14.50000000000000400 ) ;
#5331 = VECTOR ( 'NONE', #2593, 1000.000000000000000 ) ;
#5332 = AXIS2_PLACEMENT_3D ( 'NONE', #2582, #2583, #2584 ) ;
#5333 = CIRCLE ( 'NONE', #5332, 15.00000000000000000 ) ;
#5334 = AXIS2_PLACEMENT_3D ( 'NONE', #2550, #2548, #2537 ) ;
#5335 = CONICAL_SURFACE ( 'NONE', #5334, 12.30000000000000100, 0.7853981633974466100 ) ;
#5336 = AXIS2_PLACEMENT_3D ( 'NONE', #2546, #2545, #2541 ) ;
#5337 = CONICAL_SURFACE ( 'NONE', #5336, 14.50000000000000400, 0.7853981633974482800 ) ;
#5338 = AXIS2_PLACEMENT_3D ( 'NONE', #2552, #2549, #2555 ) ;
#5339 = AXIS2_PLACEMENT_3D ( 'NONE', #2536, #2534, #2531 ) ;
#5340 = CONICAL_SURFACE ( 'NONE', #5339, 14.50000000000000400, 0.7853981633974482800 ) ;
#5341 = AXIS2_PLACEMENT_3D ( 'NONE', #2532, #2530, #2526 ) ;
#5342 = CONICAL_SURFACE ( 'NONE', #5341, 14.50000000000000400, 0.7853981633974482800 ) ;
#5343 = AXIS2_PLACEMENT_3D ( 'NONE', #2535, #2542, #2543 ) ;
#5344 = CIRCLE ( 'NONE', #5354, 14.50000000000000400 ) ;
#5345 = AXIS2_PLACEMENT_3D ( 'NONE', #2525, #2521, #2528 ) ;
#5346 = AXIS2_PLACEMENT_3D ( 'NONE', #2520, #2508, #2523 ) ;
#5347 = AXIS2_PLACEMENT_3D ( 'NONE', #2507, #2505, #2498 ) ;
#5348 = CONICAL_SURFACE ( 'NONE', #5347, 14.50000000000000400, 0.7853981633974482800 ) ;
#5349 = AXIS2_PLACEMENT_3D ( 'NONE', #2503, #2502, #2497 ) ;
#5350 = CONICAL_SURFACE ( 'NONE', #5349, 15.00000000000000000, 0.7853981633974482800 ) ;
#5351 = AXIS2_PLACEMENT_3D ( 'NONE', #2506, #2513, #2514 ) ;
#5352 = AXIS2_PLACEMENT_3D ( 'NONE', #2494, #2492, #2488 ) ;
#5353 = CONICAL_SURFACE ( 'NONE', #5352, 15.00000000000000000, 0.7853981633974482800 ) ;
#5354 = AXIS2_PLACEMENT_3D ( 'NONE', #2571, #2572, #2573 ) ;
#5355 = CIRCLE ( 'NONE', #5329, 15.00000000000000000 ) ;
#5356 = AXIS2_PLACEMENT_3D ( 'NONE', #2487, #2483, #2490 ) ;
#5357 = AXIS2_PLACEMENT_3D ( 'NONE', #2482, #2474, #2485 ) ;
#5358 = AXIS2_PLACEMENT_3D ( 'NONE', #2478, #2473, #2480 ) ;
#5359 = AXIS2_PLACEMENT_3D ( 'NONE', #2467, #2475, #2476 ) ;
#5360 = AXIS2_PLACEMENT_3D ( 'NONE', #2466, #2469, #2470 ) ;
#5361 = AXIS2_PLACEMENT_3D ( 'NONE', #3526, #3522, #1178 ) ;
#5362 = AXIS2_PLACEMENT_3D ( 'NONE', #3521, #3517, #3524 ) ;
#5363 = AXIS2_PLACEMENT_3D ( 'NONE', #3516, #3512, #3519 ) ;
#5364 = AXIS2_PLACEMENT_3D ( 'NONE', #3511, #3507, #3514 ) ;
#5365 = AXIS2_PLACEMENT_3D ( 'NONE', #3506, #3502, #3509 ) ;
#5366 = AXIS2_PLACEMENT_3D ( 'NONE', #3501, #3497, #3504 ) ;
#5367 = AXIS2_PLACEMENT_3D ( 'NONE', #3496, #3492, #3499 ) ;
#5368 = AXIS2_PLACEMENT_3D ( 'NONE', #3491, #3487, #3494 ) ;
#5369 = AXIS2_PLACEMENT_3D ( 'NONE', #3486, #3482, #3489 ) ;
#5370 = AXIS2_PLACEMENT_3D ( 'NONE', #3481, #3477, #3484 ) ;
#5371 = AXIS2_PLACEMENT_3D ( 'NONE', #3469, #3467, #3459 ) ;
#5372 = CONICAL_SURFACE ( 'NONE', #5371, 14.50000000000000400, 0.7853981633974482800 ) ;
#5373 = AXIS2_PLACEMENT_3D ( 'NONE', #2559, #2553, #2560 ) ;
#5374 = AXIS2_PLACEMENT_3D ( 'NONE', #2493, #2499, #2500 ) ;
#5375 = AXIS2_PLACEMENT_3D ( 'NONE', #3463, #3454, #3465 ) ;
#5376 = AXIS2_PLACEMENT_3D ( 'NONE', #3449, #3460, #3461 ) ;
#5377 = AXIS2_PLACEMENT_3D ( 'NONE', #3444, #3455, #3456 ) ;
#5378 = AXIS2_PLACEMENT_3D ( 'NONE', #3439, #3450, #3451 ) ;
#5379 = AXIS2_PLACEMENT_3D ( 'NONE', #3435, #3434, #3429 ) ;
#5380 = CONICAL_SURFACE ( 'NONE', #5379, 15.00000000000000000, 0.7853981633974482800 ) ;
#5381 = AXIS2_PLACEMENT_3D ( 'NONE', #2516, #2512, #2518 ) ;
#5382 = AXIS2_PLACEMENT_3D ( 'NONE', #3426, #3424, #3421 ) ;
#5383 = CONICAL_SURFACE ( 'NONE', #5382, 15.00000000000000000, 0.7853981633974482800 ) ;
#5384 = AXIS2_PLACEMENT_3D ( 'NONE', #3422, #3420, #3417 ) ;
#5385 = CONICAL_SURFACE ( 'NONE', #5384, 15.00000000000000000, 0.7853981633974482800 ) ;
#5386 = AXIS2_PLACEMENT_3D ( 'NONE', #3418, #3416, #3413 ) ;
#5387 = CONICAL_SURFACE ( 'NONE', #5386, 14.50000000000000400, 0.7853981633974482800 ) ;
#5388 = AXIS2_PLACEMENT_3D ( 'NONE', #3476, #3472, #3479 ) ;
#5389 = AXIS2_PLACEMENT_3D ( 'NONE', #3414, #3412, #3405 ) ;
#5390 = CONICAL_SURFACE ( 'NONE', #5389, 15.00000000000000000, 0.7853981633974482800 ) ;
#5391 = VECTOR ( 'NONE', #2599, 1000.000000000000000 ) ;
#5392 = AXIS2_PLACEMENT_3D ( 'NONE', #3425, #3431, #3432 ) ;
#5393 = AXIS2_PLACEMENT_3D ( 'NONE', #3438, #3445, #3446 ) ;
#5394 = AXIS2_PLACEMENT_3D ( 'NONE', #3430, #3440, #3441 ) ;
#5395 = AXIS2_PLACEMENT_3D ( 'NONE', #3396, #3394, #3382 ) ;
#5396 = CONICAL_SURFACE ( 'NONE', #5395, 14.50000000000000400, 0.7853981633974482800 ) ;
#5397 = AXIS2_PLACEMENT_3D ( 'NONE', #3399, #3406, #3407 ) ;
#5398 = AXIS2_PLACEMENT_3D ( 'NONE', #3471, #3468, #3474 ) ;
#5399 = AXIS2_PLACEMENT_3D ( 'NONE', #3381, #3380, #3376 ) ;
#5400 = CONICAL_SURFACE ( 'NONE', #5399, 14.50000000000000400, 0.7853981633974482800 ) ;
#5401 = CONICAL_SURFACE ( 'NONE', #5250, 1.219500000000000000, 1.047197551196600700 ) ;
#5402 = AXIS2_PLACEMENT_3D ( 'NONE', #3354, #3357, #3358 ) ;
#5403 = DESIGN_CONTEXT ( 'detailed design', #2463, 'design' ) ;
#5404 =( BOUNDED_CURVE ( )  B_SPLINE_CURVE ( 3, ( #4593, #4647, #4646, #4648 ),
 .UNSPECIFIED., .F., .T. ) 
 B_SPLINE_CURVE_WITH_KNOTS ( ( 4, 4 ),
 ( 4.740462298519063600, 4.773557798691228100 ),
 .UNSPECIFIED. ) 
 CURVE ( )  GEOMETRIC_REPRESENTATION_ITEM ( )  RATIONAL_B_SPLINE_CURVE ( ( 1.000000000000000000, 0.9999087260718380100, 0.9999087260718380100, 1.000000000000000000 ) ) 
 REPRESENTATION_ITEM ( '' )  );
#5405 =( BOUNDED_CURVE ( )  B_SPLINE_CURVE ( 3, ( #4650, #4651, #4658, #4628 ),
 .UNSPECIFIED., .F., .T. ) 
 B_SPLINE_CURVE_WITH_KNOTS ( ( 4, 4 ),
 ( 1.542723008660523700, 1.603863402084222600 ),
 .UNSPECIFIED. ) 
 CURVE ( )  GEOMETRIC_REPRESENTATION_ITEM ( )  RATIONAL_B_SPLINE_CURVE ( ( 1.000000000000000000, 0.9996885119502234600, 0.9996885119502234600, 1.000000000000000000 ) ) 
 REPRESENTATION_ITEM ( '' )  );
#5406 = UNCERTAINTY_MEASURE_WITH_UNIT (LENGTH_MEASURE( 1.000000000000000100E-005 ), #2908, 'distance_accuracy_value', 'NONE');
#5407 =( BOUNDED_CURVE ( )  B_SPLINE_CURVE ( 3, ( #4660, #4611, #4684, #4653 ),
 .UNSPECIFIED., .F., .T. ) 
 B_SPLINE_CURVE_WITH_KNOTS ( ( 4, 4 ),
 ( 1.537729251505571800, 1.598869644929270800 ),
 .UNSPECIFIED. ) 
 CURVE ( )  GEOMETRIC_REPRESENTATION_ITEM ( )  RATIONAL_B_SPLINE_CURVE ( ( 1.000000000000000000, 0.9996885119502234600, 0.9996885119502234600, 1.000000000000000000 ) ) 
 REPRESENTATION_ITEM ( '' )  );
#5408 =( BOUNDED_CURVE ( )  B_SPLINE_CURVE ( 3, ( #4627, #4624, #4698, #4697 ),
 .UNSPECIFIED., .F., .T. ) 
 B_SPLINE_CURVE_WITH_KNOTS ( ( 4, 4 ),
 ( 4.745456055674014600, 4.773557798691228100 ),
 .UNSPECIFIED. ) 
 CURVE ( )  GEOMETRIC_REPRESENTATION_ITEM ( )  RATIONAL_B_SPLINE_CURVE ( ( 1.000000000000000000, 0.9999341920859816700, 0.9999341920859816700, 1.000000000000000000 ) ) 
 REPRESENTATION_ITEM ( '' )  );
#5409 = ADVANCED_FACE ( 'NONE', ( #3352, #3353 ), #3356, .T. ) ;
#5410 = ADVANCED_FACE ( 'NONE', ( #3359 ), #570, .T. ) ;
#5411 = ADVANCED_FACE ( 'NONE', ( #3363 ), #5401, .T. ) ;
#5412 = ADVANCED_FACE ( 'NONE', ( #3367 ), #3370, .T. ) ;
#5413 = ADVANCED_FACE ( 'NONE', ( #3373, #3374 ), #3375, .T. ) ;
#5414 = ADVANCED_FACE ( 'NONE', ( #3379 ), #5400, .T. ) ;
#5415 = ADVANCED_FACE ( 'NONE', ( #3383, #3384 ), #3385, .T. ) ;
#5416 = ADVANCED_FACE ( 'NONE', ( #3389 ), #3391, .T. ) ;
#5417 = ADVANCED_FACE ( 'NONE', ( #3393 ), #5396, .T. ) ;
#5418 = ADVANCED_FACE ( 'NONE', ( #3397 ), #3398, .T. ) ;
#5419 = ADVANCED_FACE ( 'NONE', ( #3403 ), #3404, .F. ) ;
#5420 = ADVANCED_FACE ( 'NONE', ( #3408 ), #640, .T. ) ;
#5421 = ADVANCED_FACE ( 'NONE', ( #3411 ), #5390, .T. ) ;
#5422 = ADVANCED_FACE ( 'NONE', ( #3415 ), #5387, .T. ) ;
#5423 = ADVANCED_FACE ( 'NONE', ( #3419 ), #5385, .T. ) ;
#5424 =( BOUNDED_CURVE ( )  B_SPLINE_CURVE ( 3, ( #4614, #4649, #4637, #4629 ),
 .UNSPECIFIED., .F., .T. ) 
 B_SPLINE_CURVE_WITH_KNOTS ( ( 4, 4 ),
 ( 1.603863402084222400, 1.631965145101435900 ),
 .UNSPECIFIED. ) 
 CURVE ( )  GEOMETRIC_REPRESENTATION_ITEM ( )  RATIONAL_B_SPLINE_CURVE ( ( 1.000000000000000000, 0.9999341920859816700, 0.9999341920859816700, 1.000000000000000000 ) ) 
 REPRESENTATION_ITEM ( '' )  );
#5425 = ADVANCED_FACE ( 'NONE', ( #3423 ), #5383, .T. ) ;
#5426 = ADVANCED_FACE ( 'NONE', ( #3427 ), #3428, .F. ) ;
#5427 = ADVANCED_FACE ( 'NONE', ( #3433 ), #5380, .T. ) ;
#5428 = ADVANCED_FACE ( 'NONE', ( #3436 ), #3437, .T. ) ;
#5429 = ADVANCED_FACE ( 'NONE', ( #3442 ), #3443, .T. ) ;
#5430 = ADVANCED_FACE ( 'NONE', ( #3447 ), #3448, .F. ) ;
#5431 = ADVANCED_FACE ( 'NONE', ( #3452 ), #3453, .F. ) ;
#5432 = ADVANCED_FACE ( 'NONE', ( #3457 ), #3458, .F. ) ;
#5433 = ADVANCED_FACE ( 'NONE', ( #3462 ), #3464, .T. ) ;
#5434 = ADVANCED_FACE ( 'NONE', ( #3466 ), #5372, .T. ) ;
#5435 =( BOUNDED_CURVE ( )  B_SPLINE_CURVE ( 3, ( #4374, #4589, #4652, #4691 ),
 .UNSPECIFIED., .F., .T. ) 
 B_SPLINE_CURVE_WITH_KNOTS ( ( 4, 4 ),
 ( 4.740462298519063600, 4.773557798691228100 ),
 .UNSPECIFIED. ) 
 CURVE ( )  GEOMETRIC_REPRESENTATION_ITEM ( )  RATIONAL_B_SPLINE_CURVE ( ( 1.000000000000000000, 0.9999087260718380100, 0.9999087260718380100, 1.000000000000000000 ) ) 
 REPRESENTATION_ITEM ( '' )  );
#5436 = ADVANCED_FACE ( 'NONE', ( #3470 ), #3473, .F. ) ;
#5437 = ADVANCED_FACE ( 'NONE', ( #3475 ), #3478, .T. ) ;
#5438 = ADVANCED_FACE ( 'NONE', ( #3480 ), #3483, .F. ) ;
#5439 = ADVANCED_FACE ( 'NONE', ( #3485 ), #3488, .F. ) ;
#5440 = ADVANCED_FACE ( 'NONE', ( #3490 ), #3493, .T. ) ;
#5441 = ADVANCED_FACE ( 'NONE', ( #3495 ), #3498, .F. ) ;
#5442 = ADVANCED_FACE ( 'NONE', ( #3500 ), #3503, .F. ) ;
#5443 = ADVANCED_FACE ( 'NONE', ( #3505 ), #3508, .F. ) ;
#5444 = ADVANCED_FACE ( 'NONE', ( #3510 ), #3513, .T. ) ;
#5445 = ADVANCED_FACE ( 'NONE', ( #3515 ), #3518, .F. ) ;
#5446 = ADVANCED_FACE ( 'NONE', ( #3520 ), #3523, .F. ) ;
#5447 = ADVANCED_FACE ( 'NONE', ( #3525 ), #3527, .F. ) ;
#5448 = ADVANCED_FACE ( 'NONE', ( #2465 ), #2468, .F. ) ;
#5449 = ADVANCED_FACE ( 'NONE', ( #2471 ), #2472, .T. ) ;
#5450 = ADVANCED_FACE ( 'NONE', ( #2477 ), #2479, .F. ) ;
#5451 = ADVANCED_FACE ( 'NONE', ( #2481 ), #2484, .T. ) ;
#5452 = ADVANCED_FACE ( 'NONE', ( #2486 ), #2489, .F. ) ;
#5453 = ADVANCED_FACE ( 'NONE', ( #2491 ), #5353, .T. ) ;
#5454 = ADVANCED_FACE ( 'NONE', ( #2495 ), #2496, .F. ) ;
#5455 =( BOUNDED_CURVE ( )  B_SPLINE_CURVE ( 3, ( #1396, #1389, #1388, #1387 ),
 .UNSPECIFIED., .F., .F. ) 
 B_SPLINE_CURVE_WITH_KNOTS ( ( 4, 4 ),
 ( 1.537729251505571800, 1.598869644929270800 ),
 .UNSPECIFIED. ) 
 CURVE ( )  GEOMETRIC_REPRESENTATION_ITEM ( )  RATIONAL_B_SPLINE_CURVE ( ( 1.000000000000000000, 0.9996885119502234600, 0.9996885119502234600, 1.000000000000000000 ) ) 
 REPRESENTATION_ITEM ( '' )  );
#5456 = ADVANCED_FACE ( 'NONE', ( #2501 ), #5350, .T. ) ;
#5457 = ADVANCED_FACE ( 'NONE', ( #2504 ), #5348, .T. ) ;
#5458 = ADVANCED_FACE ( 'NONE', ( #2509, #2510 ), #2511, .T. ) ;
#5459 =( BOUNDED_CURVE ( )  B_SPLINE_CURVE ( 3, ( #1405, #1385, #1384, #1383 ),
 .UNSPECIFIED., .F., .T. ) 
 B_SPLINE_CURVE_WITH_KNOTS ( ( 4, 4 ),
 ( 4.740462298519063600, 4.773557798691228100 ),
 .UNSPECIFIED. ) 
 CURVE ( )  GEOMETRIC_REPRESENTATION_ITEM ( )  RATIONAL_B_SPLINE_CURVE ( ( 1.000000000000000000, 0.9999087260718380100, 0.9999087260718380100, 1.000000000000000000 ) ) 
 REPRESENTATION_ITEM ( '' )  );
#5460 = ADVANCED_FACE ( 'NONE', ( #2515 ), #2517, .F. ) ;
#5461 = ADVANCED_FACE ( 'NONE', ( #2519 ), #2522, .T. ) ;
#5462 =( BOUNDED_CURVE ( )  B_SPLINE_CURVE ( 3, ( #4368, #4361, #4357, #4356 ),
 .UNSPECIFIED., .F., .T. ) 
 B_SPLINE_CURVE_WITH_KNOTS ( ( 4, 4 ),
 ( 4.745456055674014600, 4.773557798691228100 ),
 .UNSPECIFIED. ) 
 CURVE ( )  GEOMETRIC_REPRESENTATION_ITEM ( )  RATIONAL_B_SPLINE_CURVE ( ( 1.000000000000000000, 0.9999341920859816700, 0.9999341920859816700, 1.000000000000000000 ) ) 
 REPRESENTATION_ITEM ( '' )  );
#5463 = ADVANCED_FACE ( 'NONE', ( #2524 ), #2527, .F. ) ;
#5464 = ADVANCED_FACE ( 'NONE', ( #2529 ), #5342, .T. ) ;
#5465 = ADVANCED_FACE ( 'NONE', ( #2533 ), #5340, .T. ) ;
#5466 = ADVANCED_FACE ( 'NONE', ( #2538, #2539 ), #2540, .F. ) ;
#5467 = ADVANCED_FACE ( 'NONE', ( #2544 ), #5337, .T. ) ;
#5468 = ADVANCED_FACE ( 'NONE', ( #2547 ), #5335, .F. ) ;
#5469 = ADVANCED_FACE ( 'NONE', ( #2551 ), #2554, .F. ) ;
#5470 = ADVANCED_FACE ( 'NONE', ( #2557, #2558 ), #2556, .T. ) ;
#5471 = EDGE_CURVE ( 'NONE', #3772, #3774, #1895, .T. ) ;
#5472 = EDGE_CURVE ( 'NONE', #3773, #3771, #5344, .T. ) ;
#5473 = EDGE_CURVE ( 'NONE', #3771, #3766, #1907, .T. ) ;
#5474 =( BOUNDED_CURVE ( )  B_SPLINE_CURVE ( 3, ( #1382, #1373, #1372, #1371 ),
 .UNSPECIFIED., .F., .T. ) 
 B_SPLINE_CURVE_WITH_KNOTS ( ( 4, 4 ),
 ( 1.598869644929270500, 1.631965145101435400 ),
 .UNSPECIFIED. ) 
 CURVE ( )  GEOMETRIC_REPRESENTATION_ITEM ( )  RATIONAL_B_SPLINE_CURVE ( ( 1.000000000000000000, 0.9999087260718380100, 0.9999087260718380100, 1.000000000000000000 ) ) 
 REPRESENTATION_ITEM ( '' )  );
#5475 = EDGE_CURVE ( 'NONE', #3766, #3769, #5333, .T. ) ;
#5476 = EDGE_CURVE ( 'NONE', #3769, #3773, #1885, .T. ) ;
#5477 = EDGE_CURVE ( 'NONE', #3781, #3767, #2591, .T. ) ;
#5478 = EDGE_CURVE ( 'NONE', #3774, #3767, #5355, .T. ) ;
#5479 = MANIFOLD_SOLID_BREP ( '31', #153 ) ;
#5480 = EDGE_CURVE ( 'NONE', #3774, #3775, #2594, .T. ) ;
#5481 = EDGE_CURVE ( 'NONE', #3790, #3773, #5330, .T. ) ;
#5482 = EDGE_CURVE ( 'NONE', #3773, #3781, #1898, .T. ) ;
#5483 = EDGE_CURVE ( 'NONE', #3781, #3775, #5325, .T. ) ;
#5484 = EDGE_CURVE ( 'NONE', #3775, #3790, #1890, .T. ) ;
#5485 = EDGE_CURVE ( 'NONE', #3780, #3772, #1900, .T. ) ;
#5486 = EDGE_CURVE ( 'NONE', #3772, #3779, #5327, .T. ) ;
#5487 = EDGE_CURVE ( 'NONE', #3779, #5220, #1893, .T. ) ;
#5488 = EDGE_CURVE ( 'NONE', #3778, #3780, #2635, .T. ) ;
#5489 = EDGE_CURVE ( 'NONE', #5227, #3780, #5323, .T. ) ;
#5490 = EDGE_CURVE ( 'NONE', #5213, #3787, #1892, .T. ) ;
#5491 = EDGE_CURVE ( 'NONE', #3787, #3790, #5318, .T. ) ;
#5492 = EDGE_CURVE ( 'NONE', #3790, #3778, #1899, .T. ) ;
#5493 =( BOUNDED_CURVE ( )  B_SPLINE_CURVE ( 3, ( #1397, #1398, #1392, #1391 ),
 .UNSPECIFIED., .F., .F. ) 
 B_SPLINE_CURVE_WITH_KNOTS ( ( 4, 4 ),
 ( 4.745456055674014600, 4.773557798691228100 ),
 .UNSPECIFIED. ) 
 CURVE ( )  GEOMETRIC_REPRESENTATION_ITEM ( )  RATIONAL_B_SPLINE_CURVE ( ( 1.000000000000000000, 0.9999341920859816700, 0.9999341920859816700, 1.000000000000000000 ) ) 
 REPRESENTATION_ITEM ( '' )  );
#5494 = EDGE_CURVE ( 'NONE', #3778, #5214, #5316, .T. ) ;
#5495 = EDGE_CURVE ( 'NONE', #3679, #3779, #1897, .T. ) ;
#5496 = EDGE_CURVE ( 'NONE', #3793, #5238, #5314, .T. ) ;
#5497 = EDGE_CURVE ( 'NONE', #3779, #5228, #5321, .T. ) ;
#5498 = EDGE_CURVE ( 'NONE', #4198, #3679, #2673, .T. ) ;
#5499 = EDGE_CURVE ( 'NONE', #5209, #3679, #5310, .T. ) ;
#5500 = EDGE_CURVE ( 'NONE', #5200, #3787, #5309, .T. ) ;
#5501 = EDGE_CURVE ( 'NONE', #3787, #4198, #3672, .T. ) ;
#5502 = EDGE_CURVE ( 'NONE', #4198, #5218, #5305, .T. ) ;
#5503 = EDGE_CURVE ( 'NONE', #5087, #5215, #3664, .T. ) ;
#5504 = EDGE_CURVE ( 'NONE', #5216, #3776, #5320, .T. ) ;
#5505 = EDGE_CURVE ( 'NONE', #3776, #4197, #3669, .T. ) ;
#5506 = EDGE_CURVE ( 'NONE', #4196, #5087, #2711, .T. ) ;
#5507 = EDGE_CURVE ( 'NONE', #4197, #5087, #5307, .T. ) ;
#5508 = EDGE_CURVE ( 'NONE', #4197, #3782, #2722, .T. ) ;
#5509 = EDGE_CURVE ( 'NONE', #5222, #3783, #3661, .T. ) ;
#5510 = EDGE_CURVE ( 'NONE', #3783, #3680, #3677, .T. ) ;
#5511 = EDGE_CURVE ( 'NONE', #3680, #5180, #3665, .T. ) ;
#5512 = EDGE_CURVE ( 'NONE', #3811, #5200, #5297, .T. ) ;
#5513 = EDGE_CURVE ( 'NONE', #5237, #4196, #3668, .T. ) ;
#5514 = EDGE_CURVE ( 'NONE', #4196, #3782, #5295, .T. ) ;
#5515 = EDGE_CURVE ( 'NONE', #3782, #3811, #3678, .T. ) ;
#5516 = EDGE_CURVE ( 'NONE', #3777, #3776, #3660, .T. ) ;
#5517 = EDGE_CURVE ( 'NONE', #3776, #3786, #5298, .T. ) ;
#5518 = EDGE_CURVE ( 'NONE', #3786, #3795, #3659, .T. ) ;
#5519 = EDGE_CURVE ( 'NONE', #3784, #3777, #2783, .T. ) ;
#5520 = EDGE_CURVE ( 'NONE', #3795, #3777, #5293, .T. ) ;
#5521 = EDGE_CURVE ( 'NONE', #3795, #3789, #2792, .T. ) ;
#5522 = EDGE_CURVE ( 'NONE', #3788, #3811, #5288, .T. ) ;
#5523 = EDGE_CURVE ( 'NONE', #3811, #3784, #3662, .T. ) ;
#5524 = EDGE_CURVE ( 'NONE', #3784, #3789, #5285, .T. ) ;
#5525 = EDGE_CURVE ( 'NONE', #3789, #3788, #3666, .T. ) ;
#5526 = EDGE_CURVE ( 'NONE', #3785, #3786, #3663, .T. ) ;
#5527 = EDGE_CURVE ( 'NONE', #3786, #3681, #5287, .T. ) ;
#5528 = EDGE_CURVE ( 'NONE', #5084, #3806, #3676, .T. ) ;
#5529 = EDGE_CURVE ( 'NONE', #3681, #3803, #3667, .T. ) ;
#5530 = EDGE_CURVE ( 'NONE', #3812, #3785, #2847, .T. ) ;
#5531 = EDGE_CURVE ( 'NONE', #3803, #3785, #5281, .T. ) ;
#5532 = EDGE_CURVE ( 'NONE', #3803, #3796, #2850, .T. ) ;
#5533 = EDGE_CURVE ( 'NONE', #3801, #3788, #5279, .T. ) ;
#5534 = EDGE_CURVE ( 'NONE', #3788, #3812, #3674, .T. ) ;
#5535 = EDGE_CURVE ( 'NONE', #3812, #3796, #5276, .T. ) ;
#5536 = EDGE_CURVE ( 'NONE', #3796, #3801, #3671, .T. ) ;
#5537 = EDGE_CURVE ( 'NONE', #3806, #3815, #5274, .T. ) ;
#5538 = EDGE_CURVE ( 'NONE', #3792, #3681, #3675, .T. ) ;
#5539 = EDGE_CURVE ( 'NONE', #3681, #3798, #5272, .T. ) ;
#5540 = EDGE_CURVE ( 'NONE', #3798, #3808, #3673, .T. ) ;
#5541 = EDGE_CURVE ( 'NONE', #3797, #3792, #2901, .T. ) ;
#5542 = EDGE_CURVE ( 'NONE', #3808, #3792, #5278, .T. ) ;
#5543 = EDGE_CURVE ( 'NONE', #3808, #3800, #2882, .T. ) ;
#5544 =( BOUNDED_CURVE ( )  B_SPLINE_CURVE ( 3, ( #4596, #4630, #4631, #4633 ),
 .UNSPECIFIED., .F., .T. ) 
 B_SPLINE_CURVE_WITH_KNOTS ( ( 4, 4 ),
 ( 1.598869644929269900, 1.631965145101434300 ),
 .UNSPECIFIED. ) 
 CURVE ( )  GEOMETRIC_REPRESENTATION_ITEM ( )  RATIONAL_B_SPLINE_CURVE ( ( 1.000000000000000000, 0.9999087260718380100, 0.9999087260718380100, 1.000000000000000000 ) ) 
 REPRESENTATION_ITEM ( '' )  );
#5545 =( BOUNDED_CURVE ( )  B_SPLINE_CURVE ( 3, ( #1390, #1381, #1380, #1379 ),
 .UNSPECIFIED., .F., .T. ) 
 B_SPLINE_CURVE_WITH_KNOTS ( ( 4, 4 ),
 ( 1.603863402084222000, 1.631965145101434300 ),
 .UNSPECIFIED. ) 
 CURVE ( )  GEOMETRIC_REPRESENTATION_ITEM ( )  RATIONAL_B_SPLINE_CURVE ( ( 1.000000000000000000, 0.9999341920859816700, 0.9999341920859816700, 1.000000000000000000 ) ) 
 REPRESENTATION_ITEM ( '' )  );
#5546 =( BOUNDED_CURVE ( )  B_SPLINE_CURVE ( 3, ( #4592, #4623, #4584, #4659 ),
 .UNSPECIFIED., .F., .T. ) 
 B_SPLINE_CURVE_WITH_KNOTS ( ( 4, 4 ),
 ( 1.537729251505571800, 1.598869644929270800 ),
 .UNSPECIFIED. ) 
 CURVE ( )  GEOMETRIC_REPRESENTATION_ITEM ( )  RATIONAL_B_SPLINE_CURVE ( ( 1.000000000000000000, 0.9996885119502234600, 0.9996885119502234600, 1.000000000000000000 ) ) 
 REPRESENTATION_ITEM ( '' )  );
#5547 =( BOUNDED_CURVE ( )  B_SPLINE_CURVE ( 3, ( #1386, #1377, #1376, #1375 ),
 .UNSPECIFIED., .F., .T. ) 
 B_SPLINE_CURVE_WITH_KNOTS ( ( 4, 4 ),
 ( 1.542723008660522800, 1.603863402084222600 ),
 .UNSPECIFIED. ) 
 CURVE ( )  GEOMETRIC_REPRESENTATION_ITEM ( )  RATIONAL_B_SPLINE_CURVE ( ( 1.000000000000000000, 0.9996885119502234600, 0.9996885119502234600, 1.000000000000000000 ) ) 
 REPRESENTATION_ITEM ( '' )  );
#5548 = PRODUCT_DEFINITION_SHAPE ( 'NONE', 'NONE',  #1913 ) ;
#5549 =( BOUNDED_CURVE ( )  B_SPLINE_CURVE ( 3, ( #4600, #4613, #4632, #4595 ),
 .UNSPECIFIED., .F., .T. ) 
 B_SPLINE_CURVE_WITH_KNOTS ( ( 4, 4 ),
 ( 1.603863402084222600, 1.631965145101435900 ),
 .UNSPECIFIED. ) 
 CURVE ( )  GEOMETRIC_REPRESENTATION_ITEM ( )  RATIONAL_B_SPLINE_CURVE ( ( 1.000000000000000000, 0.9999341920859816700, 0.9999341920859816700, 1.000000000000000000 ) ) 
 REPRESENTATION_ITEM ( '' )  );
#5550 =( BOUNDED_CURVE ( )  B_SPLINE_CURVE ( 3, ( #4588, #4694, #4695, #4692 ),
 .UNSPECIFIED., .F., .T. ) 
 B_SPLINE_CURVE_WITH_KNOTS ( ( 4, 4 ),
 ( 1.542723008660523700, 1.603863402084222600 ),
 .UNSPECIFIED. ) 
 CURVE ( )  GEOMETRIC_REPRESENTATION_ITEM ( )  RATIONAL_B_SPLINE_CURVE ( ( 1.000000000000000000, 0.9996885119502234600, 0.9996885119502234600, 1.000000000000000000 ) ) 
 REPRESENTATION_ITEM ( '' )  );
#5551 =( BOUNDED_CURVE ( )  B_SPLINE_CURVE ( 3, ( #4640, #4619, #4620, #4622 ),
 .UNSPECIFIED., .F., .T. ) 
 B_SPLINE_CURVE_WITH_KNOTS ( ( 4, 4 ),
 ( 1.598869644929270500, 1.631965145101435400 ),
 .UNSPECIFIED. ) 
 CURVE ( )  GEOMETRIC_REPRESENTATION_ITEM ( )  RATIONAL_B_SPLINE_CURVE ( ( 1.000000000000000000, 0.9999087260718380100, 0.9999087260718380100, 1.000000000000000000 ) ) 
 REPRESENTATION_ITEM ( '' )  );
ENDSEC;
END-ISO-10303-21;
